"Rank","Name","Symbol","marketcap","price (USD)","country"
"1","NVIDIA","NVDA","5450701996032","225.73","United States"
"2","Apple","AAPL","4614971719680","316.22","United States"
"3","Alphabet (Google)","GOOG","4101675679744","335.38","United States"
"4","Microsoft","MSFT","3667848331264","493.95","United States"
"5","Amazon","AMZN","2771758874624","256.97","United States"
"6","TSMC","TSM","2276862197760","439","Taiwan"
"7","SpaceX","SPCX","2023007846400","153.47","United States"
"8","Broadcom","AVGO","1753453821952","368.56","United States"
"9","Saudi Aramco","2222.SR","1678856552070","6.94008","Saudi Arabia"
"10","Meta Platforms (Facebook)","META","1562844069888","613.48","United States"
"11","Tesla","TSLA","1454065451008","368.16","United States"
"12","Samsung","005930.KS","1317056766660","200.57","South Korea"
"13","Micron Technology","MU","1129686761472","1000.26","United States"
"14","Berkshire Hathaway","BRK-B","1082835206144","505.83","United States"
"15","Eli Lilly","LLY","1002237067264","1123.91","United States"
"16","SK Hynix","000660.KS","958354185887","1350.07","South Korea"
"17","JPMorgan Chase","JPM","939695472640","353.51","United States"
"18","Walmart","WMT","843954323456","106.05","United States"
"19","AMD","AMD","825607913472","505.74","United States"
"20","Visa","V","688268312576","368.64","United States"
"21","ASML","ASML","677878890496","1764.85","Netherlands"
"22","Exxon Mobil","XOM","660619788288","160.66","United States"
"23","Johnson & Johnson","JNJ","648551858176","269.12","United States"
"24","CXMT","688825.SS","616228194046","8.70194","China"
"25","Intel","INTC","552239431680","104.47","United States"
"26","Mastercard","MA","500105314304","570.89","United States"
"27","Tencent","TCEHY","499524900000","55.3","China"
"28","Oracle","ORCL","468134166528","162.52","United States"
"29","AbbVie","ABBV","439623450624","248.78","United States"
"30","Bank of America","BAC","436277575680","62.39","United States"
"31","Cisco","CSCO","430412201984","109.17","United States"
"32","China Construction Bank","601939.SS","416377377191","1.59165","China"
"33","Chevron","CVX","411544387584","209.8","United States"
"34","Palantir","PLTR","409240862720","170.3","United States"
"35","Costco","COST","403645530112","910.18","United States"
"36","Lam Research","LRCX","400948264960","320.42","United States"
"37","Coca-Cola","KO","380173221888","88.36","United States"
"38","Caterpillar","CAT","378073382912","822.48","United States"
"39","Applied Materials","AMAT","375204937728","472.79","United States"
"40","Merck","MRK","366276313088","148.46","United States"
"41","HSBC","HSBC","364029018112","106.26","United Kingdom"
"42","UnitedHealth","UNH","359791919104","400.84","United States"
"43","Agricultural Bank of China","601288.SS","353206866581","1.00921","China"
"44","Roche","RO.SW","351667849895","441.369","Switzerland"
"45","General Electric","GE","347490058240","334.91","United States"
"46","Dell","DELL","344962498560","533.88","United States"
"47","ICBC","1398.HK","341377477090","0.957832","China"
"48","Morgan Stanley","MS","339619250176","216.24","United States"
"49","Procter & Gamble","PG","338134663168","145.58","United States"
"50","Netflix","NFLX","319665635328","76.77","United States"
"51","Home Depot","HD","312975228928","313.7","United States"
"52","Bank of China","601988.SS","306846074555","0.95231","China"
"53","Goldman Sachs","GS","301807894528","1036.53","United States"
"54","Royal Bank Of Canada","RY","289345830912","209","Canada"
"55","Philip Morris International","PM","287922651136","184.73","United States"
"56","Alibaba","BABA","280030347264","112.66","China"
"57","Arm Holdings","ARM","279313678336","261.53","United Kingdom"
"58","Palo Alto Networks","PANW","274638716928","336.98","United States"
"59","Shell","SHEL","272788357120","95.32","United Kingdom"
"60","RTX","RTX","267947786240","198.81","United States"
"61","Wells Fargo","WFC","265990963200","87.96","United States"
"62","Mitsubishi UFJ Financial","MUFG","265636052992","23.6","Japan"
"63","Novartis","NVS","261728436224","137.7","Switzerland"
"64","GE Vernova","GEV","258692464640","971.31","United States"
"65","Nestlé","NESN.SW","255505694644","99.3328","Switzerland"
"66","Sandisk","SNDK","254474764288","1737.99","United States"
"67","SoftBank Group Corp.","9984.T","251986188142","44.2165","Japan"
"68","AstraZeneca","AZN","248205361152","160.04","United Kingdom"
"69","Siemens","SIE.DE","247263636113","316.897","Germany"
"70","KLA","KLAC","246911205376","188.98","United States"
"71","Arista Networks","ANET","245888368640","194.96","United States"
"72","LVMH","MC.PA","244533439423","496.046","France"
"73","Kweichow Moutai","600519.SS","244350358431","195.468","China"
"74","SAP","SAP","244102676480","211.49","Germany"
"75","PetroChina","0857.HK","241596610241","1.32005","China"
"76","L'Oréal","OR.PA","240463618754","451.448","France"
"77","MediaTek","2454.TW","238776654119","149.5","Taiwan"
"78","Texas Instruments","TXN","236458098688","258.92","United States"
"79","BHP Group","BHP","233790455808","91.99","Australia"
"80","CATL","300750.SZ","231331608552","49.9985","China"
"81","Citigroup","C","229372723200","136.74","United States"
"82","Toyota","TM","226711912448","191.45","Japan"
"83","Thermo Fisher Scientific","TMO","222965022720","603.02","United States"
"84","American Express","AXP","220218540032","326.1","United States"
"85","IBM","IBM","218659962880","232.09","United States"
"86","International Holding Company","IHC.AE","218583573289","99.65","United Arab Emirates"
"87","China Mobile","0941.HK","218202593232","10.063","China"
"88","Linde","LIN","215913889792","468.38","United Kingdom"
"89","Santander","SAN","215799971840","14.86","Spain"
"90","CrowdStrike","CRWD","215046799360","210.02","United States"
"91","Amgen","AMGN","212560297984","393.17","United States"
"92","Verizon","VZ","209442226176","50.41","United States"
"93","KIOXIA Holdings Corporation","285A.T","205133271372","374.849","Japan"
"94","Salesforce","CRM","205025755136","249.12","United States"
"95","Seagate Technology","STX","204972769280","904.38","Ireland"
"96","Inditex","ITX.MC","204613352355","65.7209","Spain"
"97","Marvell Technology","MRVL","202577018880","225.41","United States"
"98","Amphenol","APH","201617457152","81.76","United States"
"99","Novo Nordisk","NVO","199558660096","45.16","Denmark"
"100","TotalEnergies","TTE","199361347584","90.1","France"
"101","Toronto Dominion Bank","TD","197473337344","120.52","Canada"
"102","Schneider Electric","SU.PA","195837157995","348.413","France"
"103","Allianz SE","ALV.DE","195401933787","515.183","Germany"
"104","T-Mobile US","TMUS","194893709312","181.69","United States"
"105","Foxconn Industrial Internet","601138.SS","191491053514","9.64978","China"
"106","Commonwealth Bank","CBA.AX","191437178593","114.508","Australia"
"107","Pepsico","PEP","189122691072","138.45","United States"
"108","QUALCOMM","QCOM","185938640896","174.09","United States"
"109","Charles Schwab","SCHW","184814108672","106.87","United States"
"110","Airbus","AIR.PA","184730943755","233.399","Netherlands"
"111","Reliance Industries","RELIANCE.NS","184686686873","13.6477","India"
"112","Prosus","PRX.AS","184097909360","42.1328","Netherlands"
"113","Deere &amp; Company (John Deere)","DE","183542104064","680.73","United States"
"114","Abbott Laboratories","ABT","182590046208","105.52","United States"
"115","Gilead Sciences","GILD","181827026944","146.64","United States"
"116","Walt Disney","DIS","181405712384","105.06","United States"
"117","ABB","ABBN.SW","181238296531","100.062","Switzerland"
"118","McDonald","MCD","181021786112","255.81","United States"
"119","BlackRock","BLK","177971544064","1095.37","United States"
"120","Southern Copper","SCCO","176096313344","208.56","United States"
"121","Analog Devices","ADI","175994191872","363.2","United States"
"122","Hermès","RMS.PA","175706349206","1677.52","France"
"123","DBS Group","D05.SI","175631925560","61.7552","Singapore"
"124","AT&T","T","175421079552","25.6","United States"
"125","Nextera Energy","NEE","174867562496","83.83","United States"
"126","Shopify","SHOP","174015496192","134.1","Canada"
"127","Western Digital","WDC","172086181888","477.3","United States"
"128","Union Pacific Corporation","UNP","171361091584","288.45","United States"
"129","Welltower","WELL","170955718656","237.25","United States"
"130","Sumitomo Mitsui Financial Group","SMFG","169648128000","26.79","Japan"
"131","Rio Tinto","RIO","168864890880","103.83","United Kingdom"
"132","UBS","UBS","168610136064","55.07","Switzerland"
"133","CM Bank","3968.HK","166939606807","6.61937","China"
"134","Boeing","BA","166554681344","210.73","United States"
"135","Rolls-Royce Holdings","RR.L","165363601286","20.0542","United Kingdom"
"136","Eaton","ETN","163955294208","422.13","Ireland"
"137","ConocoPhillips","COP","162228600832","135.04","United States"
"138","Banco Bilbao Vizcaya Argentaria","BBVA","161631174656","29.29","Spain"
"139","Safran","SAF.PA","160758249862","387.952","France"
"140","China Life Insurance","601628.SS","160321116332","5.67213","China"
"141","Blackstone Group","BX","160134053888","133.97","United States"
"142","Advantest","6857.T","159190852899","220.4","Japan"
"143","Pfizer","PFE","158393942016","27.79","United States"
"144","Tokyo Electron","8035.T","158072004772","347.949","Japan"
"145","Zhongji Innolight","300308.SZ","157307515176","134.481","China"
"146","Deutsche Telekom","DTE.DE","157121464849","32.8527","Germany"
"147","Anheuser-Busch Inbev","BUD","156998451200","79.73","Belgium"
"148","CNOOC","0883.HK","156763707326","3.29821","China"
"149","Interactive Brokers","IBKR","154996097024","90.97","United States"
"150","Iberdrola","IBE.MC","154276138120","23.119","Spain"
"151","Hitachi","6501.T","151296819856","33.8007","Japan"
"152","Ping An Insurance","601318.SS","150312323686","8.30104","China"
"153","China Shenhua Energy","601088.SS","149724970718","6.90313","China"
"154","Uber","UBER","149372420096","73.13","United States"
"155","Delta Electronics","2308.TW","148819747695","57.2925","Taiwan"
"156","Siemens Energy","ENR.F","146442132024","172.113","Germany"
"157","UniCredit","UCG.MI","144824773064","96.6608","Italy"
"158","Danaher","DHR","144273817600","205.23","United States"
"159","Corning","GLW","142956019712","165.96","United States"
"160","TJX Companies","TJX","141808648192","128.92","United States"
"161","ServiceNow","NOW","138754621440","134.21","United States"
"162","Recruit","6098.T","137469899349","99.089","Japan"
"163","Sony","SONY","137466806272","23.53","Japan"
"164","Unilever","UL","136818434048","63.54","United Kingdom"
"165","Intesa Sanpaolo","ISP.MI","135928487377","7.77649","Italy"
"166","Booking Holdings (Booking.com)","BKNG","135473905664","180.3","United States"
"167","Mizuho Financial Group","MFG","134828007424","11.14","Japan"
"168","Prologis","PLD","134615212032","138.48","United States"
"169","Petrobras","PBR","134236151808","20.83","Brazil"
"170","Zijin Mining","601899.SS","134182058463","5.0462","China"
"171","Vertex Pharmaceuticals","VRTX","134055493632","528.9","United States"
"172","Newmont","NEM","133913747456","127.09","United States"
"173","Fast Retailing","9983.T","133525315165","435.147","Japan"
"174","Compagnie Financière Richemont","CFR.SW","133418051050","226.924","Switzerland"
"175","BNP Paribas","BNP.PA","132401992845","120.805","France"
"176","Bristol-Myers Squibb","BMY","132143210496","64.69","United States"
"177","Capital One","COF","131261227008","213.96","United States"
"178","Chubb","CB","129875673088","336.64","Switzerland"
"179","Investor AB","INVE-B.ST","129179732354","42.167","Sweden"
"180","Air Liquide","AI.PA","128508520719","201.372","France"
"181","S&P Global","SPGI","126560583680","429.31","United States"
"182","Intuitive Surgical","ISRG","125454639104","350.16","United States"
"183","Progressive","PGR","124878389248","214.9","United States"
"184","Lockheed Martin","LMT","123738464256","536.15","United States"
"185","CVS Health","CVS","122870685696","96.07","United States"
"186","Keyence","6861.T","121749502671","502.008","Japan"
"187","Bank of Montreal","BMO","121675898880","175.05","Canada"
"188","Bharti Airtel","BHARTIARTL.NS","121340876233","19.4498","India"
"189","Parker-Hannifin","PH","120484995072","955.87","United States"
"190","Mitsubishi Corporation","8058.T","118788986486","32.4427","Japan"
"191","British American Tobacco","BTI","118757351424","55.15","United Kingdom"
"192","Snowflake","SNOW","118364397568","335.5","United States"
"193","Medtronic","MDT","118179553280","92.39","Ireland"
"194","BYD","002594.SZ","117626785935","12.9016","China"
"195","Starbucks","SBUX","116291403776","102.01","United States"
"196","BP","BP","115584155648","44.88","United Kingdom"
"197","Fortinet","FTNT","115537895424","157.47","United States"
"198","HDFC Bank","HDB","115502669824","22.48","India"
"199","Altria Group","MO","113826439168","68.17","United States"
"200","PDD Holdings (Pinduoduo)","PDD","113515872256","79.75","China"
"201","Scotiabank","BNS","113156169728","92.84","Canada"
"202","Lowe's Companies","LOW","112659644416","200.8","United States"
"203","OCBC Bank","O39.SI","112569584196","25.0658","Singapore"
"204","Vertiv Holdings","VRT","111966101504","290.83","United States"
"205","Foxconn (Hon Hai Precision Industry)","2317.TW","111853224110","7.98286","Taiwan"
"206","Marathon Petroleum","MPC","111703662592","397.77","United States"
"207","SK Square","402340.KS","111157737963","843.328","South Korea"
"208","BNY Mellon (Bank of New York Mellon)","BNY","110494400512","162.85","United States"
"209","Enbridge","ENB","110252638208","50.48","Canada"
"210","Valero Energy","VLO","110233026560","382.85","United States"
"211","Freeport-McMoRan","FCX","110027669504","76.62","United States"
"212","Accenture","ACN","109555990528","179.03","Ireland"
"213","Zurich Insurance Group","ZURN.SW","109041592664","730.014","Switzerland"
"214","Spotify","SPOT","108680036352","528.64","Sweden"
"215","CaixaBank","CABK.MC","107733021819","15.5076","Spain"
"216","Al Rajhi Bank","1120.SR","106577886209","17.763","Saudi Arabia"
"217","Automatic Data Processing","ADP","106450526208","267.96","United States"
"218","AXA","CS.PA","106162080301","50.7733","France"
"219","CIBC (Canadian Imperial Bank of Commerce)","CM","106101334016","116.86","Canada"
"220","Stryker Corporation","SYK","106031095808","276.43","United States"
"221","ING","ING","106011484160","37.16","Netherlands"
"222","ICICI Bank","IBN","105972293632","29.53","India"
"223","Constellation Energy","CEG","105955622912","299.05","United States"
"224","Robinhood","HOOD","105498312704","117.34","United States"
"225","Grupo México","GMBXF","105482731520","13.48","Mexico"
"226","Canadian Natural Resources","CNQ","104930353152","50.9","Canada"
"227","AppLovin","APP","104816492544","312.01","United States"
"228","Itōchū Shōji","8001.T","104711078699","14.9803","Japan"
"229","Airbnb","ABNB","104512045056","174.54","United States"
"230","Delta Electronics (Thailand)","DELTA.BK","104391339138","8.36884","Thailand"
"231","Phillips 66","PSX","103898300416","259.14","United States"
"232","McKesson","MCK","103662821376","889.12","United States"
"233","ASE Group","ASX","103599849472","39.79","Taiwan"
"234","Sanofi","SNY","103405305856","43.155","France"
"235","Enel","ENEL.MI","103256116195","10.4082","Italy"
"236","Equinor","EQNR","102980354048","43.39","Norway"
"237","Equinix","EQIX","102737944576","1041.21","United States"
"238","Southern Company","SO","102370803712","88.99","United States"
"239","Adobe","ADBE","102260850688","257.26","United States"
"240","Agnico Eagle Mines","AEM","102204686336","201.84","Canada"
"241","China Yangtze Power","600900.SS","101628803810","4.1535","China"
"242","Cloudflare","NET","101233459200","284.3","United States"
"243","AIA","1299.HK","101052147990","9.8079","Hong Kong"
"244","Sinopec","600028.SS","100571681765","0.833085","China"
"245","CME Group","CME","100045742080","278.23","United States"
"246","Cambricon Technologies","688256.SS","99247405294","157.823","China"
"247","Glencore","GLCNF","99175710720","8.45","Switzerland"
"248","State Bank of India","SBIN.NS","98140059085","10.632","India"
"249","Trane Technologies","TT","98130337792","446","Ireland"
"250","MercadoLibre","MELI","97654710272","1926.25","Argentina"
"251","KKR & Co.","KKR","97651228672","105.73","United States"
"252","U.S. Bancorp","USB","97362640896","62.49","United States"
"253","GSK plc","GSK","97216184320","48.54","United Kingdom"
"254","Postal Savings Bank of China","601658.SS","97006738257","0.80775","China"
"255","PNC Financial Services","PNC","96907411456","242.91","United States"
"256","Midea","000333.SZ","96813128701","12.69","China"
"257","General Dynamics","GD","96475275264","356.58","United States"
"258","Quanta Services","PWR","96076939264","639.05","United States"
"259","Bank of Communications","601328.SS","95870103758","1.08495","China"
"260","Tokio Marine","8766.T","95579721557","50.3112","Japan"
"261","Duke Energy","DUK","94531092480","121.24","United States"
"262","Mitsui Bussan","8031.T","94508552701","33.3459","Japan"
"263","Comcast","CMCSA","93435600896","26.33","United States"
"264","Williams Companies","WMB","92752789504","75.83","United States"
"265","Howmet Aerospace","HWM","92334489600","231.53","United States"
"266","Atlas Copco","ATCO-B.ST","91997001083","18.8572","Sweden"
"267","Itaú Unibanco","ITUB","91591761920","8.31","Brazil"
"268","CSX Corporation","CSX","90771267584","49","United States"
"269","NTT (Nippon Telegraph &amp; Telephone)","9432.T","89924583904","1.1098","Japan"
"270","Barclays","BCS","89835995136","26.8","United Kingdom"
"271","Xiaomi","XIACF","89809895424","3.49","China"
"272","Johnson Controls","JCI","88662368256","146.37","Ireland"
"273","Intercontinental Exchange","ICE","88565596160","157.76","United States"
"274","Infineon","IFX.DE","88330919012","67.973","Germany"
"275","Lumentum","LITE","87774584832","978.535","United States"
"276","Brookfield Corporation","BN","87664443392","39.27","Canada"
"277","Intuit","INTU","87239147520","318.93","United States"
"278","Elevance Health","ELV","87168442368","401.94","United States"
"279","Waste Management","WM","87049977856","217.78","United States"
"280","HCA Healthcare","HCA","87037935616","402.02","United States"
"281","DoorDash","DASH","86850240512","200.44","United States"
"282","Tata Consultancy Services","TCS.NS","86844031793","24.0027","India"
"283","Lloyds Banking Group","LYG","86823657472","6","United Kingdom"
"284","Eoptolink Technology","300502.SZ","86522873099","62.0566","China"
"285","3M","MMM","86393823232","167.52","United States"
"286","Marsh & McLennan Companies","MRSH","86146179072","180.52","United States"
"287","National Australia Bank","NAB.AX","85928723067","28.069","Australia"
"288","Marriott International","MAR","85737349120","328.79","United States"
"289","United Parcel Service","UPS","85486534656","100.48","United States"
"290","Westpac Banking","WBC.AX","85446668101","25.0217","Australia"
"291","Emerson","EMR","84869267456","152.15","United States"
"292","SLB (Schlumberger)","SLB","84744577024","57.1","United States"
"293","Monster Beverage","MNST","84533084160","43.15","United States"
"294","Enterprise Products","EPD","83852509184","38.83","United States"
"295","Regeneron Pharmaceuticals","REGN","83425460224","810.31","United States"
"296","Moody's","MCO","83343351808","481.25","United States"
"297","Carvana","CVNA","82824413184","74.72","United States"
"298","Mitsubishi Heavy Industries","7011.T","82748724141","24.6261","Japan"
"299","Murata Manufacturing (Murata Seisakusho)","6981.T","82340690961","45.425","Japan"
"300","Dior","CDI.PA","82113577969","455.148","France"
"301","American Tower","AMT","81883160576","175.73","United States"
"302","Bloom Energy","BE","81648877568","277.22","United States"
"303","TAQA","TAQA.AE","81434161761","0.72","United Arab Emirates"
"304","Simon Property Group","SPG","80434626560","211.88","United States"
"305","ANZ Bank","ANZ.AX","80320231710","26.6753","Australia"
"306","Cintas","CTAS","80233996288","200.5","United States"
"307","Suncor Energy","SU","80160792576","67.89","Canada"
"308","CPKC (Canadian Pacific Kansas City)","CP","80110485504","91.13","Canada"
"309","EssilorLuxottica","EL.PA","79880607576","173.974","France"
"310","Sherwin-Williams","SHW","79160999936","326.09","United States"
"311","ENI","E","79151071232","54.94","Italy"
"312","Mondelez International","MDLZ","78658871296","61.63","United States"
"313","National Grid","NGG","78478934016","78.06","United Kingdom"
"314","Cadence Design Systems","CDNS","78241898496","284.11","United States"
"315","Brookfield Asset Management","BAM","78057684992","48.87","Canada"
"316","Generali","G.MI","78026070811","51.7153","Italy"
"317","Ecolab","ECL","77962182656","278.11","United States"
"318","Apollo Global Management","APO","77839491072","131.81","United States"
"319","General Motors","GM","77592895488","85.79","United States"
"320","Cummins","CMI","77305487360","561.55","United States"
"321","Deutsche Bank","DB","77151748096","41.06","Germany"
"322","BAE Systems","BA.L","77063314385","26.3169","United Kingdom"
"323","Motorola Solutions","MSI","76620316672","462.98","United States"
"324","Japan Tobacco","2914.T","76550487022","43.1183","Japan"
"325","Illinois Tool Works","ITW","76522913792","268.69","United States"
"326","NetEase","NTES","76477882368","119.45","China"
"327","The Travelers Companies","TRV","76267544576","365.66","United States"
"328","EOG Resources","EOG","76245565440","145.36","United States"
"329","Hyundai","005380.KS","75720899316","289.194","South Korea"
"330","Japan Post Bank","7182.T","75566814193","21.2148","Japan"
"331","Datadog","DDOG","75488337920","210.23","United States"
"332","Synopsys","SNPS","75127308288","392.03","United States"
"333","WuXi AppTec","2359.HK","75048165575","24.9215","China"
"334","SoftBank Corp.","9434.T","74624606932","1.56008","Japan"
"335","Hewlett Packard Enterprise","HPE","74377854976","56.03","United States"
"336","FedEx","FDX","74345283584","314.13","United States"
"337","Canadian National Railway","CNI","74257522688","122.76","Canada"
"338","NatWest Group","NWG","74114342912","18.67","United Kingdom"
"339","Energy Transfer LP","ET","74065371136","21.51","United States"
"340","Nu Holdings","NU","74054459392","15.33","Brazil"
"341","Target","TGT","73918627840","162.71","United States"
"342","CITIC Bank","601998.SS","73889475986","1.32787","China"
"343","Vinci","DG.PA","73682219691","133.155","France"
"344","Northrop Grumman","NOC","73671049216","518.58","United States"
"345","Norfolk Southern","NSC","73653575680","327.92","United States"
"346","Ross Stores","ROST","73558310912","229.31","United States"
"347","Volvo Group","VOLV-A.ST","73549708078","36.1699","Sweden"
"348","Munich RE (Münchener Rück)","MUV2.DE","73507600242","584.254","Germany"
"349","The Cigna Group","CI","72885444608","275.83","United States"
"350","Barrick Gold","B","72583503872","44.1","Canada"
"351","Vingroup Company","VIC.VN","72059965516","9.60961","Vietnam"
"352","Manulife Financial","MFC","71978237952","43.38","Canada"
"353","Digital Realty","DLR","71567269888","189.5","United States"
"354","SMIC","0981.HK","71364088219","8.3348","China"
"355","KDDI","9433.T","71360695785","19.3077","Japan"
"356","Ferrari","RACE","71349977088","405.94","Italy"
"357","ENGIE","ENGI.PA","71266799101","28.0498","France"
"358","Kinder Morgan","KMI","71213129728","31.98","United States"
"359","DHL Group (Deutsche Post)","DHL.DE","71151526162","64.1005","Germany"
"360","Royal Caribbean Group","RCL","70741073920","264.5","United States"
"361","Warner Bros. Discovery","WBD","70500687872","28.12","United States"
"362","Colgate-Palmolive","CL","70478053376","88.41","United States"
"363","Wheaton Precious Metals","WPM","70444752896","155.11","Canada"
"364","Nordea Bank","NDA-FI.HE","70231243224","20.6943","Finland"
"365","NAURA Technology Group","002371.SZ","70067403791","96.5529","China"
"366","Sberbank","SBER.ME","69687900615","3.24","Russia"
"367","Bank of China (Hong Kong)","2388.HK","69648079345","6.58749","Hong Kong"
"368","Chugai Pharmaceutical","4519.T","69532490750","42.2542","Japan"
"369","O'Reilly Automotive","ORLY","69481635840","85.89","United States"
"370","Sea Limited","SE","69412872192","113.33","Singapore"
"371","Bajaj Finance","BAJFINANCE.NS","69165730948","11.1183","India"
"372","Ma'aden","1211.SR","68952347691","17.763","Saudi Arabia"
"373","America Movil","AMX","68880973824","23","Mexico"
"374","Hilton Worldwide","HLT","68525514752","304.47","United States"
"375","Mitsubishi Electric","6503.T","68426397066","33.4369","Japan"
"376","American Electric Power","AEP","68278317056","125.42","United States"
"377","Merck KGaA","MRK.DE","68055709431","156.53","Germany"
"378","Macquarie Group Limited","MQG.AX","67943259866","178.264","Australia"
"379","Republic Services","RSG","67865985024","221.63","United States"
"380","Standard Chartered","STAN.L","67644566533","31.0359","United Kingdom"
"381","Shin-Etsu Chemical","4063.T","67459621150","37.1665","Japan"
"382","ADNOC Gas","ADNOCGAS.AE","67287315601","0.88","United Arab Emirates"
"383","The Saudi National Bank","1180.SR","67015715318","11.2916","Saudi Arabia"
"384","Aon","AON","66987094016","315.79","United Kingdom"
"385","Nebius Group","NBIS","66300055552","243.88","Netherlands"
"386","Air Products and Chemicals","APD","66295709696","297.71","United States"
"387","Vale","VALE","66219667456","15.56","Brazil"
"388","TC Energy","TRP","66100113408","63.45","Canada"
"389","Honeywell","HON","65999589376","208.24","United States"
"390","Crédit Agricole","ACA.PA","65514045919","21.7176","France"
"391","Boston Scientific","BSX","65186344960","44.98","United States"
"392","Hong Kong Exchanges & Clearing","0388.HK","64807052900","51.2715","Hong Kong"
"393","Fubon Financial","2881.TW","64630779091","4.72941","Taiwan"
"394","Paccar","PCAR","64479707136","122.5","United States"
"395","Arthur J. Gallagher & Co.","AJG","64456941568","251.45","United States"
"396","Nintendo","7974.T","64161670636","54.9246","Japan"
"397","Allstate","ALL","64089378816","253.46","United States"
"398","Imperial Oil","IMO","63954747392","128.62","Canada"
"399","CITIC Securities","600030.SS","63661337963","4.07452","China"
"400","Luxshare Precision","002475.SZ","63494411619","8.20566","China"
"401","Baker Hughes","BKR","63451721728","63.92","United States"
"402","Panasonic","6752.T","63432064951","27.1666","Japan"
"403","TransDigm Group","TDG","63299358720","1145.14","United States"
"404","United Rentals","URI","63186706432","1015.17","United States"
"405","Société Générale","GLE.PA","63157133491","86.4519","France"
"406","Targa Resources","TRGP","63104909312","294.29","United States"
"407","Argenx","ARGX","62627438592","1007.07","Netherlands"
"408","Anglo American","AAL.L","62475658567","58.3074","United Kingdom"
"409","Wesfarmers","WES.AX","62084749229","54.6866","Australia"
"410","Cencora","COR","61959671808","324.69","United States"
"411","Truist Financial Corporation","TFC","61753204736","50.55","United States"
"412","Oneok","OKE","61467348992","97.51","United States"
"413","LG Energy Solution","373220.KS","61384545758","262.327","South Korea"
"414","Cenovus Energy","CVE","61210488832","33.19","Canada"
"415","KBC","KBCSF","60726423552","152.21","Belgium"
"416","W. W. Grainger","GWW","60721127424","1289.17","United States"
"417","MetLife","MET","60688048128","95.5","United States"
"418","MPLX","MPLX","60659138560","59.83","United States"
"419","Occidental Petroleum","OXY","60628008960","60.65","United States"
"420","RELX","RELX","60584235008","34.7","United Kingdom"
"421","CSL","CSL.AX","60451915811","126.228","Australia"
"422","Cement Roadstone Holding","CRH","60281425920","90.61","Ireland"
"423","National Bank of Canada","NA.TO","59968446265","155.705","Canada"
"424","Monolithic Power Systems","MPWR","59880747008","1218.5","United States"
"425","Nokia","NOK","59625566208","10.65","Finland"
"426","Great-West Lifeco","GWO.TO","59431911191","66.3895","Canada"
"427","TE Connectivity","TEL","59347316736","204.99","Switzerland"
"428","Nan Ya Plastics","1303.TW","59157061620","7.45913","Taiwan"
"429","Coherent Corp.","COHR","59117838336","301.88","United States"
"430","Fujikura","5803.T","59105269885","35.698","Japan"
"431","Nongfu Spring","9633.HK","58953211731","5.24193","China"
"432","Deutsche Börse","DB1.DE","58726103638","325.736","Germany"
"433","First Abu Dhabi Bank","FAB.AE","58653502594","5.31","United Arab Emirates"
"434","Singtel","Z74.SI","58531255381","3.58987","Singapore"
"435","Takeda Pharmaceutical","TAK","58504974336","18.32","Japan"
"436","Saudi Telecom Company","7010.SR","58336227224","11.6911","Saudi Arabia"
"437","Dominion Energy","D","58242207744","66.22","United States"
"438","ArcelorMittal","MT","58174320640","77.15","Luxembourg"
"439","Nucor","NUE","58170920960","256.4","United States"
"440","Teradyne","TER","58168139776","372.06","United States"
"441","Comfort Systems USA","FIX","58016792576","1648.47","United States"
"442","Realty Income","O","57738227712","61.02","United States"
"443","Aflac","AFL","57734696960","115.16","United States"
"444","Meituan","3690.HK","57491711513","10.2798","China"
"445","Corteva","CTVA","57312141312","85.9","United States"
"446","Industrial Bank","601166.SS","57306875630","2.7079","China"
"447","Larsen &amp; Toubro","LT.NS","57266320937","41.622","India"
"448","Sumitomo","8053.T","57127799707","12.0856","Japan"
"449","London Stock Exchange","LSEG.L","57030535440","118.023","United Kingdom"
"450","Cheniere Energy","LNG","57007554560","276.02","United States"
"451","Rheinmetall","RHM.F","56963366050","1220.61","Germany"
"452","Keysight","KEYS","56763006976","333.42","United States"
"453","Fastenal","FAST","56663433216","49.38","United States"
"454","Nike","NKE","56521302016","38.1","United States"
"455","NXP Semiconductors","NXPI","56451993600","223.87","Netherlands"
"456","Bayer","BAYN.DE","56450253808","57.4602","Germany"
"457","Public Storage","PSA","56322519040","301.6","United States"
"458","Moderna","MRNA","56024776704","140.33","United States"
"459","Cardinal Health","CAH","55932137472","240.49","United States"
"460","Diamondback Energy","FANG","55905947648","199.65","United States"
"461","Sempra","SRE","55888863232","85.47","United States"
"462","Ford","F","55826341888","14","United States"
"463","Thales","HO.PA","55670037018","270.613","France"
"464","Erste Group Bank","EBO.F","55564019257","143.04","Austria"
"465","CoreWeave","CRWV","55059898368","99.83","United States"
"466","United Microelectronics","UMC","54722564096","21.82","Taiwan"
"467","Zijin Gold International Company Limited","2259.HK","54614845941","20.4065","Hong Kong"
"468","AngloGold Ashanti","AU","54537097216","107.83","South Africa"
"469","Ametek","AME","54509154304","237.76","United States"
"470","Antofagasta","ANTO.L","54479096271","55.2607","United Kingdom"
"471","UOB","U11.SI","54304039108","32.894","Singapore"
"472","Marubeni","8002.T","54278012803","33.4044","Japan"
"473","BTG Pactual","BPAC3.SA","54244838392","4.68126","Brazil"
"474","Strategy 
 (MicroStrategy)","MSTR","54236893184","136.52","United States"
"475","RWE","RWE.DE","53752666974","68.915","Germany"
"476","BASF","BAS.DE","53733780313","62.4142","Germany"
"477","E.ON","EOAN.DE","53635102866","20.5256","Germany"
"478","China Telecom","0728.HK","53452748003","0.584137","China"
"479","Commerzbank","CBK.F","53269335162","49.2848","Germany"
"480","Alimentation Couche-Tard","ATD.TO","53264453082","58.0246","Canada"
"481","Devon Energy","DVN","53240000512","48.4","United States"
"482","Mercedes-Benz","MBG.DE","53182537497","55.553","Germany"
"483","Garmin","GRMN","53165588480","275.68","Switzerland"
"484","Nasdaq","NDAQ","53125206016","95.04","United States"
"485","Shengyi Technology (SYTECH)","600183.SS","52953004680","21.8003","China"
"486","Emirates NBD Bank PJSC","EMIRATESNBD.AE","52904906300","8.37554","United Arab Emirates"
"487","Cathay Financial Holding","2882.TW","52847337331","3.6026","Taiwan"
"488","State Street Corporation","STT","52709773312","191.88","United States"
"489","Sandvik","SAND.ST","52675372026","41.993","Sweden"
"490","Loblaw Companies","L.TO","52574589160","45.4954","Canada"
"491","Nanya Technology","2408.TW","52225721958","16.8545","Taiwan"
"492","Z.AI","2513.HK","52086731367","116.828","China"
"493","Delta Air Lines","DAL","51925913600","78.96","United States"
"494","Compass Group","CPG.L","51910561792","30.53","United Kingdom"
"495","Entergy","ETR","51853189120","108.53","United States"
"496","The People's Insurance Company (PICC)","601319.SS","51539736964","1.16542","China"
"497","Emirates Telecom (Etisalat Group)","EAND.AE","51381623181","5.91","United Arab Emirates"
"498","Vivmark Residential","VMRK","51216441344","66.19","United States"
"499","Hoya","7741.T","51035992695","152.565","Japan"
"500","Franco-Nevada","FNV","50978476032","264.31","Canada"
"501","Vistra","VST","50922573824","151.72","United States"
"502","Siemens Healthineers","SHL.DE","50760276744","45.3541","Germany"
"503","Holcim Group","HOLN.SW","50261735780","90.8687","Switzerland"
"504","Samsung Biologics","207940.KS","50197211522","1084.38","South Korea"
"505","CITIC limited","0267.HK","50161897343","1.72435","China"
"506","Astera Labs","ALAB","50111172608","288.85","United States"
"507","Edwards Lifesciences","EW","49985409024","86.72","United States"
"508","Swire Pacific","0019.HK","49833687415","13.7362","Hong Kong"
"509","Maersk","MAERSK-B.CO","49814091040","3454.92","Denmark"
"510","Unimicron","3037.TW","49672486758","30.2809","Taiwan"
"511","ORLEN","PKN.WA","49663630780","42.7787","Poland"
"512","DNB","DNB.OL","49565548072","34.7721","Norway"
"513","Fifth Third Bank","FITB","49434710016","54.51","United States"
"514","Swiss Re","SREN.SW","49396205891","167.49","Switzerland"
"515","Honeywell Aerospace","HONA","49260793856","155.42","United States"
"516","Ameriprise Financial","AMP","49172451328","556.67","United States"
"517","DSV","DSV.VI","49079097142","205.547","Denmark"
"518","Hindustan Unilever","HINDUNILVR.NS","49069603733","20.8843","India"
"519","Endesa","ELE.MC","48985783221","48.1219","Spain"
"520","Becton Dickinson","BDX","48784482304","179.1","United States"
"521","Carrier Global","CARR","48725856256","59.11","United States"
"522","AutoZone","AZO","48703270912","2983.29","United States"
"523","Danone","BN.PA","48627293908","75.4972","France"
"524","Walmex","WMMVF","48561049600","2.82","Mexico"
"525","Volkswagen","VOW3.DE","48444743490","96.6391","Germany"
"526","Diageo","DEO","48441196544","87.14","United Kingdom"
"527","Humana","HUM","48403169280","403.09","United States"
"528","Ciena","CIEN","48397832192","341.29","United States"
"529","Block","XYZ","48123678720","80.1","United States"
"530","China Pacific Insurance","601601.SS","48116047464","5.00149","China"
"531","CMOC","3993.HK","48051537551","2.246","China"
"532","Wabtec","WAB","48046694400","284.45","United States"
"533","Lenovo","0992.HK","48032613856","3.87214","Hong Kong"
"534","Xcel Energy","XEL","48021884928","76.88","United States"
"535","Lonza","LONN.SW","47983928584","687.013","Switzerland"
"536","AMEC","688012.SS","47964919105","50.076","China"
"537","PICC Property and Casualty Company Limited","2328.HK","47942985418","2.15544","China"
"538","ASM International","ASM.AS","47869402914","978.253","Netherlands"
"539","Rockwell Automation","ROK","47750991872","429.13","United States"
"540","Sun Pharmaceutical","SUNPHARMA.NS","47727047518","19.8918","India"
"541","L3Harris Technologies","LHX","47622529024","255.74","United States"
"542","Porsche","P911.DE","47525827632","52.1689","Germany"
"543","Orange","ORA.PA","47505511967","17.8742","France"
"544","Cerebras Systems","CBRS","47458172928","199.77","United States"
"545","Heineken","HEIA.AS","47245290453","85.1494","Netherlands"
"546","Danske Bank","DANS.VI","47238645587","58.565","Denmark"
"547","Coinbase","COIN","47210979328","178.94","United States"
"548","Coca-Cola European Partners","CCEP","47003914240","106.55","United Kingdom"
"549","Galderma Group","GALD.SW","46879820488","201.038","Switzerland"
"550","Ambev","ABEV","46876794880","3.04","Brazil"
"551","Samsung C&T Corporation","028260.KS","46772790466","285.836","South Korea"
"552","Chipotle Mexican Grill","CMG","46769848320","36.96","United States"
"553","Natera","NTRA","46722895872","324.14","United States"
"554","Titan Company","TITAN.NS","46673555336","52.601","India"
"555","Medline","MDLN","46673076224","34.69","United States"
"556","Skandinaviska Enskilda Banken","SEB-A.ST","46587144550","23.6576","Sweden"
"557","Bank Central Asia","BBCA.JK","46554744522","0.378981","Indonesia"
"558","Kuwait Finance House","KFH.KW","46544137667","2516.03","Kuwait"
"559","eBay","EBAY","46542548992","104.59","United States"
"560","STMicroelectronics","STM","46353506304","51.97","Switzerland"
"561","JBS N.V.","JBS","46248456192","14.06","Brazil"
"562","MS&amp;AD Insurance","8725.T","46203387196","32.2218","Japan"
"563","UCB","UCB.VI","46141275787","242.005","Belgium"
"564","Ventas","VTR","46098493440","89.87","United States"
"565","Shanghai Pudong Development Bank","600000.SS","46062319180","1.38301","China"
"566","Hikvision","002415.SZ","45960943486","5.0149","China"
"567","Guotai Junan Securities","601211.SS","45852237722","2.60805","China"
"568","Ares Management","ARES","45723336704","138.62","United States"
"569","Toyota Tsusho","8015.T","45524744515","48.5504","Japan"
"570","PayPal","PYPL","45493407744","53.18","United States"
"571","KB Financial Group","KB","45450686464","129.45","South Korea"
"572","Exelon Corporation","EXC","45279662080","43.95","United States"
"573","Swedbank","SWED-A.ST","45218023441","40.2398","Sweden"
"574","Jiangsu Hengrui Medicine","600276.SS","45214067496","6.81222","China"
"575","Infosys","INFY","45079834624","11.13","India"
"576","Workday","WDAY","44893478912","186.28","United States"
"577","Doosan Enerbility","034020.KS","44693931678","69.929","South Korea"
"578","Atlassian","TEAM","44658749440","176.42","Australia"
"579","Aena","AENA.MC","44586577274","29.7244","Spain"
"580","Legrand","LR.PA","44551261837","169.962","France"
"581","Banco Santander Brasil","BSBR","44550787072","5.95","Brazil"
"582","Revolution Medicines","RVMD","44436226048","207.32","United States"
"583","East Money Information","300059.SZ","44424773795","2.80775","China"
"584","Cameco","CCJ","44411297792","101.97","Canada"
"585","Sumitomo Denki Kōgyō","5802.T","44351982973","14.2168","Japan"
"586","Autodesk","ADSK","44351889408","212.21","United States"
"587","BMW","BMW.DE","44341503195","74.0784","Germany"
"588","Adani Enterprises","ADANIENT.NS","44323085178","31.1482","India"
"589","Keurig Dr Pepper","KDP","44294885376","32.55","United States"
"590","Sun Life Financial","SLF","44286644224","79.55","Canada"
"591","Sun Hung Kai Properties","0016.HK","44276356478","15.2794","Hong Kong"
"592","HEICO","HEI","44177317888","316.1","United States"
"593","Kotak Mahindra Bank","KOTAKBANK.NS","43989482546","4.4221","India"
"594","Constellation Software","CSU.TO","43874824810","2070.39","Canada"
"595","China State Shipbuilding Corporation (CSSC)","600150.SS","43830295863","5.82414","China"
"596","Ferguson Enterprises","FERG","43778351104","226.3","United Kingdom"
"597","Prysmian Group","PRY.MI","43672558135","149.436","Italy"
"598","WEG ON","WEGE3.SA","43451239426","10.3558","Brazil"
"599","Reckitt Benckiser","RKT.L","43349046826","68.3277","United Kingdom"
"600","Woodside Energy","WDS","43288051712","22.77","Australia"
"601","Komatsu","6301.T","42996506534","48.3879","Japan"
"602","Japan Post Holdings","6178.T","42889786862","15.6853","Japan"
"603","Veeva Systems","VEEV","42879938560","264.84","United States"
"604","Teva Pharmaceutical Industries","TEVA","42836283392","36.76","Israel"
"605","Thomson Reuters","TRI","42806919168","98.81","Canada"
"606","Fomento Económico Mexicano (FEMSA)","FMX","42806365490","119.63","Mexico"
"607","Quanta Computer","2382.TW","42680276933","10.411","Taiwan"
"608","IQVIA","IQV","42665963520","259.21","United States"
"609","CTBC Financial Holding","2891.TW","42593192370","2.16474","Taiwan"
"610","Power Corporation of Canada","POW.TO","42412305094","67.5648","Canada"
"611","Adani Power","ADANIPOWER.NS","42390204491","2.19813","India"
"612","Compagnie de Saint-Gobain","SGO.PA","42359204002","86.5217","France"
"613","Jardine Matheson","J36.SI","42329910000","58.71","Hong Kong"
"614","QNB (Qatar National Bank)","QNBK.QA","42300394526","4.64835","Qatar"
"615","Flex","FLEX","42226454528","114.31","Singapore"
"616","Dai-ichi Life Holdings","8750.T","42142054205","11.699","Japan"
"617","Rocket Lab","RKLB","42118004736","65.87","United States"
"618","Gold Fields","GFI","42041405440","47.19","South Africa"
"619","Suzhou TFC Optical Communication","300394.SZ","42023587510","38.5246","China"
"620","Fujitsu","6702.T","41953517367","24.2362","Japan"
"621","Maruti Suzuki India","MARUTI.NS","41920121519","133.333","India"
"622","Ferrovial","FER.MC","41906162298","58.1463","Spain"
"623","Lukoil","LKOH.ME","41630936982","58.27","Russia"
"624","Paychex","PAYX","41624797184","116.93","United States"
"625","Celestica","CLS","41612886016","329.97","Canada"
"626","Swisscom","SCMN.SW","41573412794","802.545","Switzerland"
"627","Adani Ports & SEZ","ADANIPORTS.NS","41555249516","18.0365","India"
"628","Wuliangye Yibin","000858.SZ","41448169713","10.6781","China"
"629","EQT","EQT.ST","41411559614","33.2375","Sweden"
"630","Wiwynn","6669.TW","41409375662","74.2739","Taiwan"
"631","Agilent Technologies","A","41406681088","146.85","United States"
"632","CBRE Group","CBRE","41194979328","142.26","United States"
"633","Prudential Financial","PRU","41186099200","119.38","United States"
"634","Banca Monte dei Paschi di Siena","BMPS.MI","41150619633","13.5434","Italy"
"635","Axon Enterprise","AXON","41059827712","505.43","United States"
"636","Waste Connections","WCN","41046040576","163.16","United States"
"637","ABN AMRO","ABN.AS","41035837318","50.3547","Netherlands"
"638","IDEXX Laboratories","IDXX","40982728704","520.21","United States"
"639","Samsung Life Insurance","032830.KS","40942506865","227.997","South Korea"
"640","Axis Bank","AXISBANK.BO","40897298703","13.1366","India"
"641","Yum! Brands","YUM","40801439744","149.51","United States"
"642","ORIX","IX","40777859072","39.21","Japan"
"643","Rosneft","ROSN.ME","40727707258","3.87","Russia"
"644","Archer Daniels Midland (ADM)","ADM","40725585920","84.5","United States"
"645","Goodman Group","GMG.AX","40715243960","19.8151","Australia"
"646","Haleon","HLN","40678023168","9.25","United Kingdom"
"647","Assa Abloy","ASSA-B.ST","40677891336","36.6211","Sweden"
"648","GigaDevice Semiconductor","603986.SS","40492521031","57.5201","China"
"649","Hanwha Aerospace","012450.KS","40393246606","785.116","South Korea"
"650","Honda","HMC","40305696768","31.06","Japan"
"651","MSCI","MSCI","40086052864","551.39","United States"
"652","Tesco","TSCO.L","40062887310","6.43196","United Kingdom"
"653","Consolidated Edison","ED","40041345024","108.27","United States"
"654","Mahindra &amp; Mahindra","M&M.NS","40022030046","33.3305","India"
"655","Vodafone","VOD","40003985408","17.31","United Kingdom"
"656","Otsuka Holdings","4578.T","39941670830","76.0224","Japan"
"657","Take-Two Interactive","TTWO","39881060352","213.29","United States"
"658","Microchip Technology","MCHP","39845978112","73.38","United States"
"659","BeOne Medicines","ONC","39760179200","351.48","United States"
"660","PKO Bank Polski","PKO.WA","39757785795","31.8062","Poland"
"661","Live Nation","LYV","39707947008","170.45","United States"
"662","Daimler Truck","DTG.F","39641768311","52.1456","Germany"
"663","Poste Italiane","PST.MI","39631831974","30.6896","Italy"
"664","SABIC","2010.SR","39611183266","13.2037","Saudi Arabia"
"665","Waters Corporation","WAT","39560065024","402.91","United States"
"666","Renesas Electronics","6723.T","39529777932","21.6306","Japan"
"667","Fortescue","FMG.AX","39443126532","12.8105","Australia"
"668","Viking Holdings","VIK","39339884544","88.08","Bermuda"
"669","Shinhan Financial Group","SHG","39336009728","83.54","South Korea"
"670","Roper Technologies","ROP","39130128384","395.65","United States"
"671","Rocket Companies","RKT","39104983040","13.81","United States"
"672","SSE","SSE.L","39104664576","32.4171","United Kingdom"
"673","American International Group","AIG","39049662464","74.68","United States"
"674","Disco Corp.","6146.T","38981626425","359.385","Japan"
"675","Hochtief","HOT.F","38922427065","517.269","Germany"
"676","Old Dominion Freight Line","ODFL","38892146688","187.01","United States"
"677","ACWA POWER Company","2082.SR","38764036682","50.5992","Saudi Arabia"
"678","D. R. Horton","DHI","38735831040","138.49","United States"
"679","NEC Corp","6701.T","38695305521","29.1744","Japan"
"680","Ibiden","4062.T","38602205578","137.328","Japan"
"681","Bank Leumi","LUMI.TA","38592878269","26.2533","Israel"
"682","Telstra","TLS.AX","38530086457","3.45898","Australia"
"683","Nutrien","NTR","38501310464","80.68","Canada"
"684","Sika","SIKA.SW","38449513109","239.652","Switzerland"
"685","3i Group","III.L","38433416976","37.7657","United Kingdom"
"686","Sysco","SYY","38251024384","79.84","United States"
"687","Dubai Electricity and Water Authority (DEWA)","DEWA.AE","38120133113","0.762403","United Arab Emirates"
"688","Sompo Holdings","8630.T","37879450373","42.7155","Japan"
"689","Banco Bradesco","BBD","37591576576","3.55","Brazil"
"690","JD.com","JD","37381840896","27.68","China"
"691","Daikin","6367.T","37355155535","134.209","Japan"
"692","Muyuan Foods","002714.SZ","37193237612","6.44262","China"
"693","NetApp","NTAP","37148729344","189.13","United States"
"694","OTP Bank","OTP.BD","37049074442","146.296","Hungary"
"695","Yageo","2327.TW","37034271118","18.0298","Taiwan"
"696","PSEG","PEG","37002702848","74.24","United States"
"697","TKO Group Holdings","TKO","36968161280","195.32","United States"
"698","Givaudan","GIVN.SW","36922987618","3999.75","Switzerland"
"699","Venture Global","VG","36826365952","14.73","United States"
"700","Kia","000270.KS","36808228535","94.7064","South Korea"
"701","Estee Lauder","EL","36791296000","101.69","United States"
"702","The Hartford","HIG","36746498048","135.66","United States"
"703","Aselsan","ASELS.IS","36696791367","8.04754","Turkey"
"704","COSCO Shipping","601919.SS","36636032669","2.40537","China"
"705","Ecopetrol","EC","36552744960","17.78","Colombia"
"706","Sandoz Group","SDZ.SW","36463158099","84.2704","Switzerland"
"707","HCL Technologies","HCLTECH.NS","36444857123","13.4693","India"
"708","Wanhua Chemical","600309.SS","36431970072","11.6379","China"
"709","PTT PCL","PTT-R.BK","36418234860","1.28576","Thailand"
"710","Martin Marietta Materials","MLM","36360503296","511.98","United States"
"711","Adyen","ADYEN.AS","36327923772","1150.83","Netherlands"
"712","Talanx","TLX.DE","36246351495","140.365","Germany"
"713","ČEZ Group","CEZ.PR","36062703691","67.1796","Czech Republic"
"714","Repsol","REP.MC","35897831862","32.9457","Spain"
"715","Restaurant Brands International","QSR","35856343040","78.27","Canada"
"716","Resona Holdings","8308.T","35814613619","16.0362","Japan"
"717","Kinross Gold","KGC","35765157888","30.15","Canada"
"718","Henkel","HEN3.DE","35753435834","88.3126","Germany"
"719","HD Hyundai Heavy Industries","329180.KS","35710330934","340.316","South Korea"
"720","Hindustan Aeronautics","HAL.NS","35489345437","53.0662","India"
"721","Kenvue","KVUE","35323023360","18.39","United States"
"722","Teck Resources","TECK","35308482560","71.97","Canada"
"723","Fanuc","6954.T","35265702433","37.9527","Japan"
"724","Weichai Power","2338.HK","35219337193","4.07621","China"
"725","Novatek","NVTK.ME","35149034804","11.69","Russia"
"726","Ubiquiti","UI","35138543616","580.53","United States"
"727","United Airlines Holdings","UAL","35129802752","108.235","United States"
"728","Kroger","KR","35043426304","57.2","United States"
"729","Royalty Pharma","RPRX","35011051520","60.59","United Kingdom"
"730","BPER Banca","BPE.MI","34954239498","16.7578","Italy"
"731","WEC Energy Group","WEC","34885435392","107.06","United States"
"732","Kering","KER.PA","34850477181","284.219","France"
"733","ITC","ITC.NS","34824039727","2.7793","India"
"734","The Hershey Company","HSY","34814390272","173.27","United States"
"735","Dollarama","DOL.TO","34812441508","128.564","Canada"
"736","Alnylam Pharmaceuticals","ALNY","34803752960","260.1","United States"
"737","Hannover Rück","HNR1.DE","34696744998","287.708","Germany"
"738","Twilio","TWLO","34691104768","225.89","United States"
"739","Accton Technology","2345.TW","34682280338","62.0536","Taiwan"
"740","Naspers","NPSNY","34675466240","9.27","South Africa"
"741","Bank Hapoalim","POLI.TA","34639765697","26.5252","Israel"
"742","Iron Mountain","IRM","34557341696","116.08","United States"
"743","Woolworths Group","WOW.AX","34518473162","28.2568","Australia"
"744","EQT Corporation","EQT","34478444544","55.12","United States"
"745","TDK","6762.T","34466035617","18.1577","Japan"
"746","Steel Dynamics","STLD","34443173888","240.31","United States"
"747","M&T Bank","MTB","34434613248","238.44","United States"
"748","Bajaj Auto","BAJAJ-AUTO.NS","34434537115","125.306","India"
"749","Chunghwa Telecom","CHT","34311184384","44.23","Taiwan"
"750","Chaozhou Three-Circle","300408.SZ","34271545567","17.1639","China"
"751","Kimberly-Clark","KMB","34232360960","102.93","United States"
"752","UltraTech Cement","ULTRACEMCO.NS","34158653832","116.119","India"
"753","Taishin Financial Holdings","2887.TW","34119009792","1.35851","Taiwan"
"754","Bank of Ningbo","002142.SZ","34110349960","5.16542","China"
"755","Emcor","EME","34104008704","773.16","United States"
"756","Capitec Bank","CPI.JO","34084697900","294.283","South Africa"
"757","Ping An Bank","000001.SZ","34068808829","1.75559","China"
"758","Leonardo","LDO.MI","33993263307","58.9255","Italy"
"759","FirstRand","FSR.JO","33960161400","6.07318","South Africa"
"760","Prudential","PUK","33949093888","27.42","United Kingdom"
"761","Raymond James Financial","RJF","33915254784","176.55","United States"
"762","Epiroc","EPI-A.ST","33902083475","28.0197","Sweden"
"763","CK Hutchison Holdings","0001.HK","33876603223","8.84496","Hong Kong"
"764","Huntington Bancshares","HBAN","33862154240","16.76","United States"
"765","NTPC Limited","NTPC.NS","33833191357","3.48916","India"
"766","Northern Trust","NTRS","33824841728","184.88","United States"
"767","Maybank","MLYBY","33807144960","5.59","Malaysia"
"768","Everpure","P","33702604800","101.14","United States"
"769","Experian","EXPGF","33597655040","38","Ireland"
"770","Victory Giant Technology","300476.SZ","33542108404","34.1297","China"
"771","Bank of Jiangsu","600919.SS","33530141492","1.82712","China"
"772","Schindler Group","SCHN.SW","33488031328","308.909","Switzerland"
"773","Vulcan Materials","VMC","33470185472","258.3","United States"
"774","Oriental Land","4661.T","33443820114","20.3961","Japan"
"775","Fairfax Financial","FFH.TO","33422143667","1609.22","Canada"
"776","Alcon","ALC","33412610048","69.12","Switzerland"
"777","JSW Steel","JSWSTEEL.NS","33400991633","13.6834","India"
"778","Vestas Wind Systems","VWS.CO","33359177908","34.0747","Denmark"
"779","Intact Financial","IFC.TO","33357662822","189.157","Canada"
"780","Elbit Systems","ESLT","33201600512","708.51","Israel"
"781","Crown Castle","CCI","33198891008","75.97","United States"
"782","Abu Dhabi Commercial Bank (ADCB)","ADCB.AE","33131657191","4.19","United Arab Emirates"
"783","HeidelbergCement","HEI.DE","33109801023","188.336","Germany"
"784","Cheniere Energy
Partners","CQP","32959485952","68.09","United States"
"785","Expedia Group","EXPE","32952059904","274.55","United States"
"786","Ericsson","ERIC","32885426176","10.07","Sweden"
"787","Standard Bank Group","SBK.JO","32876663800","20.3029","South Africa"
"788","Fresnillo","FNLPF","32791762944","44.5","Mexico"
"789","Jabil","JBL","32728150016","312.33","United States"
"790","Bajaj Finserv","BAJAJFINSV.NS","32712791734","20.4424","India"
"791","Arch Capital","ACGL","32659038208","95.71","Bermuda"
"792","PG&amp;E Corporation","PCG","32639078400","14.82","United States"
"793","SAAB AB","SAAB-B.ST","32484592893","60.3075","Sweden"
"794","China General Nuclear Power Group (CGN)","003816.SZ","32436640130","0.642325","China"
"795","Daiichi Sankyō","4568.T","32254383091","17.7256","Japan"
"796","Yankuang Energy (Yanzhou Coal Mining)","600188.SS","32159806692","3.20417","China"
"797","Banorte","GFNORTEO.MX","32037078258","11.5383","Mexico"
"798","Roblox","RBLX","32018329600","44.82","United States"
"799","Grupo ACS","ACS.MC","32014334180","121.875","Spain"
"800","Gree Electric Appliances","000651.SZ","31963909236","5.70641","China"
"801","Swiss Life","SLHN.SW","31906141765","1141.73","Switzerland"
"802","Centene","CNC","31902197760","64.58","United States"
"803","DexCom","DXCM","31898304512","84.53","United States"
"804","ResMed","RMD","31886972928","221.05","United States"
"805","Illumina","ILMN","31870060544","211.06","United States"
"806","Carnival Corporation","CCL","31775860736","23.2","United States"
"807","Ahold Delhaize","AD.AS","31774087751","36.3647","Netherlands"
"808","Advanced Info Service (AIS)","ADVANC.BK","31769556655","10.6817","Thailand"
"809","Ajinomoto","2802.T","31758870917","33.3134","Japan"
"810","Naturgy","NTGY.MC","31673416844","34.19","Spain"
"811","Itaúsa","ITSA3.SA","31666489141","2.82449","Brazil"
"812","Bharat Electronics","BEL.NS","31653761258","4.33033","India"
"813","Novonesis","NZYM.VI","31643395865","67.8684","Denmark"
"814","Credo Technology","CRDO","31528935424","167.75","United States"
"815","Svenska Handelsbanken","SHB-A.ST","31412862830","15.6691","Sweden"
"816","Biogen","BIIB","31397724160","212.5","United States"
"817","Baidu","BIDU","31391713280","92.55","China"
"818","Oil &amp; Natural Gas","ONGC.NS","31315353058","2.48924","India"
"819","Celltrion","068270.KS","31285970039","136.425","South Korea"
"820","Dassault Systèmes","DSY.PA","31264938611","23.7935","France"
"821","Sumitomo Mitsui Trust Holdings","8309.T","31261042231","11.3514","Japan"
"822","Eternal (Zomato)","ETERNAL.NS","31225789218","3.39212","India"
"823","International Container Terminal Services","ICTEF","31191119872","15.45","Philippines"
"824","Kühne + Nagel","KNIN.SW","31124442465","262.078","Switzerland"
"825","Yuanta Financial Holding","2885.TW","31068919962","2.24091","Taiwan"
"826","Nomura Holdings","NMR","31067164672","10.63","Japan"
"827","Transurban","TCL.AX","30962152405","9.92201","Australia"
"828","Extra Space Storage","EXR","30712967168","139.16","United States"
"829","BOE Technology","000725.SZ","30695448243","0.828614","China"
"830","Mindray","300760.SZ","30692295971","25.3279","China"
"831","Halliburton","HAL","30659196928","36.8","United States"
"832","TechnipFMC","FTI","30651570176","78.16","United Kingdom"
"833","Techtronic Industries","0669.HK","30642770225","16.7716","Hong Kong"
"834","Cboe Global Markets","CBOE","30632749056","293.33","United States"
"835","Denso","6902.T","30560982032","12.1896","Japan"
"836","KONE","KNEBV.HE","30522018809","58.8906","Finland"
"837","Chroma ATE Inc.","2360.TW","30453389109","71.8934","Taiwan"
"838","Bridgestone","5108.T","30398764860","24.5286","Japan"
"839","Zoetis","ZTS","30396727296","73.56","United States"
"840","Willis Towers Watson","WTW","30214955008","325.34","United Kingdom"
"841","Copart","CPRT","30181451776","32.6","United States"
"842","GE HealthCare Technologies","GEHC","30161348608","66.775","United States"
"843","Adidas","ADS.DE","30100067455","171.939","Germany"
"844","Roivant Sciences","ROIV","29961957376","41.48","United Kingdom"
"845","7-Eleven","3382.T","29961908137","13.2162","Japan"
"846","Credicorp","BAP","29960142848","377.24","Bermuda"
"847","Inpex","1605.T","29814070374","25.6527","Japan"
"848","Universal Music Group","UMG.AS","29726204447","16.531","Netherlands"
"849","Foshan Haitian Flavouring and Food","603288.SS","29699940781","5.07601","China"
"850","Ameren","AEE","29547483136","106.73","United States"
"851","Kraft Heinz","KHC","29527011328","24.9","United States"
"852","Brookfield Infrastructure Partners","BIP","29503395840","37.26","Bermuda"
"853","Citizens Financial Group","CFG","29478162432","69.99","United States"
"854","Neste","NESTE.HE","29448303779","38.33","Finland"
"855","China Coal Energy Company Limited","601898.SS","29441740175","2.22057","China"
"856","Okta","OKTA","29299113984","167.595","United States"
"857","Ørsted","ORSTED.CO","29242721391","22.1358","Denmark"
"858","Sampo","SAMPO.HE","29178338843","11.0804","Finland"
"859","Bank Rakyat Indonesia","BBRI.JK","29173512549","0.193607","Indonesia"
"860","Aviva","AV.L","29144984043","9.74408","United Kingdom"
"861","Ingersoll Rand","IR","29142636544","75.11","Ireland"
"862","Publicis Groupe","PUB.PA","29112333412","116.579","France"
"863","Fresenius","FRE.DE","28974444275","51.4427","Germany"
"864","Haier Smart Home","600690.SS","28832641171","3.19225","China"
"865","Tenaris","TS","28744441856","56.94","Luxembourg"
"866","Reddit","RDDT","28740192256","149.38","United States"
"867","Kongsberg Gruppen","KOG.OL","28735081387","32.668","Norway"
"868","MongoDB","MDB","28633765888","356","United States"
"869","Pembina Pipeline","PBA","28589244416","49.16","Canada"
"870","Mitsubishi Estate","8802.T","28569609375","23.7944","Japan"
"871","DTE Energy","DTE","28562165760","137.26","United States"
"872","Samsung Electro-Mechanics","009155.KS","28529032185","377.632","South Korea"
"873","Las Vegas Sands","LVS","28485898240","43.98","United States"
"874","Nestlé India","NESTLEIND.NS","28484984184","14.772","India"
"875","Sunbelt Rentals","SUNB","28417564672","69.32","United States"
"876","Gulf Development Public Company","GULF.BK","28415697071","1.90201","Thailand"
"877","Atmos Energy","ATO","28401907712","168.07","United States"
"878","Fortis","FTS","28390713344","55.57","Canada"
"879","H&amp;M","HM-B.ST","28278907369","17.7145","Sweden"
"880","ATI Inc.","ATI","28230844416","207.32","United States"
"881","Banco BPM","BAMI.MI","28211534700","18.7347","Italy"
"882","Dollar General","DG","28210268160","127.87","United States"
"883","Ryanair","RYAAY","28183676928","54.37","Ireland"
"884","Kyocera","6971.T","28140097358","22.027","Japan"
"885","Zoom","ZM","28139622400","96.44","United States"
"886","HP","HPQ","28108824576","31.17","United States"
"887","Teledyne Technologies","TDY","28048889856","605.08","United States"
"888","Moore Threads","688795.SS","28027271128","59.6289","China"
"889","New China Life Insurance","601336.SS","27922498989","8.95082","China"
"890","Hansoh Pharma","3692.HK","27899764304","4.60168","China"
"891","American Water","AWK","27897577472","140.38","United States"
"892","AIB Group (Allied Irish Banks)","A5G.IR","27896167945","13.3213","Ireland"
"893","Hyundai Mobis","012330.KS","27887026015","312.703","South Korea"
"894","VICI Properties","VICI","27824228352","25.27","United States"
"895","First Quantum Minerals","FM.TO","27791137428","33.3145","Canada"
"896","China Resources Land","1109.HK","27684774743","3.88235","Hong Kong"
"897","Exor","EXO.AS","27673245800","84.1958","Netherlands"
"898","ON Semiconductor","ON","27672768512","71.08","United States"
"899","Amadeus IT Group","AMS.MC","27634431687","65.7983","Spain"
"900","LPL Financial","LPLA","27577124864","350.22","United States"
"901","LG Electronics","066570.KS","27477433979","152.993","South Korea"
"902","Hapag-Lloyd","HLAG.DE","27429969883","156.065","Germany"
"903","Klabin","KLBN11.SA","27408956326","3.85712","Brazil"
"904","Life Insurance Corporation of India (LIC)","LICI.NS","27402676623","4.33244","India"
"905","Airports of Thailand","AOT.BK","27388895955","1.91722","Thailand"
"906","China National Nuclear Power","601985.SS","27372917124","1.33085","China"
"907","George Weston","WN.TO","27370679168","73.1438","Canada"
"908","Sany Heavy Industry","600031.SS","27365757975","2.97616","China"
"909","SMC corp","6273.T","27365648161","438.006","Japan"
"910","Hana Financial Group","086790.KS","27319657311","101.834","South Korea"
"911","Coal India","COALINDIA.NS","27317173127","4.43264","India"
"912","PT DCI Indonesia Tbk","DCII.JK","27284571200","11.4461","Indonesia"
"913","Insmed","INSM","27273666560","124.89","United States"
"914","Lens Technology","300433.SZ","27219735271","5.15648","China"
"915","Veolia","VIE.PA","27206983433","37.1555","France"
"916","Sungrow Power Supply","300274.SZ","27143311602","13.0924","China"
"917","Casey's General Stores","CASY","27142731776","733.49","United States"
"918","EchoStar","ECHO","27137642496","93.42","United States"
"919","Fiserv","FISV","27045656576","50.86","United States"
"920","Cognizant Technology Solutions","CTSH","26990616576","59.92","United States"
"921","Largan Precision","3008.TW","26985822156","206.316","Taiwan"
"922","Eversource Energy","ES","26928478208","71.49","United States"
"923","China State Construction Engineering","601668.SS","26910595319","0.651267","China"
"924","FirstEnergy","FE","26877825024","46.45","United States"
"925","Anta Sports","2020.HK","26837090992","9.68673","China"
"926","Williams-Sonoma","WSM","26833629184","227.83","United States"
"927","Divis Laboratories","DIVISLAB.NS","26810625352","100.994","India"
"928","China Everbright Bank","601818.SS","26769011677","0.453055","China"
"929","Corpay","CPAY","26726739968","407.05","United States"
"930","Emaar Properties","EMAAR.AE","26714199660","3.02238","United Arab Emirates"
"931","Otis Worldwide","OTIS","26669692928","70.06","United States"
"932","OMV","OMV.F","26663523923","81.7537","Austria"
"933","Hexagon AB","HEXA-B.ST","26657324624","9.93054","Sweden"
"934","Coupang","CPNG","26621149184","14.81","United States"
"935","DSM-Firmenich","DSFIR.AS","26576933463","108.059","Switzerland"
"936","BT Group","BT-A.L","26565416419","2.69601","United Kingdom"
"937","Mettler Toledo","MTD","26558861312","1325.52","United States"
"938","Hindustan Zinc","HINDZINC.NS","26539716302","6.28112","India"
"939","Supermicro","SMCI","26449424384","40.26","United States"
"940","CenterPoint Energy","CNP","26427856896","40.12","United States"
"941","Zscaler","ZS","26405079040","161.94","United States"
"942","PPL","PPL","26399275008","35.08","United States"
"943","Mediobanca","MB.MI","26365483833","32.6898","Italy"
"944","Michelin","ML.PA","26354799935","36.9476","France"
"945","LabCorp","LH","26346145792","324.86","United States"
"946","Texas Pacific Land Corporation","TPL","26341429248","381.9","United States"
"947","nVent Electric","NVT","26313246720","162.57","United Kingdom"
"948","Pop Mart International Group","9992.HK","26228598904","19.8581","China"
"949","Dover Corporation","DOV","26227628032","194.74","United States"
"950","Circle Internet Group","CRCL","26218102784","96.18","United States"
"951","Symbotic","SYM","26212294656","43.3","United States"
"952","Mitsui Fudosan","8801.T","26204285222","9.73347","Japan"
"953","Astellas Pharma","4503.T","26178360726","14.6002","Japan"
"954","Aristocrat","ALL.AX","26126775156","43.7608","Australia"
"955","MTR Corporation","0066.HK","26122855234","4.20375","Hong Kong"
"956","WuXi Biologics","WXXWY","26109100032","12.69","China"
"957","Powergrid Corporation of India","POWERGRID.NS","26069904300","2.80303","India"
"958","Bayan Resources","BYAN.JK","26069760383","0.782093","Indonesia"
"959","Aluminum Corporation of China","601600.SS","26046538325","1.45156","China"
"960","Quest Diagnostics","DGX","25992927232","235.5","United States"
"961","Cincinnati Financial","CINF","25959276544","169.14","United States"
"962","Huatai Securities","601688.SS","25923648558","2.87183","China"
"963","W. R. Berkley","WRB","25900541952","69.77","United States"
"964","EnBW Energie","EBK.DE","25880458652","79.7767","Germany"
"965","National Bank of Kuwait","NBK.KW","25861394111","2817.18","Kuwait"
"966","Helvetia Baloise Holding AG","HBAN.SW","25852073628","260.966","Switzerland"
"967","J. B. Hunt","JBHT","25805946880","274.78","United States"
"968","Qnity Electronics","Q","25791229952","123.28","United States"
"969","East Japan Railway","9020.T","25735680359","22.7937","Japan"
"970","AST SpaceMobile","ASTS","25731756032","66.12","United States"
"971","Regions Financial","RF","25617520640","30.07","United States"
"972","DMart","DMART.NS","25593677502","39.2393","India"
"973","Synchrony Financial","SYF","25580656640","78.62","United States"
"974","Shriram Transport Finance","SHRIRAMFIN.NS","25538142501","10.8535","India"
"975","VeriSign","VRSN","25510881280","282.2","United States"
"976","ST Engineering","S63.SI","25503580945","8.17605","Singapore"
"977","Trip.com","TCOM","25503062016","40.5","China"
"978","Xylem","XYL","25405700096","108.81","United States"
"979","Banco do Brasil","BBAS3.SA","25377262570","4.44523","Brazil"
"980","Imperial Brands","IMB.L","25354986021","33.5545","United Kingdom"
"981","ADNOC Drilling Company","ADNOCDRILL.AE","25353263355","1.58","United Arab Emirates"
"982","Global Unichip Corp.","3443.TW","25351709359","189.176","Taiwan"
"983","GF Securities","000776.SZ","25223753872","3.22355","China"
"984","Incyte","INCY","25215600640","124.4","United States"
"985","Dassault Aviation","AM.PA","25213559448","327.247","France"
"986","NRG Energy","NRG","25149581312","119.64","United States"
"987","AXIA Energia SA","AXIA3.SA","25137997701","11.0403","Brazil"
"988","Aeon","8267.T","25113221615","9.07721","Japan"
"989","Suzuki Motor","7269.T","25109067223","13.0148","Japan"
"990","Asian Paints","ASIANPAINT.NS","25092521474","26.175","India"
"991","Yili Group","600887.SS","25009213817","3.9538","China"
"992","ENEOS Holdings","5020.T","25001904688","9.41183","Japan"
"993","S.F. Express","002352.SZ","24984711069","4.74516","China"
"994","Gazprom","GAZP.ME","24911683275","1.05","Russia"
"995","International Consolidated Airlines","BABWF","24909111296","5.7","Spain"
"996","CLP Group","0002.HK","24891949937","9.85254","Hong Kong"
"997","Tower Semiconductor","TSEM","24846528512","219.82","Israel"
"998","Bending Spoons","BSP","24824373248","39.08","Italy"
"999","SharkNinja","SN","24784465920","175.13","United States"
"1000","BioNTech","BNTX","24783822848","98.66","Germany"
"1001","Raiffeisen Bank International","RAW.F","24780916768","75.4739","Austria"
"1002","GlobalFoundries","GFS","24740921344","45.09","United States"
"1003","Shandong Gold Mining","600547.SS","24739725098","5.36662","China"
"1004","Philips","PHG","24719140864","25.29","Netherlands"
"1005","SK Group","034730.KS","24707951683","453.009","South Korea"
"1006","China Jushi Co., Ltd.","600176.SS","24692970876","6.16841","China"
"1007","Aker BP","AKRBP.OL","24661371121","39.0997","Norway"
"1008","Industrivarden","INDU-A.ST","24654040224","57.0829","Sweden"
"1009","Fujifilm","4901.T","24642148644","20.604","Japan"
"1010","Principal Financial Group","PFG","24630597632","115.04","United States"
"1011","Hua Hong Semiconductor Limited","1347.HK","24599481052","14.157","China"
"1012","Hubbell","HUBB","24553936896","464.75","United States"
"1013","E.SUN Bank","2884.TW","24538155980","1.4458","Taiwan"
"1014","Fox Corporation","FOX","24486279168","58.24","United States"
"1015","PPG Industries","PPG","24390756352","109.72","United States"
"1016","Affirm","AFRM","24321325056","72.08","United States"
"1017","Alfa Laval","ALFA.ST","24309861244","58.8152","Sweden"
"1018","First Citizens BancShares","FCNCA","24279416832","2149.93","United States"
"1019","Tata Steel","TATASTEEL.NS","24229443697","1.94235","India"
"1020","Verbund AG","OEWA.F","24220921306","69.7174","Austria"
"1021","Darden Restaurants","DRI","24175310848","212.92","United States"
"1022","Expeditors International","EXPD","24173058048","185.96","United States"
"1023","Formosa Petrochemical","6505.TW","24068129404","2.52658","Taiwan"
"1024","Chocoladefabriken Lindt &amp; Sprüngli","LISP.SW","24060183721","10428.8","Switzerland"
"1025","NN Group","NN.AS","23980746327","92.22","Netherlands"
"1026","PBBank (Public Bank Bhd)","1295.KL","23922468474","1.23244","Malaysia"
"1027","QBE Insurance","QBE.AX","23907843695","16.0023","Australia"
"1028","MFHC","2886.TW","23823804200","1.60609","Taiwan"
"1029","Formula One Group","FWONK","23804770304","94.95","United States"
"1030","Bunge Global SA","BG","23801636864","123.89","United States"
"1031","West Pharmaceutical Services","WST","23769413632","337.75","United States"
"1032","Canon","7751.T","23733476304","28.1218","Japan"
"1033","Naver","035420.KS","23721911680","158.59","South Korea"
"1034","Telefónica","TEF.MC","23713413139","4.21328","Spain"
"1035","China Minsheng Bank","600016.SS","23685572196","0.540984","China"
"1036","ZTE","000063.SZ","23675290076","4.94933","China"
"1037","Nornickel","GMKN.ME","23671299308","1.52","Russia"
"1038","Global Payments","GPN","23662176256","89.42","United States"
"1039","Grasim Industries","GRASIM.NS","23656718441","34.8789","India"
"1040","Hindalco Industries","HINDALCO.NS","23624755055","10.6426","India"
"1041","Central Japan Railway","9022.T","23620072813","24.8795","Japan"
"1042","China Securities (CSC Financial)","601066.SS","23581898835","3.6304","China"
"1043","Next plc","NXT.L","23564629133","206.432","United Kingdom"
"1044","Coca-Cola FEMSA","KOF","23529322496","112","Mexico"
"1045","Viper Energy","VNOM","23521675264","44.89","United States"
"1046","ULTA Beauty","ULTA","23483684864","549.23","United States"
"1047","Tapestry","TPR","23444473856","117.58","United States"
"1048","China International Capital Corporation","601995.SS","23438454596","4.85544","China"
"1049","Unipol Assicurazioni","UNI.MI","23437015306","32.6782","Italy"
"1050","Rivian","RIVN","23411906560","16.17","United States"
"1051","Samsara","IOT","23395811328","40.15","United States"
"1052","Bank Mandiri","BMRI.JK","23384537645","0.251519","Indonesia"
"1053","T. Rowe Price","TROW","23341021184","109.42","United States"
"1054","VAT Group","VACN.SW","23335174518","778.698","Switzerland"
"1055","Grupo Cibest (Bancolombia)","CIB","23297726464","98.65","Colombia"
"1056","China Merchants Securities","600999.SS","23290102482","2.67809","China"
"1057","Veralto","VLTO","23289577472","95.53","United States"
"1058","Northern Star","NST.AX","23283752353","16.3417","Australia"
"1059","Vinhomes","VHM.VN","23277549437","2.8336","Vietnam"
"1060","Geely","0175.HK","23275060604","2.15799","China"
"1061","Dollar Tree","DLTR","23273662464","124.04","United States"
"1062","SoFi","SOFI","23261181952","18.01","United States"
"1063","KeyCorp (KeyBank)","KEY","23252731904","21.79","United States"
"1064","Hydro One","H.TO","23239697265","38.7266","Canada"
"1065","Smurfit Westrock","SW","23215382528","44.26","Ireland"
"1066","LY Corporation","4689.T","23200295257","3.36968","Japan"
"1067","HENGTONG Optic-Electric","600487.SS","23197319231","9.40536","China"
"1068","Lundin Mining","LUN.TO","23130477428","27.1696","Canada"
"1069","MTN Group","MTN.JO","23118537400","12.612","South Africa"
"1070","LS ELECTRIC Co., Ltd.","010120.KS","23096243803","155.232","South Korea"
"1071","Shenzhen Inovance","300124.SZ","23077203269","8.51714","China"
"1072","Roku","ROKU","23069642752","155.34","United States"
"1073","Uniper","UN0.DE","23054104325","55.3553","Germany"
"1074","Amrize","AMRZ","22943531008","41.95","Switzerland"
"1075","Nippon Steel","5401.T","22925439384","4.38656","Japan"
"1076","Abu Dhabi Islamic Bank (ADIB)","ADIB.AE","22921876687","6.31","United Arab Emirates"
"1077","First Solar","FSLR","22917933056","213.25","United States"
"1078","Arxis, Inc.","ARXS","22915651584","53.19","United States"
"1079","Church & Dwight","CHD","22899664896","96.54","United States"
"1080","PulteGroup","PHM","22871695360","120.07","United States"
"1081","Verisk Analytics","VRSK","22841079808","175.49","United States"
"1082","Edison International","EIX","22831013888","59.33","United States"
"1083","ASUS","2357.TW","22821518369","30.7253","Taiwan"
"1084","Brown &amp; Brown","BRO","22813734912","68.18","United States"
"1085","Ems-Chemie","EMSN.SW","22802350362","974.917","Switzerland"
"1086","Expand Energy","EXE","22731358208","98.19","United States"
"1087","Carpenter Technology","CRS","22725576704","458.56","United States"
"1088","Zhejiang Sanhua Intelligent Controls Co.,Ltd","002050.SZ","22714496672","5.39791","China"
"1089","Geberit","GEBN.SW","22710454809","701.841","Switzerland"
"1090","InterContinental Hotels Group","IHG","22709184512","154.69","United Kingdom"
"1091","Coles Group","COL.AX","22705797211","16.905","Australia"
"1092","SGS","SGSN.SW","22658165393","114.667","Switzerland"
"1093","Coca-Cola HBC","CCH.L","22652568901","62.153","Switzerland"
"1094","Amundi","AMUN.PA","22625291373","112.339","France"
"1095","JX Advanced Metals","5016.T","22586346288","25.2758","Japan"
"1096","AerCap","AER","22562199552","143.54","Ireland"
"1097","Constellation Oil Services Holding","QG21.F","22466204822","14.7812","Luxembourg"
"1098","Adani Green Energy","ADANIGREEN.NS","22446962353","13.6275","India"
"1099","EDP Group","EDP.F","22445958594","5.4297","Portugal"
"1100","Eicher Motors","EICHERMOT.NS","22433306024","81.7178","India"
"1101","China Unicom","0762.HK","22380824061","0.731447","Hong Kong"
"1102","Bandai Namco","7832.T","22337082765","34.8274","Japan"
"1103","US Foods","USFD","22301532160","103.09","United States"
"1104","Fortum","FORTUM.HE","22288137080","24.8401","Finland"
"1105","Innovent Biologics","1801.HK","22285896320","12.7796","China"
"1106","Omnicom Group","OMC","22257686528","81.13","United States"
"1107","XPO Logistics","XPO","22253453312","190.06","United States"
"1108","Tradeweb","TW","22250909696","103","United States"
"1109","MTU Aero Engines","MTX.DE","22239874873","412.839","Germany"
"1110","Bank of Nanjing","601009.SS","22165976959","1.79285","China"
"1111","Royal Gold","RGLD","22145318912","261.37","United States"
"1112","Loews Corporation","L","22129299456","108.25","United States"
"1113","Markel Group","MKL","22124871680","1785.71","United States"
"1114","Bank of Ireland Group","BIRG.IR","22086311788","23.4213","Ireland"
"1115","F5","FFIV","22063083520","389.62","United States"
"1116","BCE Inc.","BCE","22054236160","23.65","Canada"
"1117","Traton","8TRA.DE","22014187606","44.0284","Germany"
"1118","Bombardier","BBD-B.TO","21981826005","222.82","Canada"
"1119","CNH Industrial","CNH","21870958592","13.6","United Kingdom"
"1120","Terumo","4543.T","21862655962","14.8211","Japan"
"1121","International Flavors & Fragrances","IFF","21845940224","85.62","United States"
"1122","Riyad Bank","1010.SR","21810408496","5.47537","Saudi Arabia"
"1123","Terna","TRN.MI","21801525705","10.8641","Italy"
"1124","Dr. Sulaiman Al Habib Medical Services Group Company","4013.SR","21633821270","61.8109","Saudi Arabia"
"1125","Legal &amp; General","LGEN.L","21627462398","3.97292","United Kingdom"
"1126","Snam","SRG.MI","21612249445","6.44028","Italy"
"1127","Sociedad Química y Minera","SQM","21611358208","75.66","Chile"
"1128","Guardant Health","GH","21602897920","160.98","United States"
"1129","Rongsheng Petrochemical","002493.SZ","21571835986","2.15946","China"
"1130","CMS Energy","CMS","21570971648","68.79","United States"
"1131","Entegris","ENTG","21558550528","141.09","United States"
"1132","Lasertec","6920.T","21548352953","240.413","Japan"
"1133","Kingspan Group","KRX.IR","21545703655","119.721","Ireland"
"1134","KEPCO","9503.T","21484584142","19.285","Japan"
"1135","Solar Industries India","SOLARINDS.NS","21432307343","236.847","India"
"1136","Banco de Chile","BCH","21400467456","42.37","Chile"
"1137","Samsung Fire & Marine Insurance Co., Ltd.","000810.KS","21393666592","484.354","South Korea"
"1138","Industrias Peñoles","PE&OLES.MX","21379706567","53.7887","Mexico"
"1139","Partners Group","PGHN.SW","21364167488","829.359","Switzerland"
"1140","Dow","DOW","21359616000","29.57","United States"
"1141","United Therapeutics","UTHR","21358278656","497.97","United States"
"1142","Steris","STE","21297924096","218.44","Ireland"
"1143","CIMB Group","1023.KL","21262986361","1.96697","Malaysia"
"1144","Coeur Mining","CDE","21237137408","20.66","United States"
"1145","Technoprobe","TPRO.MI","21207460422","33.1201","Italy"
"1146","CK Infrastructure","1038.HK","21177196803","8.40495","Hong Kong"
"1147","Curtiss-Wright","CW","21152727040","572.71","United States"
"1148","Pan American Silver","PAAS","21145518080","51","Canada"
"1149","Singapore Exchange","S68.SI","21083761956","19.6889","Singapore"
"1150","Multiply Group","MULTIPLY.AE","21079398763","0.61","United Arab Emirates"
"1151","Fuyao Glass Industry Group","600660.SS","21068524881","8.07303","China"
"1152","China Northern Rare Earth (CNREHT)","600111.SS","21033110047","5.81818","China"
"1153","Nan Ya PCB","8046.TW","21022684612","32.5345","Taiwan"
"1154","TD Synnex","SNX","21000368128","262.64","United States"
"1155","CK Asset Holdings","1113.HK","20988083139","5.99697","Hong Kong"
"1156","MACOM Technology Solutions","MTSI","20986730496","274.8","United States"
"1157","Lite-On Technology","2301.TW","20958868917","9.23663","Taiwan"
"1158","QNB Finansbank","QNBTR.IS","20882340661","3.79679","Turkey"
"1159","LyondellBasell","LYB","20865019904","64.59","United States"
"1160","Evolution Mining","EVN.AX","20861835514","10.2036","Australia"
"1161","Tenet Healthcare","THC","20859252736","259.06","United States"
"1162","YPF S.A.","YPF","20815265792","53.09","Argentina"
"1163","Erste Bank Polska","EBP.WA","20804728456","203.59","Poland"
"1164","Kubota","6326.T","20716130624","18.3916","Japan"
"1165","Ralph Lauren","RL","20688742400","347.23","United States"
"1166","Packaging Corporation of America","PKG","20669915136","231.99","United States"
"1167","Constellation Brands","STZ","20663910400","120.98","United States"
"1168","Hanwha Ocean (DSME)","042660.KS","20645934967","67.3916","South Korea"
"1169","TVS Motor","TVSMOTOR.NS","20633492947","43.4183","India"
"1170","Kaspi.kz Joint Stock Company","KKS.F","20608774694","106.524","Kazakhstan"
"1171","Genmab","GMAB","20608288768","33.53","Denmark"
"1172","Amcor","AMCR","20500408320","44.34","Switzerland"
"1173","Mizrahi-Tefahot","MZTF.TA","20485297690","78.6472","Israel"
"1174","Western Midstream","WES","20423219200","49.43","United States"
"1175","Banca Mediolanum","BMED.MI","20401974088","27.5381","Italy"
"1176","InterGlobe Aviation (IndiGo)","INDIGO.NS","20392087154","52.7382","India"
"1177","China Tower","0788.HK","20389406046","1.16636","China"
"1178","Sinopac Financial Holdings","2890.TW","20386772177","1.37915","Taiwan"
"1179","Capgemini","CAP.PA","20376244883","122.747","France"
"1180","Hyosung Heavy Industries Corporation","298040.KS","20347910981","2185.19","South Korea"
"1181","Banco Sabadell","SAB.MC","20340353081","4.29817","Spain"
"1182","Reliance","RS","20335540224","398.31","United States"
"1183","CF Industries","CF","20329250816","134.33","United States"
"1184","Fidelity National Information Services","FIS","20329125888","39.42","United States"
"1185","AVIC Shenyang Aircraft Company Limited","600760.SS","20326147776","7.1699","China"
"1186","Stellantis","STLA","20305874944","5.39","Netherlands"
"1187","Wärtsilä","WRT1V.HE","20300574391","34.4342","Finland"
"1188","HD Hyundai Electric","267260.KS","20253668815","562.716","South Korea"
"1189","China National Uranium","001280.SZ","20250302798","9.79136","China"
"1190","Bouygues","EN.PA","20236495498","52.448","France"
"1191","Alpha Dhabi","ALPHADHABI.AE","20229246857","2.02","United Arab Emirates"
"1192","Bank of Shanghai","601229.SS","20222998166","1.42325","China"
"1193","KGHM Polska Miedź","KGH.WA","20213356393","101.067","Poland"
"1194","FTAI Aviation","FTAI","20201457664","196.69","United States"
"1195","Resonac Holdings Corporation","4004.T","20196938926","106.464","Japan"
"1196","Kaō","4452.T","20164260775","22.2869","Japan"
"1197","Equifax","EFX","20162756608","171.62","United States"
"1198","Fair Isaac (FICO)","FICO","20157073408","933.3","United States"
"1199","General Mills","GIS","20150183936","37.69","United States"
"1200","Hua Nan Financial Holdings","2880.TW","20143930140","1.43311","Taiwan"
"1201","Nidec","6594.T","20110439340","17.5436","Japan"
"1202","KGI Financial Holding","2883.TW","20097184384","1.18394","Taiwan"
"1203","NiSource","NI","20093569024","41.9","United States"
"1204","Alinma Bank","1150.SR","20037282329","6.67909","Saudi Arabia"
"1205","Indian Oil","IOC.NS","20037178511","1.41894","India"
"1206","Norsk Hydro","NHY.OL","20036396126","10.1952","Norway"
"1207","Woodward","WWD","20032475136","339.27","United States"
"1208","SBA Communications","SBAC","20017766400","188.69","United States"
"1209","China Galaxy Securities","601881.SS","19962209327","1.82563","China"
"1210","Rogers Communications","RCI","19918104576","36.87","Canada"
"1211","Torrent Pharmaceuticals","TORNTPHARM.NS","19899425203","52.3163","India"
"1212","TPG Inc.","TPG","19883784192","50.91","United States"
"1213","Banco Comercial Português (Millennium bcp)","BCP.LS","19871479211","1.3583","Portugal"
"1214","Permian Resources","PR","19808223232","23.65","United States"
"1215","CRRC","1766.HK","19802113260","0.689996","China"
"1216","Telenor","TEL.OL","19792470786","14.5661","Norway"
"1217","MasTec","MTZ","19769470976","246.18","United States"
"1218","Eurobank Ergasias Services and Holdings","EUROB.AT","19745254152","5.50297","Greece"
"1219","Santos","STO.AX","19723982769","6.07308","Australia"
"1220","Hengli Petrochemical","600346.SS","19711578079","2.8003","China"
"1221","Knorr-Bremse","KBX.DE","19702430493","122.224","Germany"
"1222","Snap-on","SNA","19650099200","379.88","United States"
"1223","Charter Communications","CHTR","19642472448","145.74","United States"
"1224","Borouge","BOROUGE.AE","19640736354","0.65","United Arab Emirates"
"1225","Cellnex Telecom","CLNX.MC","19548039778","29.5383","Spain"
"1226","CSG N.V. (The Czechoslovak Group)","CSG.AS","19502268799","19.5023","Czech Republic"
"1227","Sumitomo Realty &amp; Development","8830.T","19492312132","21.1043","Japan"
"1228","Beiersdorf","BEI.DE","19385359652","88.8941","Germany"
"1229","Lennar","LEN","19360743424","80.37","United States"
"1230","International Paper","IP","19324006400","36.49","United States"
"1231","IHH Healthcare","Q0F.SI","19323994815","2.12704","Malaysia"
"1232","Associated British Foods","ABF.L","19300159288","27.61","United Kingdom"
"1233","FedEx Freight","FDXF","19298306048","129.07","United States"
"1234","Arca Continental","AC.MX","19284174970","11.3557","Mexico"
"1235","HF Sinclair","DINO","19255769088","108.31","United States"
"1236","Toast","TOST","19241621504","33.29","United States"
"1237","Julius Bär","BAER.SW","19236509842","93.4882","Switzerland"
"1238","Broadridge Financial Solutions","BR","19226355712","168.62","United States"
"1239","PT Amman Mineral Internasional Tbk","AMMN.JK","19199793410","0.265145","Indonesia"
"1240","Great Wall Motors","601633.SS","19189656117","2.23994","China"
"1241","Kazatomprom","0ZQ.F","19182555492","73.9621","Kazakhstan"
"1242","Essex Property Trust","ESS","19122673664","277.41","United States"
"1243","Viatris","VTRS","19078094848","16.61","United States"
"1244","Telecom Italia","TIT.MI","19077530889","8.9429","Italy"
"1245","KE Holdings","BEKE","19037974528","17.27","China"
"1246","Hyundai Motor India","HYUNDAI.NS","19026256562","23.4157","India"
"1247","Bank Pekao (Bank Polska Kasa Opieki)","PEO.WA","19015617887","72.4487","Poland"
"1248","Evergy","EVRG","18961844224","82.24","United States"
"1249","Essity","ESSITY-B.ST","18947127994","28.0301","Sweden"
"1250","Baosteel","600019.SS","18925418337","0.868852","China"
"1251","Southwest Airlines","LUV","18917679104","38.67","United States"
"1252","SS&C Technologies","SSNC","18877992960","80.45","United States"
"1253","Shanghai International Port Group (SIPG)","600018.SS","18873768448","0.81073","China"
"1254","Halma","HLMA.L","18860888467","49.939","United Kingdom"
"1255","Rubrik","RBRK","18860070912","91.63","United States"
"1256","Telefonica Brasil","VIV","18854076416","11.8","Brazil"
"1257","IHI Corporation","7013.T","18853968246","17.784","Japan"
"1258","Tenaga Nasional","TNABY","18835415040","12.925","Malaysia"
"1259","Galaxy Entertainment","0027.HK","18833715725","4.30068","Hong Kong"
"1260","Wistron Corporation","3231.TW","18824941398","5.9197","Taiwan"
"1261","Nippon Yūsen","9101.T","18816641741","46.6271","Japan"
"1262","Unity Software","U","18813802496","42.75","United States"
"1263","HD Korea Shipbuilding &amp; Offshore Engineering","009540.KS","18735077779","264.939","South Korea"
"1264","Best Buy","BBY","18734974976","89.33","United States"
"1265","Euronext","ENX.PA","18717952942","187.667","Netherlands"
"1266","The Saudi British Bank","1060.SR","18714772871","9.10786","Saudi Arabia"
"1267","Daiwa House","1925.T","18626222736","30.0646","Japan"
"1268","Krung Thai Bank","KTB.BK","18607810046","1.33141","Thailand"
"1269","POSCO","PKX","18605735936","61.51","South Korea"
"1270","Korea Zinc","010130.KS","18598380154","911.988","South Korea"
"1271","Bank of Hangzhou","600926.SS","18581646125","2.56334","China"
"1272","Sabesp","SBS","18533040128","5.27","Brazil"
"1273","Chery Automobile","9973.HK","18520870851","3.18852","China"
"1274","Vonovia","VNA.DE","18504954244","21.8107","Germany"
"1275","IREN (Iris Energy)","IREN","18493173760","46.93","Australia"
"1276","PTT Exploration and Production","PTTEP.BK","18484715650","4.65612","Thailand"
"1277","Genuine Parts Company","GPC","18481479680","134.06","United States"
"1278","Woori Financial Group","WF","18465411072","76.09","South Korea"
"1279","Telia Company","TELIA.ST","18452998517","4.6929","Sweden"
"1280","ASICS Corporation","7936.T","18452634215","26.0296","Japan"
"1281","PharmaEssentia","6446.TW","18450070476","44.5961","Taiwan"
"1282","Straumann","STMN.SW","18437422913","115.631","Switzerland"
"1283","SPEEH Hidroelectrica","H2O.RO","18426368387","40.9655","Romania"
"1284","Wilmar International","F34.SI","18413010767","2.94939","Singapore"
"1285","Tyson Foods","TSN","18392182784","52.28","United States"
"1286","Tractor Supply","TSCO","18387507200","35.29","United States"
"1287","Vodacom","VOD.JO","18362263500","9.50544","South Africa"
"1288","ITT","ITT","18356971520","204.33","United States"
"1289","SAIC Motor","600104.SS","18347901874","1.59613","China"
"1290","National Bank of Greece","ETE.AT","18341754913","20.4675","Greece"
"1291","Plains All American Pipeline","PAA","18320033792","25.965","United States"
"1292","Mashreqbank","MASQ.AE","18271520204","91.0799","United Arab Emirates"
"1293","Furukawa Electric","5801.T","18265986357","25.9646","Japan"
"1294","Carlsberg","CARL-B.CO","18245270676","138.042","Denmark"
"1295","Nutanix","NTNX","18243930112","67.49","United States"
"1296","Saudi Electricity","5110.SR","18230927841","4.3755","Saudi Arabia"
"1297","Zhongjin Gold","600489.SS","18204511353","3.75559","China"
"1298","Samvardhana Motherson","MOTHERSON.NS","18200385991","1.72823","India"
"1299","Swire Properties","1972.HK","18181640210","3.15791","Hong Kong"
"1300","China Overseas Land &amp; Investment","0688.HK","18160927791","1.65931","Hong Kong"
"1301","ageas","AGS.BR","18159840173","86.7946","Belgium"
"1302","Adani Energy Solutions","ADANIENSOL.NS","18158309622","14.8479","India"
"1303","Metso","METSO.HE","18153202681","21.9212","Finland"
"1304","Kuaishou Technology","1024.HK","18150147387","4.21395","China"
"1305","Advantech","2395.TW","18122941714","20.8538","Taiwan"
"1306","Konami Holdings","9766.T","18082770684","133.397","Japan"
"1307","Hongkong Land","H78.SI","18071525376","8.48","Hong Kong"
"1308","CDW Corporation","CDW","18062516224","144.48","United States"
"1309","China Steel","2002A.TW","18045334440","1.18394","Taiwan"
"1310","HANMI Semiconductor","042700.KS","18015931515","189.935","South Korea"
"1311","Grupo Carso","GCARSOA1.MX","18012446504","7.99517","Mexico"
"1312","KPN","KPN.AS","18003008472","4.77265","Netherlands"
"1313","Zimmer Biomet","ZBH","17971306496","94.22","United States"
"1314","BE Semiconductor","BESI.AS","17966285467","227.003","Netherlands"
"1315","SBI Life Insurance","SBILIFE.NS","17955054563","17.8951","India"
"1316","MKS Instruments","MKSI","17952462848","265.5","United States"
"1317","Brambles","BXB.AX","17950313852","13.4676","Australia"
"1318","SiTime","SITM","17941858304","598.95","United States"
"1319","Hwatsing Technology","688120.SS","17898675060","36.0656","China"
"1320","Air China","601111.SS","17896632554","0.873323","China"
"1321","News Corp","NWS","17893591040","33.34","United States"
"1322","WSP Global","WSP.TO","17884200362","132.656","Canada"
"1323","Kasikornbank","KBANK.BK","17881716652","7.54717","Thailand"
"1324","CVC Capital Partners plc","CVC.AS","17873709865","16.3856","Jersey"
"1325","Gen Digital","GEN","17843877888","29.81","United States"
"1326","DWS Group","DWS.F","17839282792","89.1964","Germany"
"1327","Zangge Mining Company","000408.SZ","17837929732","11.3696","China"
"1328","Sumitomo Metal Mining","5713.T","17837889797","66.4384","Japan"
"1329","Magna International","MGA","17806118912","66.56","Canada"
"1330","Alliant Energy","LNT","17789523968","68.61","United States"
"1331","Pernod Ricard","RI.PA","17781664185","70.6129","France"
"1332","Tourmaline Oil","TOU.TO","17767001768","45.7203","Canada"
"1333","Dupont De Nemours","DD","17733844992","131.32","United States"
"1334","Ovintiv","OVV","17730060288","64.1","United States"
"1335","Zhejiang Century Huatong","002602.SZ","17718197121","2.40387","China"
"1336","Ascendis Pharma","ASND","17715968000","270.09","Denmark"
"1337","East West Bancorp","EWBC","17708781568","129.25","United States"
"1338","Powszechny Zakład Ubezpieczeń","PZU.WA","17692271068","20.4885","Poland"
"1339","Nordson","NDSN","17645559808","316.8","United States"
"1340","DLF","DLF.NS","17625968556","7.12071","India"
"1341","Vodafone Idea","IDEA.NS","17621399396","0.162645","India"
"1342","Franklin Resources","BEN","17604866048","34.65","United States"
"1343","Blue Owl Capital","OWL","17583495168","11.22","United States"
"1344","Bankinter","BKT.MC","17578870743","19.5604","Spain"
"1345","WESCO International","WCC","17552113664","360.17","United States"
"1346","C. H. Robinson","CHRW","17539375104","150.1","United States"
"1347","Flutter Entertainment","FLUT","17475387392","100.7","Ireland"
"1348","Bank of Beijing","601169.SS","17456353455","0.825633","China"
"1349","Nomura Research Institute","4307.T","17450618358","31.1562","Japan"
"1350","Falabella","FALABELLA.SN","17444762929","6.95331","Chile"
"1351","SK Innovation","096770.KS","17415426080","102.841","South Korea"
"1352","Wolters Kluwer","WKL.AS","17410426970","78.2184","Netherlands"
"1353","Hong Kong and China Gas","0003.HK","17373250919","0.931049","Hong Kong"
"1354","APi Group","APG","17372844032","40.2","United States"
"1355","Galp Energia","GZ5.F","17362408884","24.0144","Portugal"
"1356","SEGRO","SGRO.L","17346139884","12.8206","United Kingdom"
"1357","James Hardie Industries","JHX","17334403072","29.86","Ireland"
"1358","Boliden","BOL.ST","17329529019","61.0275","Sweden"
"1359","ASR Nederland","ASRNL.AS","17325902612","85.9635","Netherlands"
"1360","B3","B3SA3.SA","17316731228","3.46964","Brazil"
"1361","First Financial Holding","2892.TW","17275443993","1.2014","Taiwan"
"1362","Airtel Africa","AAF.L","17261043196","4.75559","United Kingdom"
"1363","Doosan","000150.KS","17202610385","961.991","South Korea"
"1364","Onto Innovation","ONTO","17182408704","281.11","United States"
"1365","Annaly Capital Management","NLY","17124390912","22.72","United States"
"1366","Lundin Gold","LUG.TO","17123894556","70.815","Canada"
"1367","Wipro","WIT","17114484736","1.73","India"
"1368","Pidilite","PIDILITIND.NS","17102800373","16.8024","India"
"1369","South32","S32.AX","17086894300","3.81283","Australia"
"1370","Fortive","FTV","17066983424","56.51","United States"
"1371","Luzhou Laojiao","000568.SZ","17061772531","11.5917","China"
"1372","Sonova","SOON.SW","16970645728","285.679","Switzerland"
"1373","Keppel","BN4.SI","16908960634","9.39375","Singapore"
"1374","China Tourism Group Duty Free","601888.SS","16904160161","8.13562","China"
"1375","Industries Qatar","IQCD.QA","16903433078","2.79396","Qatar"
"1376","Jacobs Engineering","J","16885160960","144.27","United States"
"1377","SDIC Power Holdings","600886.SS","16855961657","2.10581","China"
"1378","Nippon Paint","4612.T","16849405096","7.26436","Japan"
"1379","Rollins","ROL","16816032768","34.95","United States"
"1380","Singapore Airlines","C6L.SI","16782393597","5.32155","Singapore"
"1381","Invitation Homes","INVH","16763864064","28.22","United States"
"1382","Banco Santander-Chile","BSAC","16748149760","35.55","Chile"
"1383","Clean Harbors","CLH","16740420608","317.13","United States"
"1384","Al Dar Properties","ALDAR.AE","16718978966","2.13","United Arab Emirates"
"1385","Amer Sports","AS","16692473856","28.69","Finland"
"1386","Lattice Semiconductor","LSCC","16687136768","117.49","United States"
"1387","Zebra Technologies","ZBRA","16678900736","352.54","United States"
"1388","IDEX","IEX","16635631616","225.66","United States"
"1389","Tata Motors","TATAMOTORS.NS","16633915542","4.51722","India"
"1390","Swedish Orphan Biovitrum","SOBI.ST","16629727550","47.6908","Sweden"
"1391","Evolution Gaming","EVO.ST","16627701469","89.9551","Sweden"
"1392","Pershing Square Inc.","PS","16596000768","41.49","United States"
"1393","SCREEN Holdings","7735.T","16543434717","87.4907","Japan"
"1394","FinecoBank","FBK.MI","16513923840","26.9915","Italy"
"1395","ABB India","ABB.NS","16510917823","77.9154","India"
"1396","Azrieli Group","AZRG.TA","16510038740","132.593","Israel"
"1397","Medpace","MEDP","16492719104","590.89","United States"
"1398","Power Assets","0006.HK","16484861162","7.73536","Hong Kong"
"1399","COSCO Shipping Energy","600026.SS","16477110349","3.0149","China"
"1400","Continental","CON.DE","16475187999","82.3735","Germany"
"1401","Futu Holdings","FUTU","16472853504","117.5","Hong Kong"
"1402","Henderson Land Development","0012.HK","16461883584","3.40024","Hong Kong"
"1403","Cholamandalam Investment and Finance","CHOLAFIN.NS","16425870608","19.2326","India"
"1404","EVE Energy","300014.SZ","16421184994","7.55589","China"
"1405","IonQ","IONQ","16395840512","40.47","United States"
"1406","Daiwa Securities Group","8601.T","16393740338","11.8062","Japan"
"1407","Public Power Corporation","PPC.AT","16393467191","27.9102","Greece"
"1408","NVR","NVR","16381886464","6116.86","United States"
"1409","Carlyle Group","CG","16373492736","45.95","United States"
"1410","INNIO N.V.","INIO","16364999680","21.82","Germany"
"1411","mBank","MBK.WA","16356754849","384.631","Poland"
"1412","Saudi Arabian Fertilizer Company","2020.SR","16353812363","34.3542","Saudi Arabia"
"1413","Weyerhaeuser","WY","16353500160","22.69","United States"
"1414","Xi'an Eswin Material Technology Co.,Ltd.","688783.SS","16325709737","4.04322","China"
"1415","Sieyuan Electric","002028.SZ","16263761858","20.7824","China"
"1416","Huaneng Power International","600011.SS","16263437108","1.02832","China"
"1417","EDP Renováveis","EDPR.LS","16254714536","15.339","Spain"
"1418","Jio Financial Services","JIOFIN.NS","16238317977","2.45918","India"
"1419","Leidos","LDOS","16218613760","129.24","United States"
"1420","Jones Lang LaSalle","JLL","16199772160","352.11","United States"
"1421","Computershare","CPU.AX","16172117980","27.9607","Australia"
"1422","BB Seguridade Participações","BBSE3.SA","16170389350","8.32989","Brazil"
"1423","Ball Corporation","BALL","16152199168","61.02","United States"
"1424","Reinsurance Group of America","RGA","16138653696","247.14","United States"
"1425","Secom","9735.T","16138409597","40.4543","Japan"
"1426","PMetal (Press Metal Aluminium)","8869.KL","16125847373","1.95711","Malaysia"
"1427","Millicom","TIGO","16095128576","95.97","Luxembourg"
"1428","Yangzijiang Shipbuilding (Holdings) Ltd.","BS6.SI","16093360567","4.08919","China"
"1429","DiDi","DIDIY","16091833344","3.57","China"
"1430","W. P. Carey","WPC","16074079232","70.56","United States"
"1431","Whitecap Resources","WCP.TO","16072271963","13.2184","Canada"
"1432","Korea Electric Power","KEP","16061941760","12.51","South Korea"
"1433","Burlington Stores","BURL","16044257280","255.42","United States"
"1434","Rede D'Or Sao Luiz","RDOR3.SA","16038823642","7.36807","Brazil"
"1435","BAWAG Group","0B2.F","16037255947","208.28","Austria"
"1436","ING Bank Slaski","ING.WA","15987690044","122.888","Poland"
"1437","Kimco Realty","KIM","15937955840","23.76","United States"
"1438","Unibail-Rodamco-Westfield","URW.PA","15936233744","110.269","France"
"1439","Meritz Financial Group","138040.KS","15900308047","96.4976","South Korea"
"1440","LG Chem","051910.KS","15889507150","202.996","South Korea"
"1441","The Phoenix Holdings","PHOE.TA","15889060603","63.0203","Israel"
"1442","Shionogi","4507.T","15834227702","18.6027","Japan"
"1443","Mapfre","MAP.MC","15833825408","5.15874","Spain"
"1444","Cemex","CX","15829188608","10.97","Mexico"
"1445","Inspur","000977.SZ","15827158782","10.7779","China"
"1446","ZTO Express","ZTO","15776877568","20.84","China"
"1447","Neurocrine Biosciences","NBIX","15768838144","155.13","United States"
"1448","China Three Gorges Renewables","600905.SS","15763682381","0.551416","China"
"1449","MMG Limited","1208.HK","15761838507","1.22694","Australia"
"1450","Banco de Crédito e Inversiones","BCI.SN","15738022174","71.9932","Chile"
"1451","Evergreen Marine","2603.TW","15737021455","7.26869","Taiwan"
"1452","Mitsui O.S.K. Lines","9104.T","15716121350","45.7369","Japan"
"1453","Trent Limited","TRENT.NS","15712152535","29.4659","India"
"1454","Türkiye Petrol Rafinerileri","TUPRS.IS","15684883839","8.1404","Turkey"
"1455","Nexon","3659.T","15663383225","20.1102","Japan"
"1456","Coloplast","COLO-B.CO","15660231062","69.4873","Denmark"
"1457","Kerry Group","KRZ.IR","15654636720","98.4998","Ireland"
"1458","Polyus","PLZL.ME","15647563020","11.45","Russia"
"1459","Brookfield Renewable Partners","BEP","15630296064","32.13","Bermuda"
"1460","Shanghai Electric Group","601727.SS","15609599530","1.00447","China"
"1461","Talen Energy","TLN","15609027584","325.77","United States"
"1462","Admiral Group","ADM.L","15606854043","52.2139","United Kingdom"
"1463","Emera","EMA.TO","15602841661","50.7988","Canada"
"1464","Jazz Pharmaceuticals","JAZZ","15584043008","240.07","Ireland"
"1465","RBC Bearings","RBC","15583630336","492.23","United States"
"1466","TCL Technology Group Corporation","000100.SZ","15568546744","0.709389","China"
"1467","Datang International Power Generation Company","601991.SS","15527985967","0.839046","China"
"1468","Bharat Heavy Electricals Limited","BHEL.NS","15504526012","4.45268","India"
"1469","GFL Environmental","GFL","15471368192","42.87","Canada"
"1470","Kajima","1812.T","15454706358","33.5278","Japan"
"1471","Chow Tai Fook","1929.HK","15452673472","1.5662","Hong Kong"
"1472","Guosen Securities","002736.SZ","15446562859","1.5082","China"
"1473","SITC International","1308.HK","15428705409","5.73424","Hong Kong"
"1474","Tatneft","TATN.ME","15420736191","6.83","Russia"
"1475","Sterling Infrastructure","STRL","15361554432","502.2","United States"
"1476","LATAM Airlines","LTM","15360274432","52.47","Chile"
"1477","Asahi Group","2502.T","15348725926","10.4937","Japan"
"1478","Ganfeng Lithium","002460.SZ","15339303820","7.31595","China"
"1479","Solventum","SOLV","15338860544","90.11","United States"
"1480","Host Hotels & Resorts","HST","15332613120","22.07","United States"
"1481","SCB (Siam Commercial Bank)","SCB.BK","15319005811","4.5496","Thailand"
"1482","Piraeus Financial Holdings","TPEIR.AT","15294375443","12.4142","Greece"
"1483","Albemarle","ALB","15289916416","129.57","United States"
"1484","Ipsen","IPN.PA","15286714794","185.138","France"
"1485","Nippon Sanso","4091.T","15274827484","35.2887","Japan"
"1486","China Satellite Communications","601698.SS","15260671608","3.61252","China"
"1487","Alamos Gold","AGI","15258133504","36.45","Canada"
"1488","APA Corporation","APA","15257808896","43.55","United States"
"1489","Grupo Financiero Inbursa","GFINBURO.MX","15254515001","2.54878","Mexico"
"1490","Lamar Advertising","LAMR","15226358784","149.94","United States"
"1491","Pinnacle Financial Partners","PNFP","15218553856","100.71","United States"
"1492","Mid-America Apartment Communities","MAA","15214279680","127.89","United States"
"1493","Performance Food Group","PFGC","15203044352","96.79","United States"
"1494","Telus","TU","15198749696","9.65","Canada"
"1495","BOSCH India","BOSCHLTD.NS","15196966033","515.219","India"
"1496","Lundbergföretagen","LUND-B.ST","15191765857","61.2571","Sweden"
"1497","Hyatt Hotels","H","15182480384","161.11","United States"
"1498","Aramark","ARMK","15179530240","57.58","United States"
"1499","Akamai","AKAM","15177911296","105.61","United States"
"1500","Semtech","SMTC","15176612864","162.62","United States"
"1501","RB Global","RBA","15164175360","81.88","Canada"
"1502","Informa plc","INF.L","15143879862","12.1219","United Kingdom"
"1503","Elia Group","ELI.BR","15142285422","138.737","Belgium"
"1504","CG Power and Industrial Solutions","CGPOWER.NS","15133348429","9.60573","India"
"1505","Endeavour Mining","EDV.TO","15106293982","62.675","United Kingdom"
"1506","Lincoln Electric","LECO","15100819456","277.05","United States"
"1507","Sartorius","SRT.DE","15096906229","218.63","Germany"
"1508","Huagong Tech","000988.SZ","15064558059","14.9821","China"
"1509","Sichuan Biokin Pharmaceutical","688506.SS","15048050752","36.4471","China"
"1510","Corebridge Financial","CRBG","15044690944","33.75","United States"
"1511","Lingyi iTECH","002600.SZ","15042534887","1.85246","China"
"1512","Gjensidige Forsikring","GJF.OL","15025470485","30.0531","Norway"
"1513","Omega Healthcare Investors","OHI","15016550400","47.03","United States"
"1514","Fisher & Paykel Healthcare","FPH.NZ","14986858647","25.4773","New Zealand"
"1515","Hua Xia Bank","600015.SS","14966199121","0.940387","China"
"1516","VeriSilicon Microelectronics","688521.SS","14960761391","28.4471","China"
"1517","Bitmine Immersion Technologies","BMNR","14941917184","24.77","United States"
"1518","Fabrinet","FN","14918412288","416.31","Cayman Islands"
"1519","DigitalOcean","DOCN","14896153600","126.69","United States"
"1520","UPM-Kymmene","UPM.HE","14895570371","28.2475","Finland"
"1521","Unum","UNM","14891920384","94.07","United States"
"1522","JD Health","6618.HK","14888724996","4.668","China"
"1523","TransUnion","TRU","14877740032","77.65","United States"
"1524","Telkom Indonesia","TLK","14866006016","15.08","Indonesia"
"1525","Sun Communities","SUI","14865394688","117.65","United States"
"1526","REA Group","REA.AX","14861585762","113.569","Australia"
"1527","Siemens India","SIEMENS.NS","14841986684","41.6769","India"
"1528","Lifco","LIFCO-B.ST","14836297247","32.6635","Sweden"
"1529","Pan Pacific International Holdings","7532.T","14791802333","4.94795","Japan"
"1530","Chubu Electric Power","9502.T","14783728607","19.5709","Japan"
"1531","HMM","011200.KS","14782858961","15.6725","South Korea"
"1532","UL Solutions","ULS","14776928256","73.19","United States"
"1533","Equinox Gold","EQX","14756692992","12.64","Canada"
"1534","MiniMax Group","0100.HK","14752242859","42.2416","China"
"1535","Union Bank of India","UNIONBANK.NS","14752227911","1.93254","India"
"1536","SK Telecom","SKM","14749054976","38.42","South Korea"
"1537","Yum China","YUMC","14740337664","43.34","China"
"1538","Cummins India","CUMMINSIND.NS","14735972483","53.1601","India"
"1539","Topicus","TOI.V","14714436625","69.0233","Canada"
"1540","BWX Technologies","BWXT","14697082880","160.41","United States"
"1541","Romgaz","SNG.RO","14679507773","3.80868","Romania"
"1542","Warner Music Group","WMG","14662766592","28.03","United States"
"1543","Kirin Holdings","2503.T","14658672719","18.3948","Japan"
"1544","T&amp;D Holdings","8795.T","14639781222","30.7273","Japan"
"1545","Hitachi Energy India","POWERINDIA.NS","14637589679","328.401","India"
"1546","Somnigroup International","SGI","14633022464","69.56","United States"
"1547","CGI","GIB","14629877760","70.65","Canada"
"1548","BridgeBio Pharma","BBIO","14615056384","74.76","United States"
"1549","Dynatrace","DT","14595609600","50.29","United States"
"1550","Israel Discount Bank","DSCT.TA","14580460151","11.9164","Israel"
"1551","CapitaLand Mall Trust","C38U.SI","14579917935","1.85029","Singapore"
"1552","Tech Mahindra","TECHM.NS","14567495578","16.4438","India"
"1553","Healthpeak Properties","DOC","14540508160","20.51","United States"
"1554","BSE","BSE.NS","14538880606","35.7987","India"
"1555","Moncler","MONC.MI","14537327560","53.4481","Italy"
"1556","Osaka Gas","9532.T","14528971884","38.2841","Japan"
"1557","China Communications Construction","601800.SS","14498169775","0.894188","China"
"1558","GlobalWafers","6488.TWO","14492894153","30.3126","Taiwan"
"1559","Sunoco","SUN","14492793856","76.92","United States"
"1560","Covestro","1COV.F","14488219859","69.7756","Germany"
"1561","Varun Beverages","VBL.NS","14474158897","4.27917","India"
"1562","Japan Exchange Group","8697.T","14469090044","14.2071","Japan"
"1563","PTC","PTC","14459002880","133.255","United States"
"1564","Western Mining","601168.SS","14450711114","6.06408","China"
"1565","Unisplendour","000938.SZ","14445320998","5.05067","China"
"1566","Symrise","SY1.DE","14437499766","105.245","Germany"
"1567","Dubai Islamic Bank","DIB.AE","14384953135","1.99042","United Arab Emirates"
"1568","Suncorp","SUN.AX","14383569710","13.5687","Australia"
"1569","IGM Financial","IGM.TO","14370451910","62.2397","Canada"
"1570","Emirates Integrated Telecommunications Company","DU.AE","14341983390","3.16397","United Arab Emirates"
"1571","Bureau Veritas","BVI.PA","14301085913","32.1433","France"
"1572","Exelixis","EXEL","14289569792","57.67","United States"
"1573","Banque Saudi Fransi","1050.SR","14278295597","5.76831","Saudi Arabia"
"1574","Invesco","IVZ","14278103040","32.34","United States"
"1575","Eurofins Scientific","ERF.PA","14275879484","82.8003","Luxembourg"
"1576","Origin Energy","ORG.AX","14269147615","8.28279","Australia"
"1577","Tryg","TRYG.CO","14247391423","23.9091","Denmark"
"1578","Tyler Technologies","TYL","14244019200","347.82","United States"
"1579","Penske Automotive Group","PAG","14239650816","216.86","United States"
"1580","Banque Cantonale Vaudoise","BCVN.SW","14210084471","165.452","Switzerland"
"1581","Grupo Bimbo","BIMBOA.MX","14196517169","3.30437","Mexico"
"1582","Regency Centers","REG","14195776512","75.93","United States"
"1583","Equitable Holdings","EQH","14194732032","52.04","United States"
"1584","Revvity","RVTY","14180400128","127.08","United States"
"1585","Everest Group","EG","14180293632","369.83","Bermuda"
"1586","Stanley Black &amp; Decker","SWK","14166871040","93.81","United States"
"1587","Anhui Conch Cement","600585.SS","14152533304","2.67064","China"
"1588","Alteogen","196170.KQ","14146981803","203.369","South Korea"
"1589","Ares Capital","ARCC","14145050624","19.7","United States"
"1590","Emaar Development","EMAARDEV.AE","14115340512","3.52884","United Arab Emirates"
"1591","Logitech","LOGI","14105483264","98.51","Switzerland"
"1592","LTIMindtree","LTIM.NS","14069121851","47.4605","India"
"1593","Mueller Industries","MLI","14062712832","63.58","United States"
"1594","Punjab National Bank","PNB.NS","14061908640","1.22353","India"
"1595","iFLYTEK","002230.SZ","14058073806","5.85246","China"
"1596","Qatar Islamic Bank","QIBK.QA","14021793635","5.93407","Qatar"
"1597","Taisei Corporation","1801.T","14012883631","85.9638","Japan"
"1598","Jiangsu Eastern Shenghong","000301.SZ","13990983646","2.11624","China"
"1599","Five Below","FIVE","13987578880","254.07","United States"
"1600","Masco","MAS","13986503680","70.93","United States"
"1601","GD Power Development","600795.SS","13981424278","0.783905","China"
"1602","Ryohin Keikaku","7453.T","13979331677","26.3349","Japan"
"1603","McCormick & Company","MKC","13953395712","51.9","United States"
"1604","Kokusai Electric","6525.T","13946740395","59.7588","Japan"
"1605","Vår Energi","VAR.OL","13943216014","5.58567","Norway"
"1606","ARC Resources","ARX.TO","13921261206","24.6013","Canada"
"1607","Sekisui House","1928.T","13920724771","21.4747","Japan"
"1608","Satellite Chemical","002648.SZ","13901311158","4.12668","China"
"1609","Assurant","AIZ","13860472832","281.01","United States"
"1610","LTM Limited","LTM.NS","13852451688","46.726","India"
"1611","ADNOC Logistics &amp; Services","ADNOCLS.AE","13838570896","1.87","United Arab Emirates"
"1612","Uni-President Enterprises","1216.TW","13833060713","2.43453","Taiwan"
"1613","Samsung Heavy Industries","010140.KS","13832858988","16.1949","South Korea"
"1614","Impala Platinum","IMP.JO","13829721900","15.408","South Africa"
"1615","CACI International Inc","CACI","13819098112","625.31","United States"
"1616","S-OIL","010950.KS","13797435615","118.514","South Korea"
"1617","Kawasaki Heavy Industries","7012.T","13795658663","15.799","Japan"
"1618","Summit Therapeutics","SMMT","13785114624","17.28","United Kingdom"
"1619","Obayashi","1802.T","13783984975","20.0517","Japan"
"1620","SBI Holdings","8473.T","13767670597","21.2993","Japan"
"1621","Ivanhoe Mines","IVN.TO","13752738545","9.64175","Canada"
"1622","QXO, Inc.","QXO","13746751488","13.25","United States"
"1623","Hecla Mining","HL","13744381952","20.46","United States"
"1624","Abu Dhabi National Oil Company (ADNOC)","ADNOCDIST.AE","13715320463","1.1","United Arab Emirates"
"1625","Trimble","TRMB","13706310656","58.78","United States"
"1626","Carrefour","CA.PA","13705429672","19.3685","France"
"1627","CSPC Pharmaceutical Group Limited","1093.HK","13702914974","1.20144","China"
"1628","Taiwan Cooperative Financial","5880.TW","13698110218","0.852246","Taiwan"
"1629","Bharat Petroleum","BPCL.NS","13693200201","3.2049","India"
"1630","Wayfair","W","13692697600","99.97","United States"
"1631","Textron","TXT","13679839232","79.54","United States"
"1632","Metro","MRU.TO","13679070984","65.3666","Canada"
"1633","True Corporation","TRUE.BK","13669424235","0.395618","Thailand"
"1634","IES Holdings","IESC","13660138496","342.8","United States"
"1635","Alcoa","AA","13654674432","51.74","United States"
"1636","TTM Technologies","TTMI","13626875904","129.35","United States"
"1637","Kingdom Holding","4280.SR","13619919521","3.6751","Saudi Arabia"
"1638","Nitto Denko","6988.T","13617156922","20.5845","Japan"
"1639","Investment AB Latour","LATO-B.ST","13603567281","21.2782","Sweden"
"1640","Asahi Kasei","3407.T","13586621544","10.1396","Japan"
"1641","H World Group Limited","HTHT","13586402304","44.18","China"
"1642","Check Point Software","CHKP","13569173504","132.9","Israel"
"1643","LG Corp","003550.KS","13568287888","87.9897","South Korea"
"1644","Carlisle Companies","CSL","13561582592","341.48","United States"
"1645","Strabag","XD4.F","13559381955","117.456","Austria"
"1646","China Southern Airlines","600029.SS","13556970024","0.748137","China"
"1647","Concordia Financial Group","7186.T","13555661189","12.1961","Japan"
"1648","Daifuku","6383.T","13549363171","36.4388","Japan"
"1649","AEGON","AEG","13542238208","9.12","Netherlands"
"1650","Charles River Laboratories","CRL","13523571712","280.76","United States"
"1651","HD Hyundai","267250.KS","13501540194","191.055","South Korea"
"1652","BorgWarner","BWA","13494932480","66.26","United States"
"1653","RenaissanceRe","RNR","13425416192","323.1","Bermuda"
"1654","LONGi Green Energy Technology","601012.SS","13416908800","1.77049","China"
"1655","Apollo Hospitals","APOLLOHOSP.NS","13402844914","93.2147","India"
"1656","OBIC","4684.T","13389249597","31.0977","Japan"
"1657","DT Midstream","DTM","13378285568","131.14","United States"
"1658","Etihad Etisalat (Mobily)","7020.SR","13377595587","17.4301","Saudi Arabia"
"1659","Harel Group","HARL.TA","13375870838","65.0862","Israel"
"1660","United Utilities","UU.L","13368534246","17.9959","United Kingdom"
"1661","J.M. Smucker Company","SJM","13316578304","124.66","United States"
"1662","Lennox","LII","13312080896","385.18","United States"
"1663","Scentre Group","SCG.AX","13311466523","2.54549","Australia"
"1664","Polycab India","POLYCAB.NS","13304180081","88.3206","India"
"1665","Insurance Australia Group","IAG.AX","13303777649","5.69035","Australia"
"1666","Acciona","ANA.MC","13302666262","250.029","Spain"
"1667","Grab Holdings","GRAB","13296731136","3.25","Singapore"
"1668","Quantinuum Inc.","QNT","13289162752","50.47","United States"
"1669","Sino Biopharmaceutical","1177.HK","13283613865","0.745477","China"
"1670","Allegion","ALLE","13269990400","156.05","Ireland"
"1671","UDR Apartments","UDR","13265522688","36.11","United States"
"1672","AMH (American Homes 4 Rent)","AMH","13241449472","32.3","United States"
"1673","China Gold International Resources","CGG.TO","13214943510","33.3362","Canada"
"1674","Ebara Corporation","6361.T","13214760021","29.0185","Japan"
"1675","Cooper Companies","COO","13201623040","67.69","United States"
"1676","BELIMO Holding","BEAN.SW","13192108529","1072.53","Switzerland"
"1677","Tongfu Microelectronics Co.,Ltd","002156.SZ","13190201611","8.69151","China"
"1678","Tōkyō Gas","9531.T","13174180178","40.1034","Japan"
"1679","Formosa Plastics","1301.TW","13153776570","2.06634","Taiwan"
"1680","Embraer","EMBJ","13152893952","73.91","Brazil"
"1681","Eastroc Beverage Group","605499.SS","13152124072","17.9136","China"
"1682","Shanghai United Imaging Healthcare","688271.SS","13142310764","15.9463","China"
"1683","Tencent Music Entertainment","TME","13135907840","8.06","China"
"1684","Olympus","7733.T","13135279807","12.3585","Japan"
"1685","Formosa Chemicals &amp; Fibre","1326.TW","13130899719","2.24498","Taiwan"
"1686","Nextpower","NXT","13128396800","85.45","United States"
"1687","Globe Life","GL","13116662784","170.68","United States"
"1688","Madison Air Solutions","MAIR","13115029504","26.14","United States"
"1689","Samsung SDS","018260.KS","13104036366","169.412","South Korea"
"1690","KT&amp;G (Korea Tobacco)","033780.KS","13093196341","126.126","South Korea"
"1691","Prada","1913.HK","13086827078","5.11439","Italy"
"1692","SKF (Svenska Kullagerfabriken)","SKF-B.ST","13086658501","28.7397","Sweden"
"1693","Jerónimo Martins","JEM.F","13074413934","20.8047","Portugal"
"1694","Tongling Nonferrous Metals Group Co.,Ltd.","000630.SZ","13069737702","0.974665","China"
"1695","RPM International","RPM","13054049280","102.27","United States"
"1696","Aurora Innovation","AUR","13047051264","6.51","United States"
"1697","Watsco","WSO","13036517376","316.02","United States"
"1698","SEI Investments","SEIC","13034083328","108.6","United States"
"1699","“K” Line","9107.T","13033233187","21.975","Japan"
"1700","Diploma plc","DPLM.L","13019093032","97.0887","United Kingdom"
"1701","Orion Corporation","ORNAV.HE","12997574041","92.3363","Finland"
"1702","Aker ASA","AKER.OL","12985666716","176.138","Norway"
"1703","Rexel","RXL.PA","12980807068","44.133","France"
"1704","Bajaj Holdings &amp; Investment","BAJAJHLDNG.NS","12966713363","116.509","India"
"1705","Delivery Hero","DHER.F","12961510759","42.2956","Germany"
"1706","Yara International","YAR.OL","12954497234","50.8567","Norway"
"1707","Mitsubishi HC Capital","8593.T","12954338063","9.03497","Japan"
"1708","iA Financial","IAG.TO","12945010389","146.462","Canada"
"1709","Avery Dennison","AVY","12937035776","170.7","United States"
"1710","Elm Company","7203.SR","12932090152","161.651","Saudi Arabia"
"1711","CNA Financial","CNA","12926606336","47.77","United States"
"1712","Bank of Baroda","BANKBARODA.NS","12905497673","2.49557","India"
"1713","Orient Overseas Container Line","0316.HK","12894791065","19.5265","Hong Kong"
"1714","Hudbay Minerals","HBM","12880198656","29","Canada"
"1715","Dongfang Electric Corporation","600875.SS","12874790079","3.7228","China"
"1716","Britannia Industries","BRITANNIA.NS","12865548970","53.4132","India"
"1717","Ally Financial","ALLY","12861561856","42.28","United States"
"1718","Baxter","BAX","12852520960","24.86","United States"
"1719","Link REIT","0823.HK","12831468987","4.93839","Hong Kong"
"1720","Aéroports de Paris","ADP.PA","12829082634","129.666","France"
"1721","MOL Group","MOL.BD","12825165067","16.2213","Hungary"
"1722","Sino Land","0083.HK","12800888287","1.33535","Hong Kong"
"1723","Seres Group","601127.SS","12793594052","7.34426","China"
"1724","Pro Medicus","PME.AX","12775845293","122.292","Australia"
"1725","Lodha Group","LODHA.NS","12773802164","12.7837","India"
"1726","Idemitsu Kosan","5019.T","12753101288","10.6399","Japan"
"1727","Hasbro","HAS","12737725440","90.31","United States"
"1728","Erie Indemnity","ERIE","12724740096","243.35","United States"
"1729","Samsung SDI","006405.KS","12714970886","161.576","South Korea"
"1730","AGNC Investment","AGNC","12660942848","10.68","United States"
"1731","Harmony Gold","HMY","12643293184","20.23","South Africa"
"1732","Fuji Electric","6504.T","12611612642","86.3861","Japan"
"1733","Amkor Technology","AMKR","12601509888","50.72","United States"
"1734","Modon Holding PSC","MODON.AE","12595561525","0.77","United Arab Emirates"
"1735","Penumbra","PEN","12575467520","319.26","United States"
"1736","Swiss Prime Site","SPSN.SW","12570908859","156.679","Switzerland"
"1737","Webster Financial","WBS","12568934400","77.57","United States"
"1738","Toll Brothers","TOL","12568850432","136.4","United States"
"1739","CP All","CPALL.BK","12542251924","1.40749","Thailand"
"1740","Allegro.eu","ALE.WA","12538652360","12.3751","Poland"
"1741","Accor","AC.PA","12535718959","54.6575","France"
"1742","Coca-Cola Consolidated","COKE","12532725760","188.28","United States"
"1743","Chifeng Jilong Gold Mining","600988.SS","12518356283","6.58718","China"
"1744","Bank of Chengdu","601838.SS","12513174935","2.95231","China"
"1745","BioMarin Pharmaceutical","BMRN","12510671872","64.63","United States"
"1746","U-Haul","UHAL","12499899392","63.94","United States"
"1747","China Resources Power Holdings","0836.HK","12479419507","2.41052","Hong Kong"
"1748","Graco","GGG","12475302912","77.03","United States"
"1749","Tele2","TEL2-B.ST","12475259126","17.918","Sweden"
"1750","Gaming and Leisure Properties","GLPI","12465240064","41.62","United States"
"1751","Guidewire Software","GWRE","12464311296","149.71","United States"
"1752","Almarai","2280.SR","12430845849","12.506","Saudi Arabia"
"1753","Eiffage","FGR.PA","12411941068","127.747","France"
"1754","Equity LifeStyle Properties","ELS","12397590528","61.83","United States"
"1755","Bolloré","BOL.PA","12397161601","4.41214","France"
"1756","Alpha Services and Holdings","ALPHA.AT","12395037149","5.49366","Greece"
"1757","Power Finance Corp","PFC.NS","12388260412","3.7539","India"
"1758","Klépierre","LI.PA","12386910883","43.1911","France"
"1759","Sage Group","SGE.L","12378408747","13.7915","United Kingdom"
"1760","BrightSpring Health Services","BTSG","12378387456","62.56","United States"
"1761","Recordati","REC.MI","12373579472","60.414","Italy"
"1762","Schroders","SDR.L","12362659807","7.92823","United Kingdom"
"1763","Innolux","3481.TW","12362335481","1.54896","Taiwan"
"1764","YTL Power International","6742.KL","12355483056","1.4247","Malaysia"
"1765","Rohm","6963.T","12350955626","31.9944","Japan"
"1766","Industrial Bank of Korea (IBK)","024110.KS","12348843812","15.4859","South Korea"
"1767","China Railway Construction","601186.SS","12345037493","0.909091","China"
"1768","Madrigal Pharmaceuticals","MDGL","12341299200","534.16","United States"
"1769","Wise PLC","WISE.L","12324258074","12.5281","United Kingdom"
"1770","Corcept Therapeutics","CORT","12321055744","113.98","United States"
"1771","Tata Power","TATAPOWER.NS","12320230382","3.85569","India"
"1772","Crown Holdings","CCK","12314952704","113.23","United States"
"1773","HubSpot","HUBS","12307269632","240.42","United States"
"1774","POSCO Future M","003670.KS","12300439330","138.291","South Korea"
"1775","CoStar Group","CSGP","12293695488","30.34","United States"
"1776","Halozyme Therapeutics","HALO","12292968448","108.31","United States"
"1777","Brown Forman","BF-A","12288385024","26.78","United States"
"1778","Muthoot Finance","MUTHOOTFIN.NS","12278901946","30.585","India"
"1779","Hut 8","HUT","12263085056","99.49","Canada"
"1780","Chime Financial","CHYM","12232085504","32.31","United States"
"1781","HDFC Life","HDFCLIFE.NS","12229346255","5.63033","India"
"1782","Pershing Square Holdings","PSHD.L","12225084416","56.685","United States"
"1783","Grupo Aeroportuario del Pacífico","PAC","12220483584","205.38","Mexico"
"1784","Indian Bank","INDIANB.NS","12216841548","9.06991","India"
"1785","ICON plc","ICLR","12216597504","158.34","Ireland"
"1786","Nitori Holdings","9843.T","12215219936","21.6177","Japan"
"1787","Zhejiang NHU Co., Ltd.","002001.SZ","12206658620","3.97168","China"
"1788","Stifel","SF","12194899968","80.76","United States"
"1789","Jindal Steel &amp; Power","JINDALSTEL.NS","12194876398","11.9853","India"
"1790","Washington H. Soul Pattinson and Company (Soul Patts)","SOL.AX","12192107597","32.0913","Australia"
"1791","GEA Group","G1A.F","12183145719","74.8343","Germany"
"1792","Li Auto","LI","12180198400","12.46","China"
"1793","Intertek","ITRK.L","12176131492","79.3253","United Kingdom"
"1794","DocuSign","DOCU","12163611648","65.08","United States"
"1795","Wharf REIC","1997.HK","12151693328","4.00223","Hong Kong"
"1796","WH Group","0288.HK","12150108343","0.946991","Hong Kong"
"1797","GAIL","GAIL.NS","12142758936","1.84679","India"
"1798","AkzoNobel","AKZA.AS","12138924019","70.8222","Netherlands"
"1799","Shizuoka Financial Group","5831.T","12127789486","22.8457","Japan"
"1800","Figma","FIG","12125974528","22.75","United States"
"1801","Manhattan Associates","MANH","12122769408","207.92","United States"
"1802","Camden Property Trust","CPT","12118358016","104.71","United States"
"1803","Paramount Skydance","PSKY","12117014528","10.8","United States"
"1804","Zydus Lifesciences","ZYDUSLIFE.NS","12052154074","12.0823","India"
"1805","AltaGas","ALA.TO","12051232739","38.6251","Canada"
"1806","Watts Water Technologies","WTS","12050613248","360.98","United States"
"1807","Arrowhead Pharmaceuticals","ARWR","12022167552","85.11","United States"
"1808","Antero Resources","AR","12014716928","39.08","United States"
"1809","Texas Roadhouse","TXRH","12001786880","182.84","United States"
"1810","Toromont","TIH.TO","11996717169","147.086","Canada"
"1811","Nova Ltd.","NVMI","11994420224","377.11","Israel"
"1812","Keyera","KEY.TO","11992015348","40.8668","Canada"
"1813","Severn Trent","SVT.L","11991694488","39.7021","United Kingdom"
"1814","Hong Kong Telecom","6823.HK","11988155699","1.58151","Hong Kong"
"1815","Applied Industrial Technologies","AIT","11988048896","326.66","United States"
"1816","Japan Post Insurance","7181.T","11980800827","11.0557","Japan"
"1817","Fidelity National Financial","FNF","11974810624","44.65","United States"
"1818","LG Electronics India Ltd.","LGEINDIA.NS","11972018879","17.6378","India"
"1819","Elanco","ELAN","11971806208","23.97","United States"
"1820","Power Construction Corporation of China","601669.SS","11963323258","0.694486","China"
"1821","Fresenius Medical Care","FMS","11948324864","22.45","Germany"
"1822","Arab National Bank","1080.SR","11947003000","6.01864","Saudi Arabia"
"1823","Sichuan Road and Bridge Group (SRBG)","600039.SS","11935378894","1.37258","China"
"1824","Canara Bank","CANBK.NS","11928622223","1.31508","India"
"1825","(HLBank) Hong Leong Bank","5819.KL","11917542226","5.81218","Malaysia"
"1826","Far EasTone","4904.TW","11909263394","3.30106","Taiwan"
"1827","American Healthcare REIT","AHR","11902732288","54.6","United States"
"1828","Essential Utilities","WTRG","11895567360","41.94","United States"
"1829","BXP, Inc.","BXP","11890881536","65.74","United States"
"1830","PayPay Corporation","PAYP","11890632704","17.56","Japan"
"1831","Puig Brands","PUIG.MC","11889465281","21.1071","Spain"
"1832","Encompass Health","EHC","11884773376","120.47","United States"
"1833","Pinnacle West Capital","PNW","11882176512","98.04","United States"
"1834","J&amp;T Global Express","1519.HK","11859336238","1.23141","China"
"1835","DraftKings","DKNG","11850358784","23.87","United States"
"1836","Skanska","SKA-B.ST","11840055439","28.5936","Sweden"
"1837","Zensho Holdings","7550.T","11818386070","75.5351","Japan"
"1838","Indra Sistemas","IDR.MC","11813010028","67.4962","Spain"
"1839","Cipla","CIPLA.NS","11793055716","14.5979","India"
"1840","Capcom","9697.T","11790774437","28.1868","Japan"
"1841","GarantiBank","GARAN.IS","11786553553","2.80632","Turkey"
"1842","Ooredoo","ORDS.AE","11774546544","3.68","United Arab Emirates"
"1843","Dick's Sporting Goods","DKS","11771208704","132.37","United States"
"1844","Hyundai Engineering and Construction","000720.KS","11770156939","104.707","South Korea"
"1845","GoDaddy","GDDY","11763038208","92.88","United States"
"1846","The Magnum Ice Cream Company","MICC","11760584704","19.33","Netherlands"
"1847","Koç Holding","KCHOL.IS","11759102866","4.63869","Turkey"
"1848","Crane Company","CR","11713242112","202.65","United States"
"1849","Pharmaron Beijing","300759.SZ","11708233414","6.37258","China"
"1850","Pilbara Minerals","PLS.AX","11697501089","3.62868","Australia"
"1851","First Horizon Corporation","FHN","11688082432","24.67","United States"
"1852","Swatch","UHR.SW","11683526129","224.7","Switzerland"
"1853","American Financial Group","AFG","11681976320","140.88","United States"
"1854","Getlink","GET.PA","11678222857","21.5258","France"
"1855","Hormel Foods","HRL","11672939520","21.21","United States"
"1856","Smith & Nephew","SNN","11663834112","27.87","United Kingdom"
"1857","Orient Securities Company Limited (DFZQ)","600958.SS","11636983769","1.3696","China"
"1858","Subaru","7270.T","11632398247","16.5073","Japan"
"1859","Kakao","035720.KS","11626110291","26.382","South Korea"
"1860","M&G plc","MNG.L","11614609434","4.81923","United Kingdom"
"1861","Rentokil Initial","RTO","11609930752","23.07","United Kingdom"
"1862","Tempus AI","TEM","11600150528","64.29","United States"
"1863","AIER Eye Hospital","300015.SZ","11572484284","1.24441","China"
"1864","Advanced Energy","AEIS","11563363328","288.72","United States"
"1865","Lotus Bakeries","LOTB.BR","11552781368","14211","Belgium"
"1866","Saputo","SAP.TO","11539232717","29.0704","Canada"
"1867","Bunzl","BNZL.L","11538997052","35.9919","United Kingdom"
"1868","Toray Industries","3402.T","11523477889","7.91088","Japan"
"1869","Knight-Swift Transportation","KNX","11521497088","70.79","United States"
"1870","Chiba Bank","CHBAY","11494349824","83.14","Japan"
"1871","China Eastern Airlines","600115.SS","11488256850","0.520119","China"
"1872","DaVita","DVA","11487827968","180.06","United States"
"1873","Iamgold","IAG","11482810368","20.11","Canada"
"1874","Aditya Birla Capital","ABCAPITAL.NS","11461795038","4.18688","India"
"1875","Eldorado Gold","EGO","11444358144","43.88","Canada"
"1876","CCL Industries","CCL-B.TO","11438379433","67.6591","Canada"
"1877","lululemon athletica","LULU","11424167936","103.19","Canada"
"1878","Hyundai Glovis","086280.KS","11418506447","152.247","South Korea"
"1879","Pinterest","PINS","11405544448","20.14","United States"
"1880","Sichuan Chuantou Energy","600674.SS","11398297459","2.3383","China"
"1881","Ternium","TX","11385845760","58","Luxembourg"
"1882","Evercore","EVR","11370811392","295.67","United States"
"1883","Suzano","SUZ","11367305216","9.23","Brazil"
"1884","Taiwan Mobile","3045.TW","11351788224","3.74544","Taiwan"
"1885","BJ's Wholesale Club","BJ","11349374976","89.85","United States"
"1886","Skyworks Solutions","SWKS","11342638080","75.38","United States"
"1887","Bio-Techne","TECH","11339526144","72.31","United States"
"1888","Huntington Ingalls Industries","HII","11335522304","287.67","United States"
"1889","Jefferies Financial Group","JEF","11333002240","55.72","United States"
"1890","Menora Mivtachim Holdings","MMHD.TA","11330078435","181.333","Israel"
"1891","Sanlam","SLM.JO","11308147400","5.41123","South Africa"
"1892","Ooredoo Qatar","ORDS.QA","11308000166","3.53022","Qatar"
"1893","SCSK Corporation","9719.T","11306209179","36.1482","Japan"
"1894","Indian Railway Finance","IRFC.NS","11303028117","0.864906","India"
"1895","Akeso","9926.HK","11301908453","12.2694","China"
"1896","Paytm","PAYTM.NS","11293269745","17.6145","India"
"1897","Realtek","2379.TW","11264916878","21.9648","Taiwan"
"1898","Marico","MARICO.NS","11264027118","8.6902","India"
"1899","Hero MotoCorp","HEROMOTOCO.NS","11259104038","56.2558","India"
"1900","Seven Group Holdings
 (SGH)","SGH.AX","11256520740","27.6574","Australia"
"1901","Deckers Brands","DECK","11248621568","82.6","United States"
"1902","Cathay Pacific","0293.HK","11246094419","1.84934","Hong Kong"
"1903","National Silicon Industry Group","688126.SS","11240034368","3.40089","China"
"1904","Generac","GNRC","11223600128","190.21","United States"
"1905","Lynas","LYC.AX","11214858255","11.1424","Australia"
"1906","Anker Innovations","300866.SZ","11208089231","19.0596","China"
"1907","G Mining Ventures","GMIN.TO","11206231748","37.8198","Canada"
"1908","Jack Henry &amp; Associates","JKHY","11206097920","159.83","United States"
"1909","China Resources Microelectronics","688396.SS","11203684352","8.43517","China"
"1910","Vedanta","VEDL.NS","11202705667","2.86896","India"
"1911","Nordex","NDX1.F","11200395090","47.2846","Germany"
"1912","LIG Defense & Aerospace","079550.KS","11200350561","512.713","South Korea"
"1913","Bangkok Bank","BBL.BK","11182357014","5.85819","Thailand"
"1914","Dayforce","DAY","11180042240","69.86","United States"
"1915","Astra International","ASII.JK","11173900190","0.279907","Indonesia"
"1916","Goldwind Science&amp;Technology","002202.SZ","11173211578","2.64531","China"
"1917","Thyssenkrupp","TKA.F","11163436299","17.9323","Germany"
"1918","Confluent","CFLT","11133729792","30.99","United States"
"1919","Discovery Limited","DSY.JO","11116546700","16.61","South Africa"
"1920","Instacart (Maplebear Inc.)","CART","11112003584","48","United States"
"1921","Domino's Pizza","DPZ","11095945216","335.41","United States"
"1922","Laurus Labs","LAURUSLABS.NS","11095411963","20.5352","India"
"1923","Clorox","CLX","11077279744","91.6","United States"
"1924","HDFC Asset Management Company Limited","HDFCAMC.NS","11068982031","25.8132","India"
"1925","Arrow Electronics","ARW","11067347968","217.41","United States"
"1926","Shimizu Corporation","1803.T","11056573789","16.2896","Japan"
"1927","Haisco Pharmaceutical Group","002653.SZ","11055263870","9.69001","China"
"1928","LPP SA","LPP.WA","11054202101","5947.25","Poland"
"1929","Service Corporation International","SCI","11038255104","80.99","United States"
"1930","TFI International","TFII","11024551936","134.13","Canada"
"1931","Sanmina","SANM","11009433600","205.41","United States"
"1932","SSAB","SSAB-B.ST","11008566952","11.0343","Sweden"
"1933","Indian Hotels Company","INDHOTEL.NS","10985951883","7.5943","India"
"1934","Guangdong HAID Group","002311.SZ","10968219903","6.62146","China"
"1935","New York Times","NYT","10960832512","67.96","United States"
"1936","Hikari Tsushin","9435.T","10957106844","250.744","Japan"
"1937","SG Micro","300661.SZ","10946646009","15.9657","China"
"1938","Salik Company","SALIK.AE","10945924752","1.45946","United Arab Emirates"
"1939","Powerchip Semiconductor Manufacturing","6770.TW","10938794923","2.29805","Taiwan"
"1940","SM Investments Corporation","SVTMF","10927266816","9","Philippines"
"1941","Yamaha Motor","7272.T","10921361017","11.2507","Japan"
"1942","Glaukos","GKOS","10914386944","185.04","United States"
"1943","Lufthansa","LHA.DE","10912240131","9.0778","Germany"
"1944","Align Technology","ALGN","10903908352","153.49","United States"
"1945","Regal Rexnord","RRX","10899435520","163.73","United States"
"1946","Gartner","IT","10898881536","172.59","United States"
"1947","Marks &amp; Spencer","MKS.L","10889665964","5.26337","United Kingdom"
"1948","Axsome Therapeutics","AXSM","10885781504","207.82","United States"
"1949","Hensoldt","HAG.F","10882439457","94.2203","Germany"
"1950","Antero Midstream","AM","10870034432","22.9","United States"
"1951","Shinkin Central Bank","8421.T","10852601485","1246.25","Japan"
"1952","ENKA","ENKAI.IS","10845507097","1.8499","Turkey"
"1953","BIDV  (Commercial Bank for Investment and Development of Vietnam)","BID.VN","10840574801","1.3937","Vietnam"
"1954","Enlight Renewable Energy","ENLT","10839975936","77.51","Israel"
"1955","UMB Financial","UMBF","10826677248","142.55","United States"
"1956","GMR Airports","GMRAIRPORT.NS","10803103896","1.02312","India"
"1957","Allison Transmission","ALSN","10781388800","130.56","United States"
"1958","United Spirits","UNITDSPR.BO","10771635445","15.1701","India"
"1959","EastGroup Properties","EGP","10767568896","200.24","United States"
"1960","Unicharm","8113.T","10765205102","6.25593","Japan"
"1961","Verisure plc","VSURE.ST","10761672000","10.4082","Switzerland"
"1962","Vienna Insurance Group","WSV2.F","10747296226","83.9633","Austria"
"1963","Littelfuse","LFUS","10742401024","422.95","United States"
"1964","Brookfield Property Partners","BPYPP","10725319680","16.23","Bermuda"
"1965","CPFL Energia","CPFE3.SA","10724550011","9.30745","Brazil"
"1966","Zhejiang Huayou Cobalt","603799.SS","10717760797","5.66021","China"
"1967","ViaSat","VSAT","10710513664","77.75","United States"
"1968","Unicaja Banco","UNI.MC","10710043299","4.17025","Spain"
"1969","Chongqing Changan","000625.SZ","10695891454","1.07899","China"
"1970","JFrog","FROG","10693922816","86.73","United States"
"1971","Popular, Inc. (Banco Popular de Puerto Rico)","BPOP","10688001024","167.58","United States"
"1972","Shoprite","SHP.JO","10657022100","19.7066","South Africa"
"1973","Globalstar","GSAT","10652702720","82.22","United States"
"1974","D'Ieteren Group","DIE.BR","10646983761","202.465","Belgium"
"1975","Jonhon Optronic Technology","002179.SZ","10645212153","5.06855","China"
"1976","Aritzia","ATZ.TO","10642727135","92.8844","Canada"
"1977","Sofina","SOF.VI","10624503157","300.733","Belgium"
"1978","Focus Media Information Technology","002027.SZ","10611035276","0.734724","China"
"1979","Darling Ingredients","DAR","10590153728","67.11","United States"
"1980","Tata Consumer Products","TATACONSUM.NS","10586074995","10.6964","India"
"1981","AES","AES","10580295680","14.83","United States"
"1982","China Railway Group","0390.HK","10575163121","0.431088","China"
"1983","Edison","EDNR.MI","10574886968","2.23282","Italy"
"1984","Sime Darby Plantation","5285.KL","10568751792","1.52822","Malaysia"
"1985","TMX Group","X.TO","10565128884","38.3639","Canada"
"1986","Donaldson Company","DCI","10551383040","91.03","United States"
"1987","Petro Rabigh","2380.SR","10550862626","4.8016","Saudi Arabia"
"1988","APR Co., Ltd.","278470.KS","10547493410","281.731","South Korea"
"1989","Trelleborg AB","TREL-B.ST","10511046455","47.3569","Sweden"
"1990","Ashok Leyland","ASHOKLEY.NS","10508088267","1.78896","India"
"1991","Alchip Technologies","3661.TW","10500811406","127.916","Taiwan"
"1992","Mazagon Dock Shipbuilders Limited","MAZDOCK.NS","10493802147","26.0147","India"
"1993","Beazley","BEZ.L","10476156460","17.5897","United Kingdom"
"1994","Cytokinetics","CYTK","10475414528","75.35","United States"
"1995","Ryan Specialty","RYAN","10473712640","40.87","United States"
"1996","Ackermans &amp; Van Haaren","ACKB.BR","10468982337","320.502","Belgium"
"1997","Cognex","CGNX","10468569088","62.23","United States"
"1998","Tsingtao","600600.SS","10464250752","7.67064","China"
"1999","XPeng","XPEV","10455568384","10.93","China"
"2000","Porsche SE","PAH3.DE","10452886996","34.1319","Germany"
"2001","Ambuja Cements","AMBUJACEM.NS","10439020609","4.20112","India"
"2002","Phoenix Group","PHNX.L","10432668584","10.4178","United Kingdom"
"2003","Chang Hwa Commercial Bank","2801.TW","10431372991","0.864942","Taiwan"
"2004","MGM Resorts","MGM","10423379968","40.74","United States"
"2005","Subsea 7","SUBC.OL","10419742482","35.1843","Luxembourg"
"2006","APA Group","APA.AX","10419476139","7.87117","Australia"
"2007","Krystal Biotech","KRYS","10396887040","351.26","United States"
"2008","Boubyan Bank","BOUBYAN.KW","10390585584","2201.93","Kuwait"
"2009","Abivax","ABVX","10378839040","118.95","France"
"2010","Frontline","FRO","10378679296","46.62","Bermuda"
"2011","Hyundai Rotem Company","064350.KS","10377204387","95.0796","South Korea"
"2012","Indus Towers","INDUSTOWER.NS","10376849612","3.93479","India"
"2013","Brenntag","BNR.DE","10376806856","71.8688","Germany"
"2014","Kikkoman","2801.T","10368365275","11.1759","Japan"
"2015","Quebecor","QBR-B.TO","10347258273","45.9162","Canada"
"2016","South State Corp","SSB","10339425280","106.62","United States"
"2017","Freedom Holding","FRHC","10334877696","162.02","Kazakhstan"
"2018","Budweiser APAC","1876.HK","10318065413","0.779913","Hong Kong"
"2019","Avantor","AVTR","10314472448","15.25","United States"
"2020","Novatek Microelectronics","3034.TW","10314090486","16.9497","Taiwan"
"2021","GBL","GBLB.VI","10309361469","86.8706","Belgium"
"2022","Nykaa","NYKAA.NS","10305642598","3.59674","India"
"2023","CapitaLand Investment Limited","9CI.SI","10305547316","2.06378","Singapore"
"2024","Mitsubishi Chemical Holdings","4188.T","10298173252","7.5795","Japan"
"2025","Owens Corning","OC","10292137984","130.2","United States"
"2026","BİM Birleşik Mağazalar","BIMAS.IS","10288895354","8.6769","Turkey"
"2027","Wintrust Financial","WTFC","10278856704","152.38","United States"
"2028","FactSet","FDS","10278441984","289","United States"
"2029","Citic Pacific Special Steel Group","000708.SZ","10274842190","2.03577","China"
"2030","Aurobindo Pharma","AUROPHARMA.NS","10268537006","17.8466","India"
"2031","Solstice Advanced Materials","SOLS","10250421248","64.53","United States"
"2032","Federal Realty Investment Trust","FRT","10249799680","117.25","United States"
"2033","Molina Healthcare","MOH","10246859776","196.3","United States"
"2034","First Majestic Silver","AG","10227807232","20.75","Canada"
"2035","Apogee Therapeutics","APGE","10223142912","135.07","United States"
"2036","Bank Albilad","1140.SR","10218375427","6.81225","Saudi Arabia"
"2037","Modine Manufacturing","MOD","10216229888","192.35","United States"
"2038","OPC Energy","OPCE.TA","10203607148","32.8912","Israel"
"2039","Rakuten","4755.T","10198062454","4.67375","Japan"
"2040","Max Healthcare Institute","MAXHEALTH.NS","10194256697","10.4738","India"
"2041","Oscar Health","OSCR","10188370944","33.01","United States"
"2042","JSW Energy","JSWENERGY.NS","10175769915","5.55333","India"
"2043","Cullen/Frost Bankers","CFR","10168162304","163.61","United States"
"2044","Bio-Rad Laboratories","BIO","10163715072","380.12","United States"
"2045","Lupin Limited","LUPIN.NS","10151120642","22.1996","India"
"2046","Kesko","KESKOA.HE","10145011791","25.4681","Finland"
"2047","XP Inc.","XP","10143784960","19.99","Brazil"
"2048","AtkinsRéalis","ATRL.TO","10131149824","63.3062","Canada"
"2049","Universal Health Services","UHS","10130597888","171.89","United States"
"2050","Mebuki Financial Group","7167.T","10120257453","10.7828","Japan"
"2051","Qantas Airways","QAN.AX","10118591832","6.68689","Australia"
"2052","Canadian Utilities","CU.TO","10109807760","37.1233","Canada"
"2053","Bharat Forge","BHARATFORG.NS","10104065202","21.1343","India"
"2054","Mowi","MNHVF","10097112064","19.1","Norway"
"2055","SailPoint","SAIL","10090185728","17.79","United States"
"2056","Advanced Drainage Systems","WMS","10079432704","133.67","United States"
"2057","Dillard's","DDS","10076107776","645.1","United States"
"2058","Globus Medical","GMED","10075014144","75.04","United States"
"2059","Shimano","7309.T","10067342182","118.452","Japan"
"2060","Dongfeng Motor","0489.HK","10055763756","1.2185","China"
"2061","Smiths Group","SMIN.L","10053222274","35.1659","United Kingdom"
"2062","BDO Unibank","BDOUY","10047195136","18.83","Philippines"
"2063","Tianqi Lithium","002466.SZ","10034961264","6.79434","China"
"2064","Hanwha Systems","272210.KS","10020012585","53.5849","South Korea"
"2065","Sainsbury's","SBRY.L","10006745708","4.59309","United Kingdom"
"2066","Banca Transilvania","TLV.RO","9996439925","8.02037","Romania"
"2067","Zhaojin Mining Industry Company","1818.HK","9993819514","2.82121","China"
"2068","Zions Bancorporation","ZION","9978831872","68.37","United States"
"2069","Wan Hai Lines","2615.TW","9975825492","3.55499","Taiwan"
"2070","Evonik Industries","EVK.DE","9955134754","21.3629","Germany"
"2071","Renault","RNO.PA","9954256512","34.3993","France"
"2072","Italgas","IG.MI","9942729814","9.7709","Italy"
"2073","The Weir Group","WEIR.L","9941542491","38.2938","United Kingdom"
"2074","The Ensign Group","ENSG","9939485696","170.54","United States"
"2075","Gerdau","GGB","9928359936","5.06","Brazil"
"2076","New Oriental","EDU","9921038336","59.51","China"
"2077","Bentley Systems","BSY","9920731136","32.84","United States"
"2078","Henry Schein","HSIC","9903139840","88.86","United States"
"2079","IMI plc","IMI.L","9898699496","41.8957","United Kingdom"
"2080","Dr. Reddy's Laboratories","RDY","9895900160","11.88","India"
"2081","Dino Polska","DNP.WA","9882142552","10.0797","Poland"
"2082","Paycom","PAYC","9877896192","219.16","United States"
"2083","SPX Technologies","SPXC","9876430848","197.19","United States"
"2084","Insulet","PODD","9867715584","142.28","United States"
"2085","MP Materials","MP","9861484544","55.37","United States"
"2086","bioMérieux","BIM.PA","9861280194","83.7888","France"
"2087","Leonardo DRS","DRS","9858972672","36.94","United States"
"2088","Saipem","SPM.MI","9853791862","5.07853","Italy"
"2089","Komerční banka","KOMB.PR","9853746474","52.176","Czech Republic"
"2090","Zhejiang Zheneng Electric","600023.SS","9851721730","0.734724","China"
"2091","Aisin Seiki","7259.T","9843229850","14.1129","Japan"
"2092","Old Republic International","ORI","9843220480","40.77","United States"
"2093","Praxis Precision Medicines","PRAX","9841238016","352.48","United States"
"2094","Mitsui Mining &amp; Smelting","5706.T","9839085677","171.96","Japan"
"2095","Forgent Power Solutions","FPS","9836097536","32.31","United States"
"2096","MIXUE Group","2097.HK","9828638390","25.8908","China"
"2097","Old National Bank","ONB","9797617664","25.61","United States"
"2098","China Taiping Insurance","0966.HK","9791092951","2.72427","Hong Kong"
"2099","OGE Energy","OGE","9789886464","47.39","United States"
"2100","Range Resources","RRC","9788834816","41.89","United States"
"2101","Flowserve","FLS","9785142272","76.98","United States"
"2102","FirstCash","FCFS","9776871424","225.42","United States"
"2103","Sodexo","SW.PA","9758451492","66.8682","France"
"2104","Mankind Pharma","MANKIND.NS","9756163226","24.3545","India"
"2105","Acuity Brands","AYI","9742823424","325.46","United States"
"2106","LG Innotek","011070.KS","9731212637","411.216","South Korea"
"2107","Prio SA (Petro Rio)","PRIO3.SA","9725278556","12.1949","Brazil"
"2108","Genscript Biotech","1548.HK","9722475749","4.42312","China"
"2109","Siam Cement","SCC.BK","9713937800","8.09495","Thailand"
"2110","Sirius XM","SIRI","9707526144","28.8","United States"
"2111","BlueScope Steel","BSL.AX","9699202148","22.1404","Australia"
"2112","Equatorial Energia","EQTL3.SA","9698811374","7.72015","Brazil"
"2113","Ayvens","AYV.PA","9690175497","12.4084","France"
"2114","Dundee Precious Metals","DPM.TO","9676297470","44.1098","Canada"
"2115","Bangkok Dusit Medical Services (BDMS)","BDMS.BK","9672550999","0.608643","Thailand"
"2116","Orkla","ORK.OL","9669434121","10.0542","Norway"
"2117","Empresas Copec","COPEC.SN","9628651217","7.40749","Chile"
"2118","Janus Living","JAN","9609705472","30.97","United States"
"2119","Luckin Coffee","LKNCY","9604984832","33.55","China"
"2120","Syensqo","SYENS.BR","9604940805","94.197","Belgium"
"2121","Demant","DEMANT.CO","9599259137","45.516","Denmark"
"2122","Match Group","MTCH","9598917632","41.15","United States"
"2123","Jyske Bank","JYSK.CO","9595402397","170.491","Denmark"
"2124","Kymera Therapeutics","KYMR","9580540928","116.47","United States"
"2125","Chandra Asri Petrochemical","TPIA.JK","9572802449","0.110714","Indonesia"
"2126","San’an Optoelectronics","600703.SS","9561665720","1.91654","China"
"2127","VIAVI Solutions","VIAV","9561555968","38.75","United States"
"2128","Mallplaza","MALLPLAZA.SN","9555822163","4.36339","Chile"
"2129","Westlake Corporation","WLK","9552791552","74.75","United States"
"2130","Isuzu","7202.T","9547068878","13.892","Japan"
"2131","Gildan","GIL","9546639360","51.55","Canada"
"2132","Stora Enso","STEAV.HE","9537908638","12.0944","Finland"
"2133","Centrica","CNA.L","9529764150","2.06297","United Kingdom"
"2134","Sanrio Company","8136.T","9528364745","7.8589","Japan"
"2135","Chewy","CHWY","9527301120","23.27","United States"
"2136","Murphy USA","MUSA","9517528064","517.81","United States"
"2137","Pandora","PNDORA.CO","9515728522","127.215","Denmark"
"2138","Repligen","RGEN","9511095296","168.53","United States"
"2139","Lineage","LINE","9498329088","37.88","United States"
"2140","NIO","NIO","9496477696","3.79","China"
"2141","Wynn Resorts","WYNN","9496252416","92.22","United States"
"2142","Aptiv","APTV","9495071744","45.73","Ireland"
"2143","Oshkosh Corporation","OSK","9494338560","153.78","United States"
"2144","Korea Aerospace Industries","047810.KS","9493406663","97.3931","South Korea"
"2145","Life Time Group","LTH","9490428928","42.47","United States"
"2146","Applied Optoelectronics","AAOI","9471296512","111.55","United States"
"2147","Ryder","R","9467458560","246.89","United States"
"2148","Houlihan Lokey","HLI","9461933056","135.39","United States"
"2149","Hotai Motor","2207.TW","9460403196","16.9814","Taiwan"
"2150","Andritz","AZ2.F","9459122919","96.5229","Austria"
"2151","Merlin Properties","MRL.MC","9454437574","15.2692","Spain"
"2152","Gaztransport & Technigaz","GTT.PA","9452026131","254.913","France"
"2153","Indutrade","INDT.ST","9451619063","25.943","Sweden"
"2154","CSPC Innovation Pharmaceutical","300765.SZ","9449079438","6.72727","China"
"2155","Protagonist Therapeutics","PTGX","9443526656","145.94","United States"
"2156","Saia","SAIA","9440556032","354.84","United States"
"2157","Fukuoka Financial Group","8354.T","9426832528","49.8824","Japan"
"2158","Ionis Pharmaceuticals","IONS","9424312320","56.71","United States"
"2159","Rambus","RMBS","9424228352","86.89","United States"
"2160","KT Corporation","KT","9420494848","19.78","South Korea"
"2161","Pearson","PSO","9417589760","15.67","United Kingdom"
"2162","Madison Square Garden Sports","MSGS","9409718272","390.77","United States"
"2163","Niterra","5334.T","9398479100","48.284","Japan"
"2164","Legence Corp.","LGN","9370813440","57.04","United States"
"2165","Addtech AB","ADDT-B.ST","9370027848","34.7089","Sweden"
"2166","Barito Pacific","BRPT.JK","9364257453","0.0999262","Indonesia"
"2167","NIBE Industrier","NIBE-B.ST","9362316773","4.64385","Sweden"
"2168","Ascendas Reit","A17U.SI","9361064468","1.87401","Singapore"
"2169","360 Security Technology","601360.SS","9357084256","1.33681","China"
"2170","Pentair","PNR","9355751424","58.62","United Kingdom"
"2171","Red Eléctrica","RED.MC","9349900023","17.3276","Spain"
"2172","China Merchants Shekou Industrial Zone","001979.SZ","9338513077","1.03577","China"
"2173","Godrej","GODREJCP.NS","9336330112","9.1237","India"
"2174","Valmont Industries","VMI","9335249920","483.57","United States"
"2175","Enel Américas","ENELAM.SN","9332842430","0.0906201","Chile"
"2176","Sibanye-Stillwater","SBSW","9331476480","12.9","South Africa"
"2177","NGK Insulators","5333.T","9331442474","33.151","Japan"
"2178","OTE Group","OTE.F","9321485481","22.6771","Greece"
"2179","Voya Financial","VOYA","9319647232","102.87","United States"
"2180","Affiliated Managers Group","AMG","9315264512","360.22","United States"
"2181","Xero","XRO.AX","9314024921","52.7224","New Zealand"
"2182","Shenzhen Transsion Holdings","688036.SS","9310698124","8.08793","China"
"2183","Kinetik","KNTK","9302608896","54.98","United States"
"2184","Companhia Paranaense de Energia (COPEL)","ELPC","9294880768","12.52","Brazil"
"2185","Brinker International","EAT","9292297216","222.49","United States"
"2186","CareTrust REIT","CTRE","9291048960","39.32","United States"
"2187","Elastic NV","ESTC","9283329024","88.42","United States"
"2188","Chongqing Rural Commercial Bank","3618.HK","9270286989","0.816262","China"
"2189","Toppan","7911.T","9269976549","33.008","Japan"
"2190","JSC Halyk Bank","H4L1.F","9261349447","33.9574","Kazakhstan"
"2191","Jackson Financial","JXN","9251068928","136.59","United States"
"2192","Aurubis","NDA.F","9235466623","211.536","Germany"
"2193","Bid Corp","BID.JO","9226130300","27.46","South Africa"
"2194","Silicon Motion","SIMO","9223586816","272.02","Hong Kong"
"2195","Banca Popolare di Sondrio","BPSO.MI","9223399404","20.5062","Italy"
"2196","Sunny Optical","2382.HK","9220184960","8.5835","China"
"2197","IDBI Bank","IDBI.NS","9198879949","0.855519","India"
"2198","Snap","SNAP","9183203328","5.43","United States"
"2199","Qorvo","QRVO","9181224960","104.07","United States"
"2200","Accelleron Industries","ACLN.SW","9180345303","97.6152","Switzerland"
"2201","HELLA","HLE.F","9174193340","82.5677","Germany"
"2202","Persistent Systems","PERSISTENT.NS","9162144176","58.6448","India"
"2203","Voestalpine","VAS.F","9151743101","53.3783","Austria"
"2204","Dycom Industries","DY","9136055296","302.91","United States"
"2205","Financière de Tubize","TUB.BR","9126144292","205.024","Belgium"
"2206","Tetra Tech","TTEK","9125423104","35.64","United States"
"2207","Mengniu Dairy","2319.HK","9118940265","2.35951","China"
"2208","On Holding","ONON","9114035200","27.27","Switzerland"
"2209","Coforge","COFORGE.NS","9111122345","20.5679","India"
"2210","Storebrand","STB.OL","9107477178","21.8437","Norway"
"2211","PBF Energy","PBF","9100072960","76.77","United States"
"2212","AL Sydbank A/S","ALSYDB.CO","9096248069","107.179","Denmark"
"2213","Agree Realty","ADC","9077625856","72.78","United States"
"2214","Mineral Resources","MIN.AX","9069516074","45.6817","Australia"
"2215","Medibank","MPL.AX","9068641297","3.29289","Australia"
"2216","Nordnet AB","SAVE.ST","9066443150","36.4829","Sweden"
"2217","Vanguard International Semiconductor","5347.TWO","9062295647","4.82463","Taiwan"
"2218","Commercial International Bank","CIN.F","9054885253","2.74451","Egypt"
"2219","Fosun Pharma","600196.SS","9053989414","3.39046","China"
"2220","Kratos Defense &amp; Security Solutions","KTOS","9048168448","48.2","United States"
"2221","InPost","INPST.AS","9046123676","18.0951","Luxembourg"
"2222","Dixon Technologies","DIXON.NS","9042556596","148.722","India"
"2223","Crinetics Pharmaceuticals","CRNX","9012787200","84.95","United States"
"2224","Securitas AB","SECU-B.ST","9002510469","15.7265","Sweden"
"2225","Multi Commodity Exchange","MCX.NS","8988320243","35.3156","India"
"2226","RHB Bank","1066.KL","8983703844","2.05817","Malaysia"
"2227","Vaxcyte","PCVX","8981886976","60.36","United States"
"2228","SM Energy","SM","8981368832","37.76","United States"
"2229","Capstone Copper","CS.TO","8978641258","11.7529","Canada"
"2230","CubeSmart","CUBE","8977316864","39.66","United States"
"2231","Qingdao Port International","601298.SS","8977258698","1.38301","China"
"2232","SBI Shinsei Bank","8303.T","8973626509","10.1168","Japan"
"2233","The Toro Company","TTC","8969355264","94.75","United States"
"2234","Federal Bank","FEDERALBNK.NS","8965104142","3.62997","India"
"2235","Bank of Ayudhya","BAY.BK","8954061257","1.21729","Thailand"
"2236","Sagax","SAGA-B.ST","8951943083","18.0954","Sweden"
"2237","Finning","FTT.TO","8951343357","68.5587","Canada"
"2238","Hainan Airlines","900945.SS","8945636352","0.207","China"
"2239","Brixmor Property Group","BRX","8945328128","29.15","United States"
"2240","Thai Beverage","Y92.SI","8945004573","0.355925","Thailand"
"2241","Primerica","PRI","8935587840","290.33","United States"
"2242","Tingyi (master kang)","0322.HK","8929948844","1.58406","China"
"2243","Banca Generali","BGN.MI","8925007899","78.0905","Italy"
"2244","AGCO","AGCO","8915738624","127.31","United States"
"2245","Suntory","2587.T","8914494129","28.8495","Japan"
"2246","Vicor","VICR","8913353728","193.32","United States"
"2247","TeraWulf","WULF","8911581184","17.86","United States"
"2248","YANGHE","002304.SZ","8908456276","5.91356","China"
"2249","PB Fintech","POLICYBZR.NS","8898919057","19.26","India"
"2250","TIM S.A.","TIMB","8897743872","18.73","Brazil"
"2251","Bruker","BRKR","8893212672","58.37","United States"
"2252","Kyoto Financial Group","5844.T","8887997318","31.546","Japan"
"2253","Ramsay Health Care","RHC.AX","8887814486","38.5038","Australia"
"2254","China Merchants Port","0144.HK","8871875919","2.11335","Hong Kong"
"2255","Shanghai Airport (AVINEX)","600009.SS","8844451240","3.5544","China"
"2256","West Japan Railway","9021.T","8838388188","19.4215","Japan"
"2257","Info Edge","NAUKRI.NS","8827071256","13.6275","India"
"2258","Kunlun Tech","300418.SZ","8826713912","6.86885","China"
"2259","Element Solutions","ESI","8824047616","36.21","United States"
"2260","Full Truck Alliance","YMM","8816888832","8.43","China"
"2261","PChem (Petronas Chemicals Group)","5183.KL","8814394525","1.1018","Malaysia"
"2262","Shree Cement","SHREECEM.NS","8813920230","244.283","India"
"2263","Central Pattana","CPN.BK","8809372490","1.96287","Thailand"
"2264","Autoliv","ALV","8806774784","120.25","Sweden"
"2265","MinebeaMitsumi","6479.T","8798976821","21.91","Japan"
"2266","InterDigital","IDCC","8798300160","340.94","United States"
"2267","Mohawk Industries","MHK","8786992128","129.72","United States"
"2268","ImmunityBio","IBRX","8786042880","8.29","United States"
"2269","Makita","6586.T","8782618157","34.0866","Japan"
"2270","Rural Electrification Corp","RECLTD.NS","8778571829","3.33377","India"
"2271","Qiagen","QGEN","8751258624","42.38","Netherlands"
"2272","ENN Natural Gas Co.,Ltd.","600803.SS","8745857896","2.82563","China"
"2273","SK Innovation","096775.KS","8745628084","51.6445","South Korea"
"2274","Sembcorp","U96.SI","8742496963","4.91037","Singapore"
"2275","Alexandria Real Estate Equities","ARE","8737277952","50.77","United States"
"2276","Western Alliance Bancorporation","WAL","8721523712","79.94","United States"
"2277","China Rare Earth Resources And Technology","000831.SZ","8692204569","8.19076","China"
"2278","Liberty Live Holdings","LLYVA","8679786496","94.34","United States"
"2279","Buenaventura Mining Company","BVN","8676191232","34.16","Peru"
"2280","Booz Allen Hamilton","BAH","8673750016","72.11","United States"
"2281","Yuntianhua","600096.SS","8669393939","4.75559","China"
"2282","SPIE","SPIE.PA","8667253201","51.3083","France"
"2283","Svenska Cellulosa Aktiebolaget (SCA)","SCA-B.ST","8666994908","12.3401","Sweden"
"2284","Smithfield Foods","SFD","8666820608","22.01","United States"
"2285","Hualu Hengsheng","600426.SS","8663754767","3.15052","China"
"2286","Zain (Mobile Telecommunications Company)","ZAIN.KW","8659162023","2001.17","Kuwait"
"2287","GS Holdings Corp.","078930.KS","8648391843","91.3481","South Korea"
"2288","Alstom","ALO.PA","8646802632","18.6911","France"
"2289","Turkish Airlines","THYAO.IS","8636590213","6.29359","Turkey"
"2290","ASMPT
 (ASM Pacific Technology)","0522.HK","8633167483","20.5851","Hong Kong"
"2291","Prosperity Bancshares","PB","8627489792","71.79","United States"
"2292","Shiseido","4911.T","8623361352","21.5787","Japan"
"2293","Jardine Cycle &amp; Carriage","C07.SI","8616211701","21.8002","Singapore"
"2294","ENGIE Brasil","EGIE3.SA","8605658444","6.07581","Brazil"
"2295","Nedbank","NED.JO","8605344500","18.834","South Africa"
"2296","JD Logistics","2618.HK","8599460696","1.4055","China"
"2297","CarMax","KMX","8595555328","60.57","United States"
"2298","Figure Technology Solutions","FIGR","8585819136","38.265","United States"
"2299","Timken Company","TKR","8583106560","123.86","United States"
"2300","FormFactor","FORM","8582343168","109.86","United States"
"2301","Lear Corporation","LEA","8582153216","128.91","United States"
"2302","Hulic","3003.T","8579856912","11.2994","Japan"
"2303","Abu Dhabi Ports","ADPORTS.AE","8578262498","1.69","United Arab Emirates"
"2304","Otsuka","4768.T","8574419070","22.6118","Japan"
"2305","China Zheshang Bank","2016.HK","8564505354","0.311838","China"
"2306","Columbia Banking System","COLB","8563451904","30.27","United States"
"2307","Rexford Industrial","REXR","8557788160","37.43","United States"
"2308","10x Genomics","TXG","8547100672","65.6","United States"
"2309","American Airlines","AAL","8546031616","12.91","United States"
"2310","Infratil","IFT.NZ","8539281556","8.54516","New Zealand"
"2311","Procore","PCOR","8536851456","56.18","United States"
"2312","TG Therapeutics","TGTX","8532879360","55.74","United States"
"2313","Core &amp; Main","CNM","8527373824","44.06","United States"
"2314","KBC Ancora","KBCA.BR","8526023011","110.711","Belgium"
"2315","Sasol","SSL","8525801472","13.3","South Africa"
"2316","Toho Co.","9602.T","8510284898","10.2305","Japan"
"2317","Auckland Airport","AIA.AX","8507209321","5.00433","New Zealand"
"2318","YTO Express","600233.SS","8506461043","2.48435","China"
"2319","PetGas (Petronas Gas)","6033.KL","8506059985","4.29874","Malaysia"
"2320","A2A","A2A.MI","8505944919","2.71892","Italy"
"2321","Zabka Group","ZAB.WA","8504062159","8.52608","Poland"
"2322","Taesa (Transmissora Aliança de Energia Elétrica)","TAEE11.SA","8503237895","8.22761","Brazil"
"2323","Oil India","OIL.NS","8499509455","5.2253","India"
"2324","AECOM","ACM","8499111936","66.04","United States"
"2325","MISC Berhad","3816.KL","8482987503","1.90042","Malaysia"
"2326","AU Small Finance Bank","AUBANK.NS","8482467385","11.325","India"
"2327","CITIC Metal","601061.SS","8478240763","1.73025","China"
"2328","Founder Securities","601901.SS","8477469176","1.02981","China"
"2329","VZ Holding","VZN.SW","8477161105","215.248","Switzerland"
"2330","GameStop","GME","8475777536","18.89","United States"
"2331","AirTAC International","1590.TW","8474845635","42.3742","Taiwan"
"2332","First Industrial Realty Trust","FR","8458181120","61.73","United States"
"2333","NNN REIT","NNN","8456531456","44.45","United States"
"2334","Hess Midstream","HESM","8447128064","40.97","United States"
"2335","Korea Investment Holdings","071050.KS","8446182187","144.634","South Korea"
"2336","Kunlun Energy Company","0135.HK","8439711567","0.978877","Hong Kong"
"2337","Eisai","4523.T","8439462648","29.9021","Japan"
"2338","The Mosaic Company","MOS","8433771520","26.53","United States"
"2339","PSP Swiss Property","PSPN.SW","8433389628","183.863","Switzerland"
"2340","Tokyo Century","8439.T","8431747470","17.2512","Japan"
"2341","OUTsurance Group","OUT.JO","8428569400","5.44436","South Africa"
"2342","Melrose Industries","MRO.L","8411369652","6.75017","United Kingdom"
"2343","WiseTech Global","WTC.AX","8393005366","24.9567","Australia"
"2344","Vista Energy","VIST","8391436800","75.86","Mexico"
"2345","Konecranes","KCR.HE","8384792226","35.2832","Finland"
"2346","Ecopro","086520.KQ","8382971665","61.9062","South Korea"
"2347","Acciona Energías Renovables","ANE.MC","8378878534","25.817","Spain"
"2348","Huadian Power International","600027.SS","8375705858","0.721311","China"
"2349","ANA Holdings","9202.T","8372808417","19.35","Japan"
"2350","VPBank (Vietnam Prosperity Joint Stock Commercial Bank)","VPB.VN","8369504814","1.0549","Vietnam"
"2351","Sangfor Technologies","300454.SZ","8369415964","19.3934","China"
"2352","Kinsale Capital Group","KNSL","8366287360","367.29","United States"
"2353","DB Insurance","005830.KS","8363804417","137.918","South Korea"
"2354","Commerce Bancshares","CBSH","8357792768","58.27","United States"
"2355","Riot Platforms","RIOT","8353264128","22.26","United States"
"2356","Dai Nippon Printing","7912.T","8351408784","19.5189","Japan"
"2357","Nippon Express","9147.T","8334484619","35.0743","Japan"
"2358","StoneX Group","SNEX","8330997760","69.07","United States"
"2359","Japan Airlines","9201.T","8329723845","19.3792","Japan"
"2360","Ryman Hospitality Properties","RHP","8323644416","120.66","United States"
"2361","Quiñenco","QUINENCO.SN","8316135083","5.00141","Chile"
"2362","Food &amp; Life Companies","3563.T","8312433467","36.5752","Japan"
"2363","Lincoln National Corporation","LNC","8293498368","43.32","United States"
"2364","PGE Polska","PGE.WA","8291108159","3.69526","Poland"
"2365","Buzzi Unicem","BZU.MI","8272379675","46.8659","Italy"
"2366","SalMar ASA","SALM.OL","8261626594","60.9542","Norway"
"2367","BKW AG","BKW.SW","8261480236","156.555","Switzerland"
"2368","Compass","COMP","8252179456","10.75","United States"
"2369","BOK Financial","BOKF","8247279616","135.72","United States"
"2370","Meridian Energy","MEZ.AX","8243396210","3.11236","New Zealand"
"2371","Nemetschek","NEM.F","8240609358","71.4037","Germany"
"2372","PhosAgro","PHOR.ME","8221149413","64.95","Russia"
"2373","Motor Oil (Hellas) Corinth Refineries","MOH.AT","8210846790","75.5902","Greece"
"2374","UGI Corporation","UGI","8208722432","38.27","United States"
"2375","Pirelli","PIRC.MI","8206950970","7.56483","Italy"
"2376","IndusInd Bank","INDUSINDBK.NS","8199187039","10.5234","India"
"2377","Stantec","STN","8197310464","72.93","Canada"
"2378","Bank of the Philippine Islands","BPHLY","8196121600","30.95","Philippines"
"2379","Credito Emiliano","CE.MI","8186714496","24.0726","Italy"
"2380","Bank Negara Indonesia","BBNI.JK","8186215508","0.219724","Indonesia"
"2381","Zhejiang Chint Electrics","601877.SS","8179533097","3.80626","China"
"2382","Immunovant","IMVT","8173289984","39.57","United States"
"2383","Bharti Hexacom","BHARTIHEXA.NS","8170724142","16.3414","India"
"2384","Clearway Energy","CWEN","8166117888","33.11","United States"
"2385","Sunway","5211.KL","8165161640","1.20779","Malaysia"
"2386","Schaeffler","SHA0.DE","8164313081","8.64054","Germany"
"2387","Vicinity Centres","VCX.AX","8142705092","1.75477","Australia"
"2388","Steel Authority of India","SAIL.NS","8107868116","1.96291","India"
"2389","Lithia Motors","LAD","8105175040","368.7","United States"
"2390","StandardAero","SARO","8097597952","24.47","United States"
"2391","Bank Muscat","BKMB.OM","8091311319","1.07792","Oman"
"2392","Rational AG","RAA.F","8078927804","710.548","Germany"
"2393","Chord Energy","CHRD","8073952768","147.61","United States"
"2394","MBME GROUP","MBME.AE","8073257081","2.94","United Arab Emirates"
"2395","Choice Properties REIT","CHP-UN.TO","8060546969","11.1363","Canada"
"2396","Hiscox","HSX.L","8059962247","25.3893","Bermuda"
"2397","Oklo","OKLO","8056424448","43.31","United States"
"2398","Games Workshop Group","GAW.L","8054345847","243.737","United Kingdom"
"2399","TMBThanachart Bank (ttb)","TTB.BK","8053395498","0.0888618","Thailand"
"2400","Indoritel","DNET.JK","8053142741","0.567762","Indonesia"
"2401","Applied Digital","APLD","8048640512","28.31","United States"
"2402","Eastman Chemical","EMN","8047451136","70.39","United States"
"2403","Dutch Bros","BROS","8047188480","45.88","United States"
"2404","Davide Campari-Milano","CPR.MI","8045030597","6.70776","Italy"
"2405","Akbank","AKBNK.IS","8042176470","1.54657","Turkey"
"2406","NHPC Limited","NHPC.NS","8041706534","0.800565","India"
"2407","Twist Bioscience","TWST","8030312448","128.06","United States"
"2408","Hitachi Construction Machinery","6305.T","8029193864","37.7708","Japan"
"2409","Fortune Electric Co., Ltd.","1519.TW","8029122296","23.1074","Taiwan"
"2410","Levi Strauss &amp; Co.","LEVI","8024134144","20.85","United States"
"2411","The Hachijuni Bank","8359.T","8017377948","17.6378","Japan"
"2412","Localiza","RENT3.SA","8006345000","7.24809","Brazil"
"2413","Spyre Therapeutics","SYRE","8005295616","90.79","United States"
"2414","A. O. Smith","AOS","7994142208","58.82","United States"
"2415","Wuhan Guide Infrared","002414.SZ","7994105163","1.87183","China"
"2416","China Resources Beer","0291.HK","7989373174","2.46282","Hong Kong"
"2417","Lion Finance Group PLC","BGEO.L","7986719555","185.511","United Kingdom"
"2418","First International Bank of Israel","FIBI.TA","7984536699","79.6088","Israel"
"2419","NewMarket Corp","NEU","7979721728","867.7","United States"
"2420","Investec","INVR.L","7978939614","9.04733","United Kingdom"
"2421","Idacorp","IDA","7975839232","137.89","United States"
"2422","National Fuel Gas","NFG","7965729280","83.81","United States"
"2423","Tongwei Co.,Ltd","600438.SS","7957318689","1.76751","China"
"2424","Pure Health Holding","PUREHEALTH.AE","7956171562","0.72","United Arab Emirates"
"2425","Paylocity","PCTY","7946681856","143.53","United States"
"2426","Canadian Tire","CTC.TO","7945637996","152.353","Canada"
"2427","Ultrapar Participacoes","UGP","7938869248","7.45","Brazil"
"2428","Cinda Securities","601059.SS","7926259288","2.44411","China"
"2429","Celcomdigi","6947.KL","7923177602","0.675376","Malaysia"
"2430","Primo Brands","PRMB","7922947584","21.89","United States"
"2431","Hyundai Autoever Corporation","307950.KS","7910140153","288.448","South Korea"
"2432","ALS Global","ALQ.AX","7909278488","15.5835","Australia"
"2433","AptarGroup","ATR","7905677312","124.34","United States"
"2434","Zurich Airport","FHZN.SW","7904923767","257.506","Switzerland"
"2435","GAC (Guangzhou Automobile Group)","601238.SS","7902345608","0.774963","China"
"2436","Dahua Technology","002236.SZ","7893002943","2.41431","China"
"2437","Galaxy Digital Holdings","7LX.F","7887111260","22.3715","United States"
"2438","SRF Limited","SRF.NS","7884735480","26.6011","India"
"2439","South Bow","SOBO","7882545664","37.79","Canada"
"2440","Sojitz Corporation","2768.T","7880230208","37.8748","Japan"
"2441","Metlen Energy &amp; Metals","MTLN.AT","7868017567","55.2622","Greece"
"2442","IDFC FIRST Bank","IDFCFIRSTB.NS","7866191324","0.91237","India"
"2443","Ecopro BM","247540.KQ","7862879774","80.3773","South Korea"
"2444","Gap Inc.","GAP","7861425664","22.38","United States"
"2445","NTPC Green Energy","NTPCGREEN.NS","7860355794","0.932833","India"
"2446","Hai Di Lao Hot Pot","6862.HK","7860110711","1.45142","China"
"2447","The Lottery Corporation","TLC.AX","7859635783","3.5312","Australia"
"2448","GitLab","GTLB","7855898112","47.15","United States"
"2449","National Mineral Development Corporation","NMDC.NS","7855400917","0.89349","India"
"2450","Zurn Elkay Water Solutions","ZWS","7850348032","47.33","United States"
"2451","Petrovietnam Gas","GAS.VN","7840646582","3.2494","Vietnam"
"2452","ICICI Lombard","ICICIGI.NS","7822168396","15.6569","India"
"2453","ASX","ASX.AX","7817523707","40.0058","Australia"
"2454","Hanover Insurance Group","THG","7816442880","224.48","United States"
"2455","CAE Inc.","CAE","7814496256","24.28","Canada"
"2456","Waaree Energies Limited (WEL)","WAAREEENER.NS","7800518456","27.118","India"
"2457","Deutsche Wohnen","DWNI.DE","7791902893","19.6302","Germany"
"2458","Central Bancompany","CBC","7791101952","32.53","United States"
"2459","Apar Industries","APARINDS.NS","7788568822","186.008","India"
"2460","Pegatron","4938.TW","7788048930","2.91065","Taiwan"
"2461","Hindustan Petroleum","HINDPETRO.NS","7787891398","3.66003","India"
"2462","CTP N.V.","CTPNV.AS","7786871610","15.8856","Netherlands"
"2463","ServiceTitan","TTAN","7782534656","81.58","United States"
"2464","KakaoBank","323410.KS","7769859967","16.3068","South Korea"
"2465","Belite Bio","BLTE","7766483456","192.85","United States"
"2466","NKT A/S","NKT.CO","7763373471","145.244","Denmark"
"2467","Giant Network Group","002558.SZ","7760863908","4.08346","China"
"2468","PJT Partners","PJT","7758228992","182.13","United States"
"2469","Empire Company","EMP-A.TO","7756331872","34.6531","Canada"
"2470","Commercial Bank of Dubai","CBD.AE","7729993753","2.58945","United Arab Emirates"
"2471","Intermediate Capital Group (ICG)","ICG.L","7725499027","26.6757","United Kingdom"
"2472","HealthEquity","HQY","7722299904","93.36","United States"
"2473","Omron","6645.T","7721979211","39.2717","Japan"
"2474","Desay SV","002920.SZ","7721164451","12.9374","China"
"2475","Grupo Aeroportuario del Sureste
(ASUR)","ASR","7719142400","257.03","Mexico"
"2476","Smoore International Holdings","6969.HK","7712318971","1.2448","China"
"2477","Meiji Holdings","2269.T","7694411865","28.3752","Japan"
"2478","Valley Bank","VLY","7692264960","13.92","United States"
"2479","Cipher Mining","CIFR","7682218496","18.51","United States"
"2480","Zeta Global","ZETA","7674642432","30.79","United States"
"2481","A1 Telekom Austria","TA1.F","7668755550","11.5479","Austria"
"2482","Kinden Corporation","1944.T","7655407591","46.5426","Japan"
"2483","Swissquote","SQN.SW","7648798505","51.0318","Switzerland"
"2484","Edenred","EDEN.PA","7648273764","33.2713","France"
"2485","Alkermes","ALKS","7631550976","45.49","Ireland"
"2486","NOV","NOV","7625066496","21.39","United States"
"2487","Avolta AG","AVOL.SW","7620102339","53.849","Switzerland"
"2488","Swiggy","SWIGGY.NS","7618919558","2.90798","India"
"2489","Wallenius Wilhelmsen","WAWI.OL","7618076884","18.0151","Norway"
"2490","SM Prime Holdings","SPHXF","7613118976","0.2672","Philippines"
"2491","St. James's Place","STJ.L","7612589334","15.2674","United Kingdom"
"2492","AGC","5201.T","7609643701","35.828","Japan"
"2493","Industrial Securities","601377.SS","7606361080","0.880775","China"
"2494","Commercial Metals Company","CMC","7605423104","68.75","United States"
"2495","Axalta","AXTA","7604130304","35.53","United States"
"2496","Yaskawa","6506.T","7595557263","29.2849","Japan"
"2497","Avnet","AVT","7585184256","92.42","United States"
"2498","Discovery Silver Corp.","DSV.TO","7583732230","9.31528","Canada"
"2499","JFE Holdings","5411.T","7582696362","11.9199","Japan"
"2500","Shanghai Commercial and Savings Bank","5876.TW","7580349417","1.54737","Taiwan"
"2501","Hanwha Corporation","000880.KS","7578770492","105.379","South Korea"
"2502","Fluor Corporation","FLR","7572419072","56.62","United States"
"2503","Randstad","RAND.AS","7571780404","43.1562","Netherlands"
"2504","AeroVironment","AVAV","7561388544","148.78","United States"
"2505","AT&amp;S Austria Technologie &amp; Systemtechnik","ATS.VI","7554041113","194.441","Austria"
"2506","Havells India","HAVELLS.NS","7545990641","12.0243","India"
"2507","UNO Minda","UNOMINDA.NS","7534458523","13.0474","India"
"2508","SSR Mining","SSRM","7532409856","36.94","Canada"
"2509","Halkbank","HALKB.IS","7531400167","1.04824","Turkey"
"2510","Silan Microelectronics","600460.SS","7529242740","4.52459","China"
"2511","ICL Group","ICL","7524887552","5.83","Israel"
"2512","Morningstar","MORN","7522596352","200.53","United States"
"2513","Yealink Network Technology","300628.SZ","7505216739","5.92399","China"
"2514","Reece Group","REH.AX","7497654581","12.1895","Australia"
"2515","Changjiang Securities","000783.SZ","7483318095","1.3532","China"
"2516","Celsius Holdings","CELH","7479715840","29.56","United States"
"2517","Hinge Health","HNGE","7479565824","92.69","United States"
"2518","NH Investment & Securities Co., Ltd.","005940.KS","7477048615","19.9637","South Korea"
"2519","Galicia Financial Group","GGAL","7476285440","44.12","Argentina"
"2520","IOI Corporation Berhad","1961.KL","7467256070","1.18807","Malaysia"
"2521","Richter Gedeon","RIG2.F","7466156215","40.935","Hungary"
"2522","Telekom Malaysia","4863.KL","7463582593","1.94479","Malaysia"
"2523","kyowa Kirin","4151.T","7460755842","14.2493","Japan"
"2524","Yes Bank","YESBANK.NS","7455746611","0.237533","India"
"2525","Stockland","SGP.AX","7445241870","3.06181","Australia"
"2526","Kanzhun","BZ","7444521472","16.62","China"
"2527","Orica","ORI.AX","7435244013","16.04","Australia"
"2528","Kandenko","1942.T","7416050564","37.264","Japan"
"2529","Wharf Holdings","0004.HK","7413398873","2.42583","Hong Kong"
"2530","Türkiye Is Bankasi","ISCTR.IS","7402706898","0.296108","Turkey"
"2531","Matador Resources","MTDR","7396789760","59.77","United States"
"2532","STAG Industrial","STAG","7392096768","37.56","United States"
"2533","Barry Callebaut","BARN.SW","7391111874","1348.08","Switzerland"
"2534","Oracle Corp Japan","4716.T","7389573341","57.6601","Japan"
"2535","Yokogawa Electric Corporation","6841.T","7386853143","29.6682","Japan"
"2536","Element Fleet Management","EFN.TO","7383307909","18.6451","Canada"
"2537","Bajaj Housing Finance Limited (BHFL)","BAJAJHFL.NS","7380083111","0.886107","India"
"2538","Empyrean Technology","301269.SZ","7377936135","13.4665","China"
"2539","KION Group","KGX.DE","7374338580","56.2391","Germany"
"2540","Migdal Insurance and Financial Holdings","MGDL.TA","7372046181","6.95623","Israel"
"2541","Glenmark Pharmaceuticals","GLENMARK.NS","7366097056","26.1001","India"
"2542","Beijer Ref","BEIJ-B.ST","7354341611","14.5055","Sweden"
"2543","Dropbox","DBX","7351735296","33.81","United States"
"2544","DCC plc","DCC.L","7345203313","85.9851","Ireland"
"2545","Silicon Labs","SLAB","7340687360","220","United States"
"2546","Computacenter","CCC.L","7340009131","69.9391","United Kingdom"
"2547","Simpson Manufacturing Company","SSD","7330520064","178.86","United States"
"2548","Rakuten Bank","5838.T","7328440414","41.9943","Japan"
"2549","Hanjin Kal","180640.KS","7327238411","108.886","South Korea"
"2550","Noble Corporation","NE","7325981696","45.89","United Kingdom"
"2551","Capital Power","CPX.TO","7320781636","46.6054","Canada"
"2552","Ono Pharmaceutical","4528.T","7315680861","15.5683","Japan"
"2553","M3, Inc","2413.T","7314663980","10.9778","Japan"
"2554","Samsung E&A","028050.KS","7306500564","37.2781","South Korea"
"2555","Conagra Brands","CAG","7302911488","15.26","United States"
"2556","Taiyo Yuden","6976.T","7301361068","58.3423","Japan"
"2557","AppFolio","APPF","7296431616","206.015","United States"
"2558","Kingboard Holdings","0148.HK","7289574152","6.49821","Hong Kong"
"2559","ENN Energy","2688.HK","7288879350","6.5556","China"
"2560","First American Financial Corporation","FAF","7287897600","71.38","United States"
"2561","Kirby Corporation","KEX","7286400000","138","United States"
"2562","OneMain Financial","OMF","7283275776","63.31","United States"
"2563","MSA Safety","MSA","7280494592","188.72","United States"
"2564","Bachem","BANB.SW","7277811393","97.121","Switzerland"
"2565","Zillow","Z","7276953600","32.36","United States"
"2566","EVA Air","2618.TW","7276587293","1.34741","Taiwan"
"2567","Compagnie du Cambodge","CBDG.PA","7271740901","119.781","France"
"2568","UiPath","PATH","7258865152","14.01","United States"
"2569","VinFast Auto","VFS","7252561920","3.1","Vietnam"
"2570","Luzerner Kantonalbank","LUKN.SW","7244641157","146.299","Switzerland"
"2571","Mobileye","MBLY","7243598848","8.52","Israel"
"2572","Molson Coors","TAP","7241870848","38.84","United States"
"2573","Fortis Healthcare","FORTIS.NS","7230423405","9.57725","India"
"2574","Samyang Foods","003230.KS","7229822963","959.752","South Korea"
"2575","Shandong Hi-Speed","600350.SS","7219433754","1.49329","China"
"2576","Federal Signal","FSS","7218170368","118.25","United States"
"2577","Armstrong World Industries","AWI","7202008064","170.41","United States"
"2578","B2Gold","BTG","7199835136","5.45","Canada"
"2579","Terreno Realty","TRNO","7197489664","66.05","United States"
"2580","Shanghai Allist Pharmaceuticals","688578.SS","7195976066","15.9911","China"
"2581","AXIS Capital","AXS","7195208704","98.61","Bermuda"
"2582","HD Hyundai Marine Solution","443060.KS","7193462866","160.456","South Korea"
"2583","Terex","TEX","7190612992","62.91","United States"
"2584","National Aluminum &amp; Alloy","NATIONALUM.NS","7188024223","3.9137","India"
"2585","ICICI Prulife","ICICIPRULI.NS","7181377166","4.95","India"
"2586","Nexans","NEX.PA","7176816374","164.321","France"
"2587","NexGen Energy","NXE","7167710208","10.69","Canada"
"2588","President Chain Store (PSCS)","2912.TW","7160705787","6.8878","Taiwan"
"2589","Arcosa","ACA","7152406528","145.65","United States"
"2590","Aura Minerals","AUGO","7152120832","85.31","United States"
"2591","Brother Industries","6448.T","7151509132","28.973","Japan"
"2592","Sailun Group","601058.SS","7149535606","2.17437","China"
"2593","Gamuda Berhad","5398.KL","7147511136","1.18314","Malaysia"
"2594","Ralliant Corporation","RAL","7144025088","64.57","United States"
"2595","99 Speed Mart Retail","5326.KL","7143209175","0.850382","Malaysia"
"2596","Pilgrim's Pride","PPC","7140874752","29.99","United States"
"2597","Huadong Medicine (HD Medicine)","000963.SZ","7135173358","4.06855","China"
"2598","Krafton","259960.KS","7135144128","158.217","South Korea"
"2599","Sumco Corporation","3436.T","7133174194","20.3961","Japan"
"2600","Bezeq","BEZQ.TA","7129134098","2.59317","Israel"
"2601","Hankyu Hanshin Holdings","9042.T","7120070144","30.422","Japan"
"2602","CSN Mineração","CMIN3.SA","7113955777","1.32177","Brazil"
"2603","Sysmex","6869.T","7113702717","11.816","Japan"
"2604","Phoenix Mills","PHOENIXLTD.NS","7111454494","19.8823","India"
"2605","Amorepacific","090430.KS","7109087220","103.14","South Korea"
"2606","HK Electric Investments","2638.HK","7105591576","0.804146","Hong Kong"
"2607","Sprouts Farmers Market","SFM","7097076736","76.11","United States"
"2608","Spirax-Sarco Engineering","SPX.L","7094796835","96.1408","United Kingdom"
"2609","Prestige Group","PRESTIGE.NS","7094637080","16.4712","India"
"2610","Shimadzu","7701.T","7091050719","24.5416","Japan"
"2611","Super Group","SGHC","7082590208","13.94","Guernsey"
"2612","Iyogin Holdings","5830.T","7077983291","24.7495","Japan"
"2613","Adani Total Gas","ATGL.NS","7069279968","6.42773","India"
"2614","Norwegian Cruise Line","NCLH","7066900992","15.39","United States"
"2615","Lottomatica Group","LTMC.MI","7064016207","30.3873","Italy"
"2616","ALK-Abelló","ALK-B.CO","7061739389","31.827","Denmark"
"2617","McDonald's Japan","2702.T","7058207772","53.0857","Japan"
"2618","SenseTime","0020.HK","7053670001","0.174093","China"
"2619","Isetan Mitsukoshi Holdings","3099.T","7050478967","20.2661","Japan"
"2620","ESCO Technologies","ESE","7049967104","272.12","United States"
"2621","Fannie Mae","FNMA","7041172480","6.08","United States"
"2622","Bank Millennium","MIL.WA","7038831629","5.80723","Poland"
"2623","Oberoi Realty","OBEROIRLTY.NS","7032885671","19.3422","India"
"2624","Light &amp; Wonder","LNW","7028988928","86.22","United States"
"2625","Nippon Building Fund","8951.T","7027852520","797.261","Japan"
"2626","CAVA Group","CAVA","7024724992","60.14","United States"
"2627","Yunnan Energy New Material","002812.SZ","7024251725","7.15797","China"
"2628","RaiaDrogasil","RADL3.SA","7022897297","4.01644","Brazil"
"2629","Dabur","DABUR.NS","7016642686","3.95536","India"
"2630","Caris Life Sciences","CAI","7016135168","24.82","United States"
"2631","Cleveland-Cliffs","CLF","7011936768","12.29","United States"
"2632","Rhythm Pharmaceuticals","RYTM","7009141760","101.8","United States"
"2633","Scholar Rock Holding","SRRK","6992910336","57.42","United States"
"2634","Gotion High-tech Co.,Ltd.","002074.SZ","6991155313","3.85246","China"
"2635","Vornado Realty Trust","VNO","6983201280","35.26","United States"
"2636","Ampol","ALD.AX","6983174427","29.3039","Australia"
"2637","The Gunma Bank","8334.T","6973501353","18.4241","Japan"
"2638","Posco International","047050.KS","6970779868","40.8977","South Korea"
"2639","Victory Capital","VCTR","6970264576","113.32","United States"
"2640","Triple Flag Precious Metals","TFPM","6969082880","33.83","Canada"
"2641","The Yokohama Rubber Company","5101.T","6962729571","44.1385","Japan"
"2642","Macerich","MAC","6956815872","23.58","United States"
"2643","Daito Trust Construction","1878.T","6952675312","21.3448","Japan"
"2644","CPI Property Group","O5G.DE","6942253211","0.848936","Luxembourg"
"2645","De' Longhi","DLG.MI","6938764061","46.7961","Italy"
"2646","Sinotrans Limited","601598.SS","6938545825","0.967213","China"
"2647","Nissan","7201.T","6938150270","1.98438","Japan"
"2648","NEXTDC","NXT.AX","6935998550","9.12045","Australia"
"2649","Biocon","BIOCON.NS","6928543031","4.25509","India"
"2650","OR Royalties","OR","6920472576","36.91","Canada"
"2651","AutoNation","AN","6919626752","209.3","United States"
"2652","NextVision Stabilized Systems","NXSN.TA","6919384541","74.7679","Israel"
"2653","Tsuruha Holdings","3391.T","6916996767","15.2662","Japan"
"2654","PACS Group","PACS","6914515968","43.67","United States"
"2655","JAC Motors","600418.SS","6903630935","3.06259","China"
"2656","Hexcel","HXL","6902908928","91.28","United States"
"2657","Shin Kong Financial Holding","2888.TW","6901126407","0.389619","Taiwan"
"2658","Sonic Healthcare","SHL.AX","6897132691","13.9551","Australia"
"2659","CAR Group (Carsales)","CAR.AX","6892685597","18.1831","Australia"
"2660","Strathcona Resources","SCR.TO","6886911039","32.1464","Canada"
"2661","Bank of Maharashtra","MAHABANK.NS","6878817866","0.894334","India"
"2662","Shanghai Zhangjiang Hi-Tech Park Development","600895.SS","6875627969","4.43964","China"
"2663","Kimberly-Clark de México","KIMBERA.MX","6871346809","2.30106","Mexico"
"2664","GUANGHUI ENERGY","600256.SS","6868307056","1.07452","China"
"2665","Camtek","CAMT","6860688384","147.01","Israel"
"2666","Lumen Technologies","LUMN","6848797184","6.64","United States"
"2667","Oberbank","OBS.VI","6847603767","96.988","Austria"
"2668","IMCD","IMCD.AS","6847265570","115.967","Netherlands"
"2669","RBL Bank","RBLBANK.NS","6846132816","4.41418","India"
"2670","Nissan Chemical","4021.T","6845780199","51.3184","Japan"
"2671","Maxis Berhad","6012.KL","6842575205","0.872566","Malaysia"
"2672","Copenhagen Airport","KBHL.CO","6836605975","871.119","Denmark"
"2673","Technology One","TNE.AX","6834362406","20.8767","Australia"
"2674","Duolingo","DUOL","6820766208","146.39","United States"
"2675","Baycurrent","6532.T","6817144020","46.3802","Japan"
"2676","LandBridge","LB","6810495488","88.35","United States"
"2677","Scor","SCR.PA","6806619951","38.0975","France"
"2678","Urban Outfitters","URBN","6803210752","79.43","United States"
"2679","Getinge","GETI-B.ST","6799009462","24.9624","Sweden"
"2680","Sulzer","SUN.SW","6798333171","200.791","Switzerland"
"2681","Allegro MicroSystems","ALGM","6798083072","36.47","United States"
"2682","Lamb Weston","LW","6791667712","49.4","United States"
"2683","easyJet","EZJ.L","6787962896","9.08057","United Kingdom"
"2684","Chemed","CHE","6783440384","519.01","United States"
"2685","Enact Holdings","ACT","6777944576","49.3","United States"
"2686","Shanghai Lujiazui Finance & Trade Zone Development Co.,Ltd.","600663.SS","6776071363","1.34575","China"
"2687","Navan","NAVN","6775384576","26.64","United States"
"2688","Lundbeck","HLUN-B.CO","6772254562","6.82584","Denmark"
"2689","Indian Overseas Bank","IOB.NS","6771735685","0.351658","India"
"2690","Ringkjøbing Landbobank","RILBA.CO","6771593188","286.692","Denmark"
"2691","ISS A/S","ISS.CO","6770422723","43.836","Denmark"
"2692","Surgutneftegas","SNGS.ME","6769253731","0.18","Russia"
"2693","Remgro Limited","REM.JO","6766710400","12.1682","South Africa"
"2694","Joby Aviation","JOBY","6765609984","6.84","United States"
"2695","Bank of India","BANKINDIA.NS","6764078712","1.48574","India"
"2696","SentinelOne","S","6762594304","19.43","United States"
"2697","Elisa","ELISA.HE","6756117185","42.0747","Finland"
"2698","Torrent Power","TORNTPOWER.NS","6751099808","13.3976","India"
"2699","Genesis Minerals Limited","GMD.AX","6746736014","5.74451","Australia"
"2700","China National Chemical Engineering (CNCEC)","601117.SS","6742504307","1.10432","China"
"2701","Arabian Internet and Communications Services","7202.SR","6738764629","56.5912","Saudi Arabia"
"2702","YTL Corporation Berhad","1773.T","6734163062","0.57829","Malaysia"
"2703","Builders FirstSource","BLDR","6733386240","62.58","United States"
"2704","OceanaGold","OGC.TO","6732912095","30.2674","Canada"
"2705","Melisron","MLSR.TA","6709162368","140.65","Israel"
"2706","Fonterra","FCG.NZ","6708399625","2.78786","New Zealand"
"2707","SBI Card","SBICARD.NS","6705104744","7.04582","India"
"2708","Weatherford International","WFRD","6700683776","93.7","United States"
"2709","Ozon","OZON.ME","6689895817","31.27","United States"
"2710","Tokyo Ohka Kogyo Co., Ltd.","4186.T","6688629120","55.7498","Japan"
"2711","Etsy","ETSY","6683546624","72.82","United States"
"2712","Motilal Oswal Financial Services","MOTILALOFS.NS","6678310524","11.0908","India"
"2713","Matson","MATX","6677143040","223.29","United States"
"2714","Kalyan Jewellers India","KALYANKJIL.NS","6673099884","6.46148","India"
"2715","Bilibili","BILI","6672664064","16.2","China"
"2716","Bosideng","3998.HK","6664394795","0.571383","Hong Kong"
"2717","Plexus","PLXS","6660359680","249.9","United States"
"2718","Fraport","FRA.DE","6656370368","71.9851","Germany"
"2719","Kyushu Electric Power Company","9508.T","6652292668","14.0706","Japan"
"2720","Magnolia Oil &amp; Gas","MGY","6649132544","27.42","United States"
"2721","Powell Industries","POWL","6648578560","182.49","United States"
"2722","Zoomlion","1157.HK","6645829472","0.768434","China"
"2723","Ormat Technologies","ORA","6639824896","107.97","United States"
"2724","Land Securities Group","LAND.L","6639302638","8.90995","United Kingdom"
"2725","Zalando","ZAL.DE","6637380104","27.1776","Germany"
"2726","Uniqa Insurance Group","UN9.F","6633212773","21.4211","Austria"
"2727","Healthcare Realty Trust","HR","6613777920","19.06","United States"
"2728","Zhongtai Securities","600918.SS","6608451568","0.834575","China"
"2729","Fastighets AB Balder","BALD-B.ST","6604406610","5.64359","Sweden"
"2730","Rush Street Interactive","RSI","6599554560","27.02","United States"
"2731","Square Enix","9684.T","6597065996","18.2909","Japan"
"2732","Suzlon","SUZLON.NS","6596838452","0.479917","India"
"2733","BOC Aviation","2588.HK","6594346719","9.5018","Singapore"
"2734","Ather Energy","ATHERENERG.NS","6593073215","16.6442","India"
"2735","LS Corp.","006260.KS","6592558326","237.699","South Korea"
"2736","The Trade Desk","TTD","6587720704","14.02","United States"
"2737","MSC Industrial Direct","MSM","6583719936","117.89","United States"
"2738","Qube Holdings","QUB.AX","6583414368","3.69006","Australia"
"2739","D-Wave Quantum","QBTS","6581013504","17.67","Canada"
"2740","INWIT","INW.MI","6580552212","7.29155","Italy"
"2741","Hims &amp; Hers Health","HIMS","6572438528","28.17","United States"
"2742","Mobility Global, Inc.","MBGL","6566400000","20.52","United States"
"2743","MiniMed Group","MMED","6561079808","23.32","United States"
"2744","Yapı Kredi","YKBNK.IS","6557261832","0.776278","Turkey"
"2745","TAL Education Group","TAL","6556568576","11.82","China"
"2746","Lantheus Holdings","LNTH","6555956736","100.44","United States"
"2747","StepStone Group","STEP","6549719040","50.74","United States"
"2748","Aaon","AAON","6546819072","79.4","United States"
"2749","Ingram Micro Holding Corporation","INGM","6546184704","28.38","United States"
"2750","Umm Al Qura for development and construction","4325.SR","6543834849","4.5486","Saudi Arabia"
"2751","SFS Group","SFSN.SW","6542487538","168.294","Switzerland"
"2752","Sekisui Chemical","4204.T","6542331582","16.2019","Japan"
"2753","Plains GP","PAGP","6540322304","28.07","United States"
"2754","Cochlear","COH.AX","6538002836","99.9711","Australia"
"2755","Alkem Laboratories","ALKEM.NS","6533902933","54.6473","India"
"2756","F.N.B. Corporation","FNB","6521259008","18.32","United States"
"2757","Schaeffler India","SCHAEFFLER.NS","6519687383","41.7117","India"
"2758","Kingfisher","KGF.L","6516514153","4.02302","United Kingdom"
"2759","Aedifica","AED.BR","6513334275","78.0323","Belgium"
"2760","EnerSys","ENS","6510494208","180.52","United States"
"2761","CG Oncology","CGON","6506203648","73.4","United States"
"2762","Mycronic","MYCR.ST","6504549466","33.3105","Sweden"
"2763","Samsung Epis Holdings","0126Z0.KS","6499642991","261.208","South Korea"
"2764","MatsukiyoCocokara","3088.T","6493904980","16.5105","Japan"
"2765","Gates Industrial Corp","GTES","6493327360","25.65","United States"
"2766","Campbell's","CPB","6488967680","21.76","United States"
"2767","Kodiak Gas Services","KGS","6484812800","64.14","United States"
"2768","Essential Properties Realty Trust","EPRT","6481520640","29.89","United States"
"2769","Planet Labs","PL","6480132608","17.81","United States"
"2770","Avanza Bank","AZA.ST","6479475647","41.0538","Sweden"
"2771","Babcock International Group","BAB.L","6479358275","13.2106","United Kingdom"
"2772","Alibaba Health Information Technology","0241.HK","6477860780","0.400479","Hong Kong"
"2773","Descartes Systems Group","DSGX","6474798592","75.56","Canada"
"2774","Umicore","UMI.VI","6470787486","26.8868","Belgium"
"2775","Hoa Phat Group","HPG.VN","6456800134","0.841226","Vietnam"
"2776","CD Projekt","CDR.WA","6451489886","64.5727","Poland"
"2777","PTT Global Chemical","PTTGC.BK","6449053905","1.43031","Thailand"
"2778","Porto Seguro","PSSA3.SA","6448881634","10.0608","Brazil"
"2779","POOLCORP","POOL","6444667904","177.34","United States"
"2780","General Insurance Corporation of India","GICRE.NS","6441509808","3.67163","India"
"2781","Vopak","VPK.AS","6440882017","56.5182","Netherlands"
"2782","Southwest Gas","SWX","6438987264","88.88","United States"
"2783","United Bankshares","UBSI","6436914176","47.27","United States"
"2784","Solaris Energy Infrastructure","SEI","6436061696","63.96","United States"
"2785","Qatar Gas Transport Company","QGTS.QA","6435229353","1.16154","Qatar"
"2786","Transocean","RIG","6433229824","5.76","Switzerland"
"2787","Compagnie de l'Odet","ODET.PA","6430006706","1525.76","France"
"2788","Abercrombie &amp; Fitch","ANF","6425837056","151.43","United States"
"2789","Jindal Stainless","JSL.NS","6420269778","7.79206","India"
"2790","Severstal","CHMF.ME","6415212313","7.64","Russia"
"2791","Azimut Holding","AZM.MI","6413383229","45.4704","Italy"
"2792","GDS Holdings","GDS","6412083712","32","China"
"2793","Cemig","CIG","6407927808","2.24","Brazil"
"2794","Charter Hall Group","CHC.AX","6407731960","13.5471","Australia"
"2795","APL Apollo","APLAPOLLO.NS","6399076063","23.0466","India"
"2796","TKMS","TKMS.DE","6397427216","100.709","Germany"
"2797","WEX","WEX","6384848896","187.34","United States"
"2798","Sinopharm","1099.HK","6380122486","2.04448","China"
"2799","Daewoo Engineering &amp; Construction","047040.KS","6378260461","15.5232","South Korea"
"2800","Fertiglobe","FERTIGLB.AE","6373633808","0.77","United Arab Emirates"
"2801","EnPro Industries","NPO","6373165056","301.08","United States"
"2802","Chailease Holding","5871.TW","6371994932","3.65021","Taiwan"
"2803","Hera Group","HER.MI","6360680989","4.31446","Italy"
"2804","CTS Eventim","EVD.F","6351790802","66.1705","Germany"
"2805","Yang Ming","2609.TW","6351295602","1.81876","Taiwan"
"2806","Ingredion","INGR","6350542848","100.7","United States"
"2807","Brunello Cucinelli","BC.MI","6350040868","93.3829","Italy"
"2808","Rainbow Robotics","277810.KQ","6348717638","327.256","South Korea"
"2809","Loar Holdings","LOAR","6342709248","67.7","United States"
"2810","Spring Airlines","601021.SS","6340942481","6.48137","China"
"2811","SIG Combibloc","SIGN.SW","6340745115","16.5946","Switzerland"
"2812","Radico Khaitan","RADICO.NS","6338189407","47.3061","India"
"2813","Enel Chile","ENIC","6335656960","4.58","Chile"
"2814","International Games System","3293.TWO","6332820503","22.4726","Taiwan"
"2815","Zheshang Securities","601878.SS","6332799926","1.39642","China"
"2816","Bausch + Lomb","BLCO","6332539904","17.73","Canada"
"2817","Ypsomed","YPSN.SW","6328991194","481.404","Switzerland"
"2818","Grupo Aval","AVAL","6327635968","5.33","Colombia"
"2819","Capital Securities Corporation","601136.SS","6309886743","2.30849","China"
"2820","ZOZO","3092.T","6309568524","7.20588","Japan"
"2821","Covivio","COV.PA","6309123143","57.0066","France"
"2822","LKQ Corporation","LKQ","6299751936","24.9","United States"
"2823","Definity Financial","DFY.TO","6289962503","52.3658","Canada"
"2824","MGIC Investment","MTG","6289127424","30.66","United States"
"2825","Vontobel","VONN.SW","6287491548","111.701","Switzerland"
"2826","Toyo Suisan","2875.T","6283502226","65.3663","Japan"
"2827","Croda International","CRDA.L","6280134211","45.066","United Kingdom"
"2828","Grupo Catalana Occidente","GCO.MC","6280031254","53.2104","Spain"
"2829","Luberef (Saudi Aramco Base Oil Company)","2223.SR","6273366869","37.2836","Saudi Arabia"
"2830","GPT Group","GPT.AX","6273212164","3.27484","Australia"
"2831","Amdocs","DOX","6261767680","59.97","United States"
"2832","Victoria's Secret &amp; Co","VSXY","6259084288","78.47","United States"
"2833","Seiko Epson Corporation","6724.T","6250238133","19.5059","Japan"
"2834","Rockwool","ROCK-B.CO","6246859369","30.1781","Denmark"
"2835","Bupa Arabia for Cooperative Insurance Company","8210.SR","6231690752","41.5446","Saudi Arabia"
"2836","Travere Therapeutics","TVTX","6227829760","66.07","United States"
"2837","Kuala Lumpur Kepong","2445.KL","6225731966","5.59034","Malaysia"
"2838","GATX","GATX","6224987648","176.32","United States"
"2839","Soochow Securities","601555.SS","6220134288","1.25186","China"
"2840","37 Interactive Entertainment","002555.SZ","6211409381","2.80775","China"
"2841","Global-e","GLBE","6203035648","36.93","Israel"
"2842","Perseus Mining","PRU.AX","6200563842","4.67215","Australia"
"2843","Sensata Technologies","ST","6198372352","42.59","United States"
"2844","Vipshop","VIPS","6195764736","13.03","China"
"2845","Bank of East Asia","0023.HK","6193976620","2.34038","Hong Kong"
"2846","Glanbia plc","GL9.IR","6183519105","25.5844","Ireland"
"2847","TOTO","5332.T","6182650058","37.5954","Japan"
"2848","ISU Petasys","007660.KS","6168887640","84.0342","South Korea"
"2849","SDIC Capital","600061.SS","6165396224","0.964232","China"
"2850","Pepco Group","PCO.WA","6165158217","11.2908","United Kingdom"
"2851","Credit Acceptance","CACC","6163781120","593.78","United States"
"2852","China Resources Sanjiu Medical &amp; Pharmaceutical","000999.SZ","6160830191","3.70194","China"
"2853","e.l.f. Beauty","ELF","6155123712","104.31","United States"
"2854","Essent Group","ESNT","6151147520","68.44","Bermuda"
"2855","Lyft","LYFT","6147493888","16.24","United States"
"2856","MISUMI Group","9962.T","6141761063","23.372","Japan"
"2857","Scout24 (ImmoScout24)","G24.F","6138771650","88.1498","Germany"
"2858","SOL S.p.A.","SOL.MI","6128235727","67.566","Italy"
"2859","Argan","AGX","6127954432","436.78","United States"
"2860","BBB Foods","TBBB","6122177536","50.78","Mexico"
"2861","Cogent Biosciences","COGT","6121960960","35.28","United States"
"2862","Technip Energies","TE.PA","6119300288","35.3297","France"
"2863","Sumitomo Chemical","4005.T","6119039656","3.70431","Japan"
"2864","Valmet","VALMT.HE","6118991266","33.2132","Finland"
"2865","Terns Pharmaceuticals","TERN","6116845568","52.95","United States"
"2866","Rayonier","RYN","6116660736","20.44","United States"
"2867","Yancoal","YAL.AX","6112085966","4.62883","Australia"
"2868","Ezdan Holding Group","ERES.QA","6091998066","0.22967","Qatar"
"2869","AutoStore Holdings","AUTO.OL","6086786019","1.81236","Norway"
"2870","HORIBA","6856.T","6083353871","144.767","Japan"
"2871","Soitec","SOI.PA","6082689817","170.194","France"
"2872","Monotaro","3064.T","6082371057","12.3683","Japan"
"2873","Andersen Group","ANDG","6078985216","53.85","United States"
"2874","Onex","ONEX.TO","6077437809","79.666","Canada"
"2875","EVN Group","EVN.F","6076220005","34.0737","Austria"
"2876","Schneider National","SNDR","6072422912","34.64","United States"
"2877","Mirum Pharmaceuticals","MIRM","6069461504","99.53","United States"
"2878","Australian Foundation Investment Company","AFI.AX","6068679841","4.91768","Australia"
"2879","PrairieSky Royalty","PSK.TO","6067484791","26.1031","Canada"
"2880","FirstService","FSV","6063984128","138.86","Canada"
"2881","Bank of Suzhou","002966.SZ","6063044448","1.35618","China"
"2882","Ithaca Energy","ITH.L","6061512891","3.67231","United Kingdom"
"2883","Coromandel","COROMANDEL.NS","6061504275","20.5795","India"
"2884","Installed Building Products","IBP","6061114880","228.04","United States"
"2885","Fomento de Construcciones y Contratas","FCC.MC","6061003500","12.8154","Spain"
"2886","Liquidia Corporation","LQDA","6057961472","67.68","United States"
"2887","Godrej Properties","GODREJPROP.NS","6057700328","20.1101","India"
"2888","OPAP (Organization of Football Prognostics)","OPAP.AT","6052397365","16.8777","Greece"
"2889","Intercorp Financial Services","IFS","6049794048","54.8","Peru"
"2890","Tritax Big Box REIT","BBOX.L","6046128625","2.065","United Kingdom"
"2891","Cencosud","CENCOSUD.SN","6045634762","2.19521","Chile"
"2892","Brookfield Renewable","BEPC","6044533760","32.56","United States"
"2893","Caesars Entertainment","CZR","6044036608","29.66","United States"
"2894","ChinaLin Securities","002945.SZ","6043815224","2.23845","China"
"2895","Castellum","CAST.ST","6042156792","13.775","Sweden"
"2896","MaxLinear","MXL","6031097344","66.5","United States"
"2897","Starwood Property Trust","STWD","6030731264","15.88","United States"
"2898","Warehouses De Pauw","WDP.BR","6026921174","24.9099","Belgium"
"2899","Landstar System","LSTR","6022446592","177.46","United States"
"2900","Glacier Bancorp","GBCI","6019698688","46.23","United States"
"2901","Core Scientific","CORZ","6018706432","18.73","United States"
"2902","Bank of Changsha","601577.SS","6017346884","1.49627","China"
"2903","JBT Marel Corporation","JBTM","6015635456","115.96","United States"
"2904","Kiniksa Pharmaceuticals","KNSA","6014871040","77.09","Bermuda"
"2905","Codan Limited","CDA.AX","6011570469","32.9723","Australia"
"2906","abrdn","ABDN.L","6004571003","3.35274","United Kingdom"
"2907","Tokyu Fudosan Holdings","3289.T","5999129065","8.4112","Japan"
"2908","ATCO","ACO-X.TO","5997090452","53.2944","Canada"
"2909","Ford Otosan","FROTO.IS","5995490998","1.70856","Turkey"
"2910","Korean Air Lines","003495.KS","5995057531","16.2322","South Korea"
"2911","Tokyu","9005.T","5992818699","10.6366","Japan"
"2912","TXNM Energy","TXNM","5985948672","58.09","United States"
"2913","Churchill Downs","CHDN","5982371840","85.83","United States"
"2914","IG Group","IGG.L","5981179155","18.1449","United Kingdom"
"2915","Hancock Whitney","HWC","5980628992","74.55","United States"
"2916","Dentsu","4324.T","5962477499","22.9692","Japan"
"2917","Home BancShares","HOMB","5959478784","29.79","United States"
"2918","EPAM Systems","EPAM","5948494336","115.31","United States"
"2919","NICE","NICE","5945856512","101.47","Israel"
"2920","Genpact","G","5940015616","35.35","Bermuda"
"2921","Amneal Pharmaceuticals","AMRX","5938446848","17.05","United States"
"2922","Valaris","VAL","5937456128","85.51","United Kingdom"
"2923","BIG Shopping Centers","BIG.TA","5937402504","229.277","Israel"
"2924","Seibu Holdings","9024.T","5929086935","23.3265","Japan"
"2925","City Developments","C09.SI","5926953664","6.63414","Singapore"
"2926","HELLENiQ ENERGY","ELPE.AT","5922771240","19.3976","Greece"
"2927","CLEAR Secure","YOU","5920359936","43.6","United States"
"2928","Genting Singapore","G13.SI","5914158017","0.490246","Singapore"
"2929","Vallourec","VK.PA","5905393964","22.2119","France"
"2930","Macy's","M","5905202176","22.45","United States"
"2931","Shanghai BOCHU Electronic Technology","688188.SS","5897807170","14.5425","China"
"2932","Berger Paints","BERGEPAINT.NS","5896549287","5.05706","India"
"2933","Qualys","QLYS","5892220416","170.32","United States"
"2934","Albertsons","ACI","5891854336","12.14","United States"
"2935","Pegasystems","PEGA","5885697024","35.8","United States"
"2936","Uranium Energy","UEC","5884032512","11.89","United States"
"2937","SWI Capital Holding","SWICH.AS","5883351587","13.6644","Singapore"
"2938","UOL Group","U14.SI","5883169683","6.94252","Singapore"
"2939","Temenos","TEMN.SW","5877119091","87.2977","Switzerland"
"2940","TBS Holdings","9401.T","5874625478","37.3744","Japan"
"2941","Mercury General","MCY","5873964032","106.05","United States"
"2942","Corporación Financiera Alba","ALB.MC","5871019284","97.9515","Spain"
"2943","Seatrium","5E2.SI","5868202427","1.73168","Singapore"
"2944","EFG International","EFGN.SW","5866327424","19.4983","Switzerland"
"2945","Netskope","NTSK","5863234048","14.35","United States"
"2946","RingCentral","RNG","5861297664","70.19","United States"
"2947","Casella Waste Systems","CWST","5859339264","92.07","United States"
"2948","Construction Partners","ROAD","5851497984","103.1","United States"
"2949","Archrock","AROC","5849282048","33.36","United States"
"2950","Eagle Materials","EXP","5846103552","190.58","United States"
"2951","Tokyo Electric Power Company","9501.T","5845256873","3.64713","Japan"
"2952","Sectra AB","SECT-B.ST","5842820363","30.3259","Sweden"
"2953","Taiwan Business Bank","2834.TW","5841942225","0.561816","Taiwan"
"2954","Dolby","DLB","5837438976","62.32","United States"
"2955","Shenzhen New Industries Biomedical Engineering","300832.SZ","5837270000","7.42921","China"
"2956","Volvo Car","VOLCAR-B.ST","5836481807","1.96868","Sweden"
"2957","Elis","ELIS.PA","5832177785","27.1892","France"
"2958","JCDecaux","DEC.PA","5825058967","27.3753","France"
"2959","Samsung Securities","016360.KS","5818132005","65.1527","South Korea"
"2960","Portland General Electric","POR","5818055168","49.47","United States"
"2961","Air Canada","AC.TO","5817270122","20.7635","Canada"
"2962","Rush Enterprises","RUSHA","5813174784","49.8","United States"
"2963","Westports","5246.KL","5810737620","1.6909","Malaysia"
"2964","Teleflex","TFX","5805018112","137","United States"
"2965","Gecina","GFC.PA","5803625107","78.4394","France"
"2966","Georg Fischer","GF.SW","5802501085","70.8019","Switzerland"
"2967","VSE Corporation","VSEC","5801591296","206.72","United States"
"2968","Convatec Group","CTEC.L","5800137757","2.99797","United Kingdom"
"2969","Hankook Tire","161390.KS","5799320431","47.5398","South Korea"
"2970","China Longyuan Power Group","0916.HK","5789567787","0.692547","China"
"2971","LondonMetric Property","LMP.L","5785199975","2.47123","United Kingdom"
"2972","New Hope Liuhe","000876.SZ","5783001968","1.16542","China"
"2973","Taiwan Cement","1101.TW","5779537411","0.771306","Taiwan"
"2974","Xenon Pharmaceuticals","XENE","5766847488","59.55","Canada"
"2975","Associated Banc-Corp","ASB","5761803264","30.51","United States"
"2976","Ligand Pharmaceuticals","LGND","5758001152","288.83","United States"
"2977","MarketAxess","MKTX","5747703296","163.32","United States"
"2978","Atlantic Union Bankshares","AUB","5744015360","40.22","United States"
"2979","PTC Therapeutics","PTCT","5742937600","68.81","United States"
"2980","British Land","BLND.L","5740197012","5.60054","United Kingdom"
"2981","Linde India","LINDEINDIA.NS","5739108183","67.2939","India"
"2982","Madras Rubber Factory","MRF.NS","5736914502","1352.68","India"
"2983","Cenergy Holdings","CENER.BR","5733949284","27.0031","Belgium"
"2984","China State Construction International","3311.HK","5733177014","1.08537","Hong Kong"
"2985","Abbott India","ABBOTINDIA.NS","5727638277","269.545","India"
"2986","Presight AI","PRESIGHT.AE","5726415154","1.02","United Arab Emirates"
"2987","Red Rock Resorts","RRR","5723551232","56.12","United States"
"2988","PT Bumi Resources Minerals Tbk","BRMS.JK","5715475400","0.0403111","Indonesia"
"2989","iSoftStone Information Technology","301236.SZ","5708197166","5.51416","China"
"2990","Tokyo Metro","9023.T","5707808071","9.83093","Japan"
"2991","Ameris Bancorp","ABCB","5703443968","84.99","United States"
"2992","Sensient Technologies","SXT","5700436992","133.93","United States"
"2993","Gaon Cable","000500.KS","5700265128","191.428","South Korea"
"2994","Erasca","ERAS","5694126592","16.28","United States"
"2995","BGC Group","BGC","5691334656","11.97","United States"
"2996","Harbour Energy","HBR.L","5682265443","3.63439","United Kingdom"
"2997","USS Co., Ltd.","4732.T","5680595866","12.5112","Japan"
"2998","Montage Gold Corp.","MAU.TO","5678520800","14.047","Canada"
"2999","Nexi","NEXI.MI","5676200876","4.83196","Italy"
"3000","OpenText","OTEX","5668593152","23.36","Canada"
"3001","RadNet","RDNT","5663877632","71.97","United States"
"3002","HYBE","352820.KS","5660660536","132.992","South Korea"
"3003","Black Hills","BKH","5657221120","74.19","United States"
"3004","Altius Telecom Infrastructure Trust","ALTIUSINVIT.BO","5657142905","1.85638","India"
"3005","H&amp;R Block","HRB","5656672768","45.89","United States"
"3006","Ricoh Company","7752.T","5653153714","10.1006","Japan"
"3007","Asahi Intecc","7747.T","5649490303","21.2928","Japan"
"3008","Novanta","NOVT","5646571008","149.31","United States"
"3009","Kingnet Network","002517.SZ","5645176757","2.64232","China"
"3010","SG Holdings","9143.T","5643536356","9.45732","Japan"
"3011","United Internet","UTDI.F","5639975640","32.6317","Germany"
"3012","Dar Al Arkan Real Estate Development Company","4300.SR","5631531325","5.21438","Saudi Arabia"
"3013","RTL Group","RRTL.F","5623682025","37.2718","Luxembourg"
"3014","Enova International","ENVA","5621803008","225.79","United States"
"3015","The 77 Bank","8341.T","5621597623","25.1979","Japan"
"3016","AAK","AAK.ST","5618993574","21.6017","Sweden"
"3017","RLI Corp.","RLI","5610999296","61.14","United States"
"3018","Flagstar Bank","FLG","5603753472","13.5","United States"
"3019","Howden Joinery","HWDN.L","5601381575","10.264","United Kingdom"
"3020","Jabal Omar Development","4250.SR","5593717228","4.74035","Saudi Arabia"
"3021","LB Group (LomonBillions)","002601.SZ","5592856004","2.34575","China"
"3022","Emmi AG","EMMN.SW","5592412171","1045.35","Switzerland"
"3023","Telecom Argentina","TEO","5586667008","12.97","Argentina"
"3024","Barratt Redrow","BTRW.L","5584599276","4.03791","United Kingdom"
"3025","Hamilton Lane","HLNE","5583128576","101.17","United States"
"3026","Frontdoor","FTDR","5583114240","81.04","United States"
"3027","CMB.TECH","CMBT","5579964416","19.23","Belgium"
"3028","Warrior Met Coal","HCC","5574844416","105.58","United States"
"3029","Greatland Resources","GGP.L","5572743547","8.25999","Australia"
"3030","Fervo Energy Company","FRVO","5571024384","18.9","United States"
"3031","Charoen Pokphand Foods","CPF.BK","5569070079","0.724285","Thailand"
"3032","Virtu Financial","VIRT","5564708864","63.02","United States"
"3033","Boyd Gaming","BYD","5559591936","76.52","United States"
"3034","Rithm Capital","RITM","5556149760","9.95","United States"
"3035","Cirrus Logic","CRUS","5551021056","110.76","United States"
"3036","Stevanato Group","STVN","5549923840","20.32","Italy"
"3037","Blue Owl Capital Corporation","OBDC","5543731200","11.17","United States"
"3038","Balfour Beatty","BBY.L","5540172790","11.7874","United Kingdom"
"3039","Erdemir","EREGL.IS","5537065600","0.823738","Turkey"
"3040","Phillips Edison &amp; Company","PECO","5527731200","39.08","United States"
"3041","Americana Restaurants International","AMR.AE","5527228072","0.66","United Arab Emirates"
"3042","Commvault","CVLT","5527047168","133.36","United States"
"3043","Saigon Thuong Tin Commercial Bank","STB.VN","5523404560","2.92985","Vietnam"
"3044","Mercury NZ","MCY.AX","5515756427","3.8706","New Zealand"
"3045","X-Energy, Inc.","XE","5504834560","19.15","United States"
"3046","SmartSens Technology","688213.SS","5500990843","13.6736","China"
"3047","Fuchs Petrolub","FPE.F","5491975547","41.9235","Germany"
"3048","eMemory Technology","3529.TWO","5487361962","73.4715","Taiwan"
"3049","Crocs","CROX","5482519552","114.35","United States"
"3050","New Jersey Resources","NJR","5479268864","54","United States"
"3051","CNX Resources","CNX","5478352384","37.03","United States"
"3052","Nissin Foods","2897.T","5477313407","19.1128","Japan"
"3053","Axos Financial","AX","5474835456","96.5","United States"
"3054","TPG Telecom","TPG.AX","5471760215","2.78741","Australia"
"3055","Longfor Group","0960.HK","5465807726","0.793942","China"
"3056","Piper Sandler","PIPR","5465639936","77.34","United States"
"3057","AUTO1","AG1.F","5464491048","24.7005","Germany"
"3058","Galaxycore","688728.SS","5460844550","2.09985","China"
"3059","Logista (Compañía de Distribución Integral Logista)","LOG.MC","5449988450","41.2374","Spain"
"3060","Nestle Malaysia","4707.KL","5442573162","23.2093","Malaysia"
"3061","Japan Real Estate Investment","8952.T","5442500572","747.229","Japan"
"3062","Marex Group","MRX","5441570816","75.65","United Kingdom"
"3063","Balchem","BCPC","5437114880","170.56","United States"
"3064","Hindustan Copper","HINDCOPPER.NS","5434970760","5.62031","India"
"3065","UBTECH Robotics","9880.HK","5431681968","10.79","China"
"3066","Contact Energy","CEN.NZ","5430262997","5.07204","New Zealand"
"3067","Xinjiang Daqo New Energy Co.,Ltd.","688303.SS","5428036261","2.54545","China"
"3068","Max Financial Services","MFSL.NS","5426776686","15.8077","India"
"3069","National Marine Dredging","NMDC.AE","5425511182","6.43","United Arab Emirates"
"3070","Colruyt","COLR.BR","5423034470","45.61","Belgium"
"3071","Gujarat Fluorochemicals","FLUOROCHEM.NS","5418577774","49.3271","India"
"3072","Selective Insurance","SIGI","5414833152","90.9","United States"
"3073","Axfood","AXFO.ST","5413679779","25.0768","Sweden"
"3074","Klarna","KLAR","5406822400","14.26","Sweden"
"3075","WPP","WPP","5405564928","25.06","United Kingdom"
"3076","RAKBANK (The National Bank of Ras Al Khaimah)","RAKBANK.AE","5405388399","2.69","United Arab Emirates"
"3077","The Company for Cooperative Insurance","8010.SR","5403576114","24.0479","Saudi Arabia"
"3078","The Fertilisers And Chemicals Travancore Limited","FACT.NS","5400001821","8.34529","India"
"3079","Auto Trader Group","AUTO.L","5399254236","6.94651","United Kingdom"
"3080","Aalberts","AALB.AS","5394512158","50.6803","Netherlands"
"3081","Bullish","BLSH","5388065792","35.53","Cayman Islands"
"3082","Tube Investments of India","TIINDIA.NS","5387512321","27.832","India"
"3083","Murphy Oil","MUR","5387077120","37.58","United States"
"3084","Birkenstock","BIRK","5386416640","32.62","Germany"
"3085","EXL Service","EXLS","5385275904","35.52","United States"
"3086","Open House Group","3288.T","5374295896","48.9337","Japan"
"3087","Bank OZK","OZK","5371192832","49.26","United States"
"3088","Bank of Qingdao (BQD)","002948.SZ","5369298645","0.922504","China"
"3089","Delek Group","DLEKG.TA","5368194658","29.5656","Israel"
"3090","Hisense Visual Technology","600060.SS","5365750203","4.11177","China"
"3091","Kiwoom Securities","039490.KS","5359983671","204.488","South Korea"
"3092","IONOS Group","IOS.DE","5357643871","39.7023","Germany"
"3093","GXO Logistics","GXO","5356916224","46.71","United States"
"3094","ACM Research","ACMR","5356720128","76.91","United States"
"3095","Klaviyo","KVYO","5354115584","17.89","United States"
"3096","Kurita Water Industries Ltd.","6370.T","5353977444","49.7135","Japan"
"3097","DKSH Holding","DKSH.SW","5351942986","82.2933","Switzerland"
"3098","Kite Realty","KRG","5351525376","26.08","United States"
"3099","DEME Group","DEME.BR","5350798349","212.35","Belgium"
"3100","West Fraser Timber","WFG","5349716992","68.32","Canada"
"3101","SAIC (Science Applications International Corp)","SAIC","5344043520","127.55","United States"
"3102","PriceSmart","PSMT","5337945088","172.97","United States"
"3103","Rotork","ROR.L","5337607287","6.55383","United Kingdom"
"3104","First National of Nebraska","FINN","5337042432","19750","United States"
"3105","The Cheesecake Factory","CAKE","5334837248","107.21","United States"
"3106","Mirae Asset Securities Co., Ltd.","006805.KS","5327599371","9.15719","South Korea"
"3107","Materion","MTRN","5326974976","255.69","United States"
"3108","Versant Media Group","VSNT","5323255808","38.25","United States"
"3109","PCCW","0008.HK","5316284205","0.68617","Hong Kong"
"3110","Sabra Health Care REIT","SBRA","5316179968","20.81","United States"
"3111","Rumo","RAIL3.SA","5311225055","2.86186","Brazil"
"3112","Hong Leong Financial Group","1082.KL","5306437959","4.67833","Malaysia"
"3113","Whitehaven Coal","WHC.AX","5305793901","6.4522","Australia"
"3114","Sotera Health","SHC","5305117184","18.59","United States"
"3115","Ramelius Resources","RMS.AX","5303812896","2.80907","Australia"
"3116","Copa Holdings","CPA","5299994112","129.84","Panama"
"3117","Xometry","XMTR","5299564032","92.45","United States"
"3118","Main Street Capital","MAIN","5298189312","56.66","United States"
"3119","CRISPR Therapeutics","CRSP","5296823808","54.78","Switzerland"
"3120","Fosun","0656.HK","5296527792","0.651734","China"
"3121","LG CNS","064400.KS","5292852131","54.6297","South Korea"
"3122","Granite Construction","GVA","5290354176","119.08","United States"
"3123","Yakult","2267.T","5280954082","18.4111","Japan"
"3124","Rigetti Computing","RGTI","5276883968","15.81","United States"
"3125","ADT","ADT","5274637312","7.22","United States"
"3126","Grifols","GRFS","5274498560","7.75","Spain"
"3127","Japan Metropolitan Fund Investment","8953.T","5271854107","732.934","Japan"
"3128","Tata Communications","TATACOMM.NS","5270632367","18.4879","India"
"3129","HD Bank (Ho Chi Minh City Development Joint Stock Commercial Bank)","HDB.VN","5270436064","1.05298","Vietnam"
"3130","Leapmotor","9863.HK","5267773695","4.5124","China"
"3131","Ipca Laboratories","IPCALAB.NS","5264186118","20.7493","India"
"3132","AAR","AIR","5263037952","130.73","United States"
"3133","Fincantieri","FCT.MI","5259163507","14.6412","Italy"
"3134","Remitly","RELY","5256114688","24.83","United States"
"3135","Golar LNG","GLNG","5253911552","51.46","Bermuda"
"3136","Impinj","PI","5249859072","171.82","United States"
"3137","ACI Worldwide","ACIW","5247653376","51.98","United States"
"3138","Perimeter Solutions","PRM","5246166016","32.05","United States"
"3139","Bechtle","BC8.F","5245726112","41.6327","Germany"
"3140","Whitbread","WTB.L","5243966750","31.3744","United Kingdom"
"3141","Viohalco","VIO.BR","5232625128","20.1884","Belgium"
"3142","Central Retail Corporation","CRC.BK","5230781869","0.867316","Thailand"
"3143","Burberry","BRBY.L","5228856684","14.5972","United Kingdom"
"3144","Jarir","4190.SR","5228229141","4.35686","Saudi Arabia"
"3145","Shapir Civil and Marine Engineering","SPEN.TA","5226089535","14.559","Israel"
"3146","Varonis Systems","VRNS","5221557760","45.46","United States"
"3147","Colgate-Palmolive India","COLPAL.NS","5220937735","19.1956","India"
"3148","Garrett Motion","GTX","5219950592","27.99","Switzerland"
"3149","JB Hi-Fi","JBH.AX","5218787174","47.7325","Australia"
"3150","Merit Medical","MMSI","5217496576","87.38","United States"
"3151","Nexstar Media Group","NXST","5211069952","169.145","United States"
"3152","HD Construction Equipment","267270.KS","5209609241","109.185","South Korea"
"3153","Arkema","AKE.PA","5206853053","68.9034","France"
"3154","Capricorn Metals","CMM.AX","5206328433","11.3951","Australia"
"3155","Acerinox","ACX.MC","5203966466","20.8861","Spain"
"3156","JD Sports Fashion","JD.L","5201365716","1.09519","United Kingdom"
"3157","Kobe Steel","5406.T","5200692471","13.1512","Japan"
"3158","Beijing Wantai Biological Pharmacy Enterprise","603392.SS","5197012706","4.11028","China"
"3159","Gek Terna","GEKTERNA.AT","5196097421","51.4013","Greece"
"3160","SOLV Energy","MWH","5193243136","25.66","United States"
"3161","K92 Mining","KNT.TO","5190958791","21.1262","Canada"
"3162","VF Corporation","VFC","5189376000","13.2","United States"
"3163","Wyndham Hotels &amp; Resorts","WH","5185131008","69.87","United States"
"3164","Hangzhou Greatstar Industrial","002444.SZ","5183786472","4.33979","China"
"3165","INFICON","IFCN.SW","5183700091","212.035","Switzerland"
"3166","Zhuzhou CRRC Times Electric","3898.HK","5183222794","3.8951","Hong Kong"
"3167","MGM China Holdings","2282.HK","5179966627","1.36469","Macau"
"3168","Liberty Broadband","LBRDA","5177567232","35.99","United States"
"3169","Tosoh Corporation","4042.T","5176455536","16.8126","Japan"
"3170","Wacker Chemie","WCH.F","5176354548","104.198","Germany"
"3171","TIS","3626.T","5172524279","24.5156","Japan"
"3172","Coway","021240.KS","5170968763","73.7352","South Korea"
"3173","Webull","BULL","5164167168","9.57","United States"
"3174","Shenzhen Salubris Pharmaceuticals","002294.SZ","5163710578","4.63189","China"
"3175","Novolipetsk Steel","NLMK.ME","5161025830","0.86","Russia"
"3176","ADES Holding Company","2382.SR","5154658221","4.66844","Saudi Arabia"
"3177","Gland Pharma","GLAND.NS","5149205026","31.2136","India"
"3178","Mirvac Group","MGR.AX","5148880390","1.30488","Australia"
"3179","Mapletree Commercial Trust","N2IU.SI","5142856484","0.972586","Singapore"
"3180","UPL","UPL.NS","5142157390","6.08335","India"
"3181","International Seaways","INSW","5141845504","103.81","United States"
"3182","Xinyi Glass Holdings","0868.HK","5141392567","1.16126","Hong Kong"
"3183","Definium Therapeutics","DFTX","5136848384","38.23","United States"
"3184","Masraf Al Rayan","MARK.QA","5135439184","0.552198","Qatar"
"3185","RENK Group","R3NK.DE","5134899160","51.349","Germany"
"3186","Argo Investments","ARG.AX","5134741603","6.82409","Australia"
"3187","Vishal Mega Mart Limited","VMM.NS","5134077718","1.0959","India"
"3188","United Tractors","UNTR.JK","5131652478","1.46909","Indonesia"
"3189","Enphase Energy","ENPH","5131176960","38.83","United States"
"3190","Galenica","GALE.SW","5125268637","102.867","Switzerland"
"3191","BETA Technologies","BETA","5125235200","21.14","United States"
"3192","Sphere Entertainment","SPHR","5114457088","142.41","United States"
"3193","Millrose Properties","MRP","5110955008","30.78","United States"
"3194","CNO Financial Group","CNO","5105329152","55.18","United States"
"3195","Floor &amp; Decor","FND","5102999040","47.92","United States"
"3196","Beijing Enterprises Holdings","0392.HK","5102211992","4.0558","Hong Kong"
"3197","Ermenegildo Zegna","ZGN","5099165184","12.03","Italy"
"3198","Moelis &amp; Company","MC","5094542848","68.77","United States"
"3199","Parsons","PSN","5082868736","47.59","United States"
"3200","Hirose Electric","6806.T","5080592812","155.261","Japan"
"3201","Nomura Real Estate Holdings","3231.T","5076901296","5.94339","Japan"
"3202","ONE Gas","OGS","5075643904","80.75","United States"
"3203","Outfront Media","OUT","5074456576","28.81","United States"
"3204","Mitsui Chemicals","4183.T","5072966206","14.0317","Japan"
"3205","Asseco","ACP.WA","5072814557","63.0083","Poland"
"3206","Flughafen Wien (Vienna Airport)","FLU.VI","5072081958","60.4721","Austria"
"3207","Yonyou","600588.SS","5072025800","1.48435","China"
"3208","Hanwha Solutions","009830.KS","5071152812","22.5385","South Korea"
"3209","MakeMyTrip","MMYT","5069762048","53.9","India"
"3210","Iridium Communications","IRDM","5065917952","47.8","United States"
"3211","Holmen","HOLM-B.ST","5064427475","33.6653","Sweden"
"3212","Silergy","6415.TW","5060522913","13.0138","China"
"3213","HASI (HA Sustainable Infrastructure Capita)","HASI","5058878976","39.37","United States"
"3214","APT Medical","688617.SS","5053709172","35.7079","China"
"3215","Sampoerna","HMSP.JK","5052139066","0.0434338","Indonesia"
"3216","Oceaneering International","OII","5044162560","50.68","United States"
"3217","VakıfBank","VAKBN.IS","5038698762","0.756056","Turkey"
"3218","ACEA","ACE.MI","5037476855","23.7004","Italy"
"3219","Mondi","MNDI.L","5036495822","11.4259","United Kingdom"
"3220","Fortune Brands Innovations","FBIN","5032989184","42.19","United States"
"3221","Orange Polska","OPL.WA","5031804287","3.83417","Poland"
"3222","Enagás","ENG.MC","5030996325","19.3278","Spain"
"3223","Seiko Group","8050.T","5030679639","61.5327","Japan"
"3224","China Resources Gas Group","1193.HK","5030597215","2.23324","Hong Kong"
"3225","Sumitomo Forestry","1911.T","5026113470","8.19677","Japan"
"3226","Budimex","BDX.WA","5023996075","196.787","Poland"
"3227","Renishaw","RSW.L","5019583183","68.9912","United Kingdom"
"3228","Mercury Systems","MRCY","5018961408","83.46","United States"
"3229","Laureate Education","LAUR","5011321856","36.38","United States"
"3230","Acushnet Holdings","GOLF","5010568704","85.79","United States"
"3231","Estithmar Holding","IGRD.QA","5009321772","1.11484","Qatar"
"3232","Banco Macro","BMA","5006426624","78.3","Argentina"
"3233","Navitas Petroleum","NVPT.TA","5003039182","41.2135","Israel"
"3234","Reply","REY.MI","5002050670","137.69","Italy"
"3235","Skylark Holdings","3197.T","5002033667","21.9945","Japan"
"3236","Zegona Communications","ZEG.L","5001696115","22.1801","United Kingdom"
"3237","FLSmidth","FLS.CO","4989945604","93.7231","Denmark"
"3238","St. Galler Kantonalbank","SGKN.SW","4988459366","834.054","Switzerland"
"3239","UniFirst","UNF","4985082880","275.66","United States"
"3240","Asia Commercial Joint Stock Bank","ACB.VN","4983391553","0.858551","Vietnam"
"3241","Oil &amp; Gas Development Company","OGDC.PK","4983110440","1.15861","Pakistan"
"3242","Chartwell Retirement Residences","CSH-UN.TO","4977966812","15.0974","Canada"
"3243","Tong Ren Tang","600085.SS","4976944883","3.62891","China"
"3244","Core Natural Resources","CNR","4972063744","100.17","United States"
"3245","Shanghai RAAS Blood Products","002252.SZ","4971523634","0.754098","China"
"3246","Adecco Group","ADEN.SW","4968576900","28.6667","Switzerland"
"3247","Eastern Bankshares","EBC","4967841280","21.74","United States"
"3248","Softcat","SCT.L","4963552288","25.281","United Kingdom"
"3249","Capstone Infrastructure","CSE-PA.TO","4957771926","16.2759","Canada"
"3250","Exchange Income Corporation","EIF.TO","4953399443","87.8495","Canada"
"3251","Yanbu National Petrochemical","2290.SR","4952396547","8.80426","Saudi Arabia"
"3252","Global Business Travel Group","GBTG","4952099840","9.48","United States"
"3253","XTB S.A.","XTB.WA","4945500429","42.126","Poland"
"3254","SLM Corporation (Sallie Mae)","SLM","4940640256","26.28","United States"
"3255","CSW Industrials","CSW","4936274432","302.96","United States"
"3256","California Resources Corporation","CRC","4935721472","55.57","United States"
"3257","Spire Inc.","SR","4932372992","83.44","United States"
"3258","Sonoco","SON","4930896384","49.87","United States"
"3259","Amentum","AMTM","4924359168","20.14","United States"
"3260","Yamazaki Baking Co., Ltd.","2212.T","4920637220","24.9899","Japan"
"3261","The Bidvest Group","BVT.JO","4919791300","14.4748","South Africa"
"3262","EquipmentShare.com","EQPT","4915493888","19.4","United States"
"3263","Guangzhou Baiyunshan Pharmaceutical Holdings","600332.SS","4913717232","3.02235","China"
"3264","Parabilis Medicines","PBLS","4912916992","39.77","United States"
"3265","Saudi Investment Bank","1030.SR","4912800609","3.93875","Saudi Arabia"
"3266","Middleby","MIDD","4912503296","108.63","United States"
"3267","Icahn Enterprises","IEP","4912422912","6.91","United States"
"3268","Beijing Roborock Technology","688169.SS","4908649424","18.9121","China"
"3269","Formosa Sumco Technology","3532.TW","4908535541","12.6558","Taiwan"
"3270","Vinamilk (Vietnam Dairy Products)","VNM.VN","4908265164","2.3485","Vietnam"
"3271","Aixtron","AIXA.F","4905443790","43.4934","Germany"
"3272","Persimmon","PSN.L","4904973872","15.2742","United Kingdom"
"3273","DFI Retail Group","D01.SI","4901740032","3.62","Hong Kong"
"3274","White Mountains Insurance Group","WTM","4898697216","2052.48","Bermuda"
"3275","Acom","8572.T","4896241026","3.12537","Japan"
"3276","Vault Minerals","VAU.AX","4893419076","4.72992","Australia"
"3277","LifeStance Health Group","LFST","4890312192","12.8","United States"
"3278","Amada Co., Ltd.","6113.T","4890260251","15.864","Japan"
"3279","Herc Holdings","HRI","4890017280","146.27","United States"
"3280","Celanese","CE","4887119872","44.53","United States"
"3281","MDA Space","MDA","4884591104","30.14","Canada"
"3282","TFS Financial","TFSL","4876899328","17.39","United States"
"3283","Hoshizaki Corporation","6465.T","4875603202","34.8988","Japan"
"3284","Colliers International","CIGI","4870194176","95.3","Canada"
"3285","Far Eastern New Century","1402.TW","4867086138","0.90938","Taiwan"
"3286","Rightmove","RMV.L","4864330709","6.6608","United Kingdom"
"3287","China Great Wall Securities","002939.SZ","4864159906","1.20566","China"
"3288","COSCO SHIPPING Development","601866.SS","4862463209","0.369598","China"
"3289","Parkin PJSC","PARKIN.AE","4859404980","1.62011","United Arab Emirates"
"3290","SK Biopharmaceuticals","326030.KS","4850999049","61.9435","South Korea"
"3291","Cactus Inc","WHD","4847849472","69.52","United States"
"3292","Jersey Mike's Subs","JMKE","4847607296","20.82","United States"
"3293","Sweco","SWEC-A.ST","4844158724","13.4098","Sweden"
"3294","MONETA Money Bank","MONET.PR","4840923223","9.47343","Czech Republic"
"3295","Mabanee Company","MABANEE.KW","4837503748","3085.94","Kuwait"
"3296","Mitsubishi Gas Chemical Company","4182.T","4830519361","24.769","Japan"
"3297","Patterson-UTI Energy","PTEN","4828332544","12.66","United States"
"3298","HASEKO Corporation","1808.T","4828104908","18.2291","Japan"
"3299","Vishay Intertechnology","VSH","4826842112","31.47","United States"
"3300","Alior Bank S.A.","ALR.WA","4824312431","36.9526","Poland"
"3301","1&1","1U1.DE","4823962911","27.3288","Germany"
"3302","Zhifei Biological Products","300122.SZ","4819686869","2.01341","China"
"3303","Sichuan Changhong Electric","600839.SS","4815753854","1.04322","China"
"3304","Marfrig Global Foods","MBRF3.SA","4815476987","3.45587","Brazil"
"3305","Greif","GEF","4814470656","84.69","United States"
"3306","Maire Tecnimont","MAIRE.MI","4810859843","14.7343","Italy"
"3307","Bharat Dynamics","BDL.NS","4803960713","13.1054","India"
"3308","Gentex","GNTX","4803579904","22.8","United States"
"3309","Bumrungrad Hospital","BH.BK","4802217622","6.04078","Thailand"
"3310","Dave Inc.","DAVE","4800918016","376.38","United States"
"3311","ARCHION Corporation","543A.T","4800224577","1.74137","Japan"
"3312","Challenger Limited","CGF.AX","4793931794","7.03351","Australia"
"3313","Grupo Aeroportuario Centro Norte","OMAB","4793328128","99.3","Mexico"
"3314","Teleperformance","TEP.PA","4791584076","80.2419","France"
"3315","Grupo Simec","SIMECB.MX","4786963604","10.4009","Mexico"
"3316","Oji Holdings","3861.T","4782468341","5.63151","Japan"
"3317","Graham Holdings","GHC","4775643648","1127.68","United States"
"3318","Française des Jeux","FDJ.VI","4775248781","25.8402","France"
"3319","Danieli &amp; C. Officine Meccaniche","DAN.MI","4773458359","66.6938","Italy"
"3320","SATS","S58.SI","4772058807","3.21032","Singapore"
"3321","360 One Wam","360ONE.NS","4771713569","11.7079","India"
"3322","Belden","BDC","4769493504","122.05","United States"
"3323","Radian Group","RDN","4769462272","36.05","United States"
"3324","Indofood CBP","ICBP.JK","4767259310","0.408789","Indonesia"
"3325","Supreme Industries","SUPREMEIND.NS","4762484349","37.4757","India"
"3326","Tamarack Valley Energy","TVE.TO","4755943383","10.0118","Canada"
"3327","Atlas Arteria","ALX.AX","4754712475","3.27123","Australia"
"3328","Gulf Bank","GBK.KW","4753389820","1136.58","Kuwait"
"3329","ACADIA Pharmaceuticals","ACAD","4752186368","27.58","United States"
"3330","J-POWER (Electric Power Development)","9513.T","4751819266","26.9977","Japan"
"3331","Beijing Yanjing Brewery","000729.SZ","4750772127","1.68554","China"
"3332","Kakaku.com","2371.T","4749808500","24.0088","Japan"
"3333","Century Aluminum","CENX","4746728448","47.95","United States"
"3334","First Financial Bankshares","FFIN","4745573888","33.11","United States"
"3335","Mphasis","MPHASIS.NS","4739833824","24.8397","India"
"3336","Vail Resorts","MTN","4738903040","132.99","United States"
"3337","Calumet, Inc.","CLMT","4738593792","53.91","United States"
"3338","KEI Industries","KEI.NS","4736770897","49.5475","India"
"3339","FPT Corporation","FPT.VN","4735243261","2.7797","Vietnam"
"3340","National Shipping Company of Saudi Arabia (Bahri)","4030.SR","4734437272","9.61917","Saudi Arabia"
"3341","Gruma (Maseca)","GRUMAB.MX","4732607321","14.1049","Mexico"
"3342","Avis Budget Group","CAR","4727998464","133.84","United States"
"3343","Trend Micro","4704.T","4723570167","36.3933","Japan"
"3344","Canon Marketing Japan","8060.T","4722618438","22.9367","Japan"
"3345","Azbil Corporation","6845.T","4720898087","9.46706","Japan"
"3346","Sanil Electric","062040.KS","4720324791","154.486","South Korea"
"3347","Coca-Cola İçecek","CCOLA.IS","4717160059","1.68586","Turkey"
"3348","Benefit Systems","BFT.WA","4714565768","1428.21","Poland"
"3349","Tutor Perini Corporation","TPC","4710068224","89.52","United States"
"3350","Synnex Technology International","2347.TW","4706570258","2.82177","Taiwan"
"3351","Box, Inc.","BOX","4705986048","34.3","United States"
"3352","Sapporo","2501.T","4704194076","12.0629","Japan"
"3353","Sanwa Holdings","5929.T","4701631434","22.5728","Japan"
"3354","CTF Services Limited","0659.HK","4701623527","1.02989","Hong Kong"
"3355","Zhejiang Supor","002032.SZ","4699299264","5.87481","China"
"3356","Metropolitan Bank (Metrobank)","MTPOY","4698675200","20.895","Philippines"
"3357","Yamato Kogyo","5444.T","4697821964","78.6215","Japan"
"3358","Cosmo Energy Holdings","5021.T","4697590313","29.5838","Japan"
"3359","Louisiana-Pacific","LPX","4690462208","67.08","United States"
"3360","Hang Lung Properties","0101.HK","4688376836","0.901077","Hong Kong"
"3361","Haemonetics","HAE","4678916608","102.84","United States"
"3362","VisEra Technologies","6789.TW","4677749395","14.6961","Taiwan"
"3363","Cousins Properties","CUZ","4677054464","28.41","United States"
"3364","BillionToOne","BLLN","4674348032","99.06","United States"
"3365","Mapletree Logistics Trust","M44U.SI","4673017028","0.909328","Singapore"
"3366","Methanex","MEOH","4672027648","60.39","Canada"
"3367","KBR","KBR","4669549568","37.04","United States"
"3368","ServisFirst Bancshares","SFBS","4669032448","42.7","United States"
"3369","Nippon Television Holdings","9404.T","4664693711","19.1323","Japan"
"3370","Trex","TREX","4663388160","45.78","United States"
"3371","Dottikon ES","DESN.SW","4663387449","337.329","Switzerland"
"3372","Taiwan High Speed Rail","2633.TW","4662702949","0.82844","Taiwan"
"3373","Brunswick Corporation","BC","4662174720","71.95","United States"
"3374","China Oilfield Services","2883.HK","4655585829","0.975688","China"
"3375","NOBA Bank Group AB","NOBA.ST","4654288879","9.30858","Sweden"
"3376","Springer Nature AG","SPG.DE","4648992760","23.3748","Germany"
"3377","Waystar","WAY","4647981568","24.24","United States"
"3378","ESAB","ESAB","4644042240","74.74","United States"
"3379","CVR Energy","CVI","4636471296","46.12","United States"
"3380","CECO Environmental","CECO","4634630656","79.13","United States"
"3381","Delek US","DK","4633438720","75.67","United States"
"3382","CP Axtra","CPAXT.BK","4633105926","0.444309","Thailand"
"3383","Hiab Oyj","HIAB.HE","4630540754","71.6944","Finland"
"3384","Man Group","EMG.L","4629919984","4.17603","Jersey"
"3385","TECOM Group","TECOM.AE","4628873378","0.925775","United Arab Emirates"
"3386","Li Ning Company","2331.HK","4628775345","1.81491","China"
"3387","RS Group","RS1.L","4628451927","10.0948","United Kingdom"
"3388","Berner Kantonalbank","BEKN.SW","4626568431","499.815","Switzerland"
"3389","Torex Gold Resources","TXG.TO","4624422769","49.9427","Canada"
"3390","Kakao Pay","377300.KS","4622806436","34.1809","South Korea"
"3391","Electrical Industries Company (EIC)","1303.SR","4621837358","4.15446","Saudi Arabia"
"3392","Boot Barn Holdings","BOOT","4621467136","152.6","United States"
"3393","LG Uplus Corp.","032640.KS","4620354463","10.8861","South Korea"
"3394","Pampa Energía","PAM","4620108800","86.19","Argentina"
"3395","Dukhan Bank","DUBK.QA","4618661845","0.882418","Qatar"
"3396","Insight Enterprises","NSIT","4617747968","157.34","United States"
"3397","The Commercial Bank (P.S.Q.C.)","CBQK.QA","4617649379","1.14093","Qatar"
"3398","Changchun High-Tech Industry","000661.SZ","4616199299","11.3159","China"
"3399","BlackBerry","BB","4612610048","7.87","Canada"
"3400","Reynolds Consumer Products","REYN","4609998848","21.87","United States"
"3401","Balkrishna Industries","BALKRISIND.NS","4604149459","23.8166","India"
"3402","PTT Oil and Retail Business","OR.BK","4601339116","0.383445","Thailand"
"3403","Atour Lifestyle","ATAT","4598828544","33.28","China"
"3404","Nippon Prologis REIT","3283.T","4595143413","547.751","Japan"
"3405","Champion Homes","SKY","4591013888","84.58","United States"
"3406","Hagerty","HGTY","4590648320","13.37","United States"
"3407","UFP Industries","UFPI","4590539264","83.22","United States"
"3408","EPR Properties","EPR","4588874240","59.9","United States"
"3409","NuScale Power","SMR","4588155392","11.18","United States"
"3410","Federated Hermes","FHI","4587874304","61.45","United States"
"3411","Steadfast Group","SDF.AX","4581103873","4.11973","Australia"
"3412","Frasers Group","FRAS.L","4579777609","10.6635","United Kingdom"
"3413","Mitsubishi Materials","5711.T","4579170125","35.0418","Japan"
"3414","Maruwa","5344.T","4579074313","371.08","Japan"
"3415","Tidewater","TDW","4577573376","92","United States"
"3416","Doosan Bobcat","241560.KS","4571643821","47.7637","South Korea"
"3417","Turkcell","TKC","4570529280","5.25","Turkey"
"3418","INFRONEER Holdings","5076.T","4570242185","18.0634","Japan"
"3419","MARA Holdings","MARA","4569920512","11.83","United States"
"3420","Ollie's Bargain Outlet","OLLI","4566856704","76.88","United States"
"3421","Titan Cement International","TITC.BR","4565449650","61.1118","Belgium"
"3422","AXT Inc","AXTI","4561272320","69.56","United States"
"3423","Sonae","SON.LS","4557190606","2.3433","Portugal"
"3424","Aurizon Holdings","AZJ.AX","4552271706","2.70436","Australia"
"3425","Celcuity Inc.","CELC","4551645696","93.02","United States"
"3426","Choice Hotels International","CHH","4550004224","100.01","United States"
"3427","Pepkor","PPH.JO","4547555600","1.23326","South Africa"
"3428","Alaska Airlines","ALK","4546711552","40.74","United States"
"3429","Mazda","7261.T","4546698927","7.20588","Japan"
"3430","Hochschild Mining","HOC.L","4545486088","8.83548","United Kingdom"
"3431","Thai Oil","TOP.BK","4537690817","2.03135","Thailand"
"3432","Sumitomo Pharma","4506.T","4533970033","10.1071","Japan"
"3433","Tauron Polska","TPE.WA","4532345441","2.58614","Poland"
"3434","Interpump Group","IP.MI","4529353918","43.098","Italy"
"3435","Tohoku Electric Power","9506.T","4524672473","9.03497","Japan"
"3436","Petronet LNG","PETRONET.NS","4521770468","3.01451","India"
"3437","Fulton Financial","FULT","4509402112","23.62","United States"
"3438","Tokyo Tatemono","8804.T","4507470241","21.7606","Japan"
"3439","Dubai Investments","DIC.AE","4503718753","1.0592","United Arab Emirates"
"3440","THK Co.","6481.T","4498186733","40.1359","Japan"
"3441","BRP (Bombardier Recreational Products)","DOO","4494564352","63.17","Canada"
"3442","Paymentus","PAY","4489748480","35.65","United States"
"3443","Archer Aviation","ACHR","4489256448","5.83","United States"
"3444","Bicecorp","BICE.SN","4486883727","0.440891","Chile"
"3445","MYR Group","MYRG","4486435328","288.16","United States"
"3446","L.D.C. S.A.","LOUP.PA","4485507331","127.457","France"
"3447","Aumovio SE","AMV0.DE","4485365324","44.8308","Germany"
"3448","Indorama Ventures","IVL.BK","4485148835","0.798844","Thailand"
"3449","Liberty Global","LBTYB","4483595776","13.145","United Kingdom"
"3450","China Power International Development","2380.HK","4480669638","0.362216","Hong Kong"
"3451","Hafnia Limited","HAFN","4478040576","8.96","Bermuda"
"3452","Nelnet","NNI","4477438976","125.14","United States"
"3453","Dexus","DXS.AX","4476870387","4.17389","Australia"
"3454","Air Water Inc.","4088.T","4476471986","19.5254","Japan"
"3455","Hikma Pharmaceuticals","HIK.L","4473897950","21.6114","United Kingdom"
"3456","NS Solutions Corporation","2327.T","4472820925","24.4441","Japan"
"3457","Sterlite Technologies","STLTECH.NS","4470325246","8.69863","India"
"3458","IGO Limited","IGO.AX","4467705557","5.89977","Australia"
"3459","Centerra Gold","CGAU","4467676160","22.84","Canada"
"3460","Hirogin Holdings","7337.T","4467228081","15.0843","Japan"
"3461","Ayala Corporation","AYALY","4466819072","7.08","Philippines"
"3462","VEON","VEON","4464271360","64.83","Netherlands"
"3463","Griffon Corporation","GFF","4464199168","97.33","United States"
"3464","Broadstone Net Lease","BNL","4462312960","20.96","United States"
"3465","OHB SE","OHB.DE","4458871602","215.374","Germany"
"3466","Transportadora de Gas del Sur","TGS","4457850880","29.61","Argentina"
"3467","Tanger Inc.","SKT","4457717248","37.29","United States"
"3468","Excelerate Energy","EE","4456702464","39.3","United States"
"3469","Comstock Resources","CRK","4451287552","15.16","United States"
"3470","Want Want China","0151.HK","4450917999","0.380072","Hong Kong"
"3471","Qatar International Islamic Bank","QIIK.QA","4449575819","2.93956","Qatar"
"3472","Regis Resources","RRL.AX","4448739594","5.86366","Australia"
"3473","Chefs' Warehouse","CHEF","4441061888","108.86","United States"
"3474","International Bancshares Corp","IBOC","4437986304","71.36","United States"
"3475","FAW Car","000800.SZ","4437220582","0.901639","China"
"3476","LivaNova","LIVN","4433136128","80.7","United Kingdom"
"3477","flatexDEGIRO AG","FTK.DE","4419792825","41.3071","Germany"
"3478","Alliance Laundry Holdings","ALH","4419081216","22.23","United States"
"3479","Permata Bank","BNLI.JK","4416613781","0.122069","Indonesia"
"3480","NorthWestern Energy","NWE","4415751168","71.78","United States"
"3481","Hanmi Pharm","128940.KS","4414648148","348.152","South Korea"
"3482","Daishi Hokuetsu Financial Group","7327.T","4406440076","16.7899","Japan"
"3483","NGEx Minerals","NGEX.TO","4403631443","20.3064","Canada"
"3484","Vontier","VNT","4403464192","32.57","United States"
"3485","Yuhan","000100.KS","4402385820","58.8837","South Korea"
"3486","Sumitomo Heavy Industries","6302.T","4401064831","37.108","Japan"
"3487","RioCan REIT","REI-UN.TO","4399327445","15.1119","Canada"
"3488","dLocal","DLO","4399323136","14.95","Uruguay"
"3489","Adaro Energy","ADRO.JK","4398644452","0.152728","Indonesia"
"3490","Embassy Office Parks REIT","EMBASSY.BO","4398435624","4.64022","India"
"3491","Neptune Insurance Holdings","NP","4398320128","32.05","United States"
"3492","Strauss Group","STRS.TA","4395484982","37.5","Israel"
"3493","Kobe Bussan","3038.T","4392927656","19.8048","Japan"
"3494","Mobile TeleSystems","MTSS.ME","4385679326","2.19","Russia"
"3495","Franklin Electric","FELE","4382682112","99.13","United States"
"3496","Algonquin Power & Utilities","AQN","4373042688","5.68","Canada"
"3497","E-L Financial","ELF.TO","4370750268","12.6453","Canada"
"3498","Helmerich &amp; Payne","HP","4368331264","43.71","United States"
"3499","Toyo Seikan Group Holdings","5901.T","4366819201","28.999","Japan"
"3500","Telephone and Data Systems","TDS","4366349824","37.93","United States"
"3501","Estun Automation","002747.SZ","4364049907","4.50522","China"
"3502","Everbright Securities Company","6178.HK","4357555652","0.945078","Hong Kong"
"3503","Mapletree Industrial Trust","ME8U.SI","4356991330","1.52609","Singapore"
"3504","Ondas Holdings","ONDS","4354484224","7.62","United States"
"3505","Doximity","DOCS","4352766976","24.42","United States"
"3506","HUB24 Limited","HUB.AX","4351465877","53.2135","Australia"
"3507","Enliven Therapeutics","ELVN","4350085120","59.37","United States"
"3508","Entain","ENT.L","4350080612","6.79756","Isle of Man"
"3509","Arcadis","ARCAD.AS","4348003565","51.0292","Netherlands"
"3510","Nomura Real Estate Master Fund","3462.T","4347418838","935.66","Japan"
"3511","Iveco Group","IVG.MI","4347223270","16.3217","Italy"
"3512","Kulicke and Soffa Industries","KLIC","4346979840","83.07","Singapore"
"3513","LEG Immobilien","LEG.DE","4346911866","56.5647","Germany"
"3514","NHK Spring","5991.T","4346723884","21.4552","Japan"
"3515","Wonik IPS","240810.KQ","4346559537","89.333","South Korea"
"3516","SiteOne Landscape Supply","SITE","4344584704","99.52","United States"
"3517","Brink's","BCO","4343363072","105.47","United States"
"3518","Keisei Electric Railway Co., Ltd.","9009.T","4341350342","9.00248","Japan"
"3519","Aspen Pharmacare","APN.JO","4341086800","9.77673","South Africa"
"3520","Koito Manufacturing","7276.T","4340794209","16.8581","Japan"
"3521","Nishi-Nippon Financial Holdings","7189.T","4340416073","31.1627","Japan"
"3522","Veradermics","MANE","4338031616","103.83","United States"
"3523","ViTrox Corporation","0097.KL","4330601586","2.2874","Malaysia"
"3524","G-bits Network Technology","603444.SS","4325364988","60.0402","China"
"3525","Merdeka Copper Gold","MDKA.JK","4325255920","0.177142","Indonesia"
"3526","Kyushu Financial Group","7180.T","4323102699","10.25","Japan"
"3527","USA Rare Earth","USAR","4321756672","17.66","United States"
"3528","Indosat","ISAT.JK","4321348570","0.133992","Indonesia"
"3529","Concentra Group","CON","4320301056","33.88","United States"
"3530","Riyadh Cables Group Company","4142.SR","4314096597","28.8149","Saudi Arabia"
"3531","Thermax","THERMAX.NS","4312606951","38.2837","India"
"3532","MIAX (Miami International Holdings)","MIAX","4312574464","43.46","United States"
"3533","Global Power Synergy","GPSC.BK","4311972053","1.52921","Thailand"
"3534","AMP Limited","AMP.AX","4310478861","1.77182","Australia"
"3535","LLB (Liechtensteinische Landesbank)","LLBN.SW","4310449080","141.604","Liechtenstein"
"3536","Bendigo and Adelaide Bank","BEN.AX","4309450300","7.46678","Australia"
"3537","JB Financial Group","175330.KS","4307559473","23.2475","South Korea"
"3538","Envista","NVST","4306160640","26.81","United States"
"3539","Sime Darby","4197.KL","4300697354","0.631008","Malaysia"
"3540","Clariant","CLN.SW","4299399927","13.073","Switzerland"
"3541","DMG Mori Aktiengesellschaft","GIL.F","4298830071","54.5412","Germany"
"3542","Lazard","LAZ","4292697856","44.05","Bermuda"
"3543","Integer Holdings","ITGR","4289796352","126.2","United States"
"3544","Kingsoft","3888.HK","4279880163","3.15536","China"
"3545","Ansell","ANN.AX","4277249907","30.3871","Australia"
"3546","AGL Energy","AGL.AX","4270254644","6.34749","Australia"
"3547","MODEC, Inc.","6269.T","4269795240","62.4748","Japan"
"3548","OPENLANE Corporate","OPLN","4268783360","34.97","United States"
"3549","Linamar","LNR.TO","4267658994","72.3531","Canada"
"3550","Sumitomo Bakelite Company","4203.T","4266428633","48.6283","Japan"
"3551","ABC-Mart","2670.T","4266062419","17.2285","Japan"
"3552","Covista Inc.","CVSA","4259958272","125.15","United States"
"3553","Credit Saison","8253.T","4254141750","29.6098","Japan"
"3554","Astral Poly Technik","ASTRAL.NS","4252702216","15.8299","India"
"3555","KEPCO Engineering & Construction Company","052690.KS","4247466671","111.648","South Korea"
"3556","Krones","KRN.F","4247190354","134.434","Germany"
"3557","Texas Capital Bancshares","TCBI","4247011072","97.69","United States"
"3558","Kilroy Realty","KRC","4245548544","36.15","United States"
"3559","Mercari","4385.T","4245398194","26.0166","Japan"
"3560","Grupo Elektra","XEKT.MC","4241775619","20.2458","Mexico"
"3561","Ottobock","OBCK.F","4241700897","66.2868","Germany"
"3562","Cochin Shipyard Limited","COCHINSHIP.NS","4240570784","16.1189","India"
"3563","Aboitiz Power","ABZPY","4239924480","11.768","Philippines"
"3564","Emperador Brandy","EMI.SI","4234433105","0.268845","Philippines"
"3565","DiaSorin","DIA.MI","4232999458","85.6146","Italy"
"3566","Itron","ITRI","4228486656","96.57","United States"
"3567","United Community Bank","UCB","4226465536","35.29","United States"
"3568","Page Industries","PAGEIND.NS","4225291055","378.818","India"
"3569","The Tel-Aviv Stock Exchange","TASE.TA","4223969398","45.5239","Israel"
"3570","Kintetsu GHD","9041.T","4221757421","22.2024","Japan"
"3571","Warba Bank","WARBABANK.KW","4221173943","893.724","Kuwait"
"3572","Mandarin Oriental","M04.SI","4221123840","3.34","Hong Kong"
"3573","Eagers Automotive Limited","APE.AX","4220762048","14.948","Australia"
"3574","AIA Engineering","AIAENG.NS","4220184458","45.2225","India"
"3575","The Berkeley Group","BKG.L","4218668550","46.283","United Kingdom"
"3576","Geo Group","GEO","4217091584","32.04","United States"
"3577","Cavco Industries","CVCO","4214099712","548.04","United States"
"3578","Mirion Technologies","MIR","4213801472","16.92","United States"
"3579","Korn Ferry","KFY","4213257216","82.04","United States"
"3580","Rorze Corporation","6323.T","4210088416","24.2752","Japan"
"3581","Globe Telecom, Inc.","GTMEY","4205885952","29.08","Philippines"
"3582","Poonawalla Fincorp","POONAWALLA.NS","4205746316","4.80181","India"
"3583","Makkah Construction &amp; Development","4100.SR","4199733390","20.9987","Saudi Arabia"
"3584","Meritage Homes","MTH","4199166720","64.43","United States"
"3585","Imeik Technology Development","300896.SZ","4198408522","13.8748","China"
"3586","Aya Gold &amp; Silver","AYA.TO","4196587501","29.1357","Canada"
"3587","Taihan Cable & Solution Co., Ltd.","001440.KS","4194818365","22.5758","South Korea"
"3588","Cinemark Theatres","CNK","4192531712","36.17","United States"
"3589","AZZ","AZZ","4191282688","139.47","United States"
"3590","Relay Therapeutics","RLAY","4187796736","19.11","United States"
"3591","Hamamatsu","6965.T","4187473892","14.5027","Japan"
"3592","Diodes Incorporated","DIOD","4187020800","90.92","United States"
"3593","Beijing New Building Materials","000786.SZ","4180752382","2.45604","China"
"3594","GMO Payment Gateway","3769.T","4175087791","54.9765","Japan"
"3595","MDU Resources","MDU","4173333248","19.84","United States"
"3596","Parque Arauco","PARAUCO.SN","4171419100","4.24974","Chile"
"3597","CCC Intelligent Solutions","CCC","4170082304","7.08","United States"
"3598","FTI Consulting","FCN","4169624064","151.01","United States"
"3599","GLP J-REIT","3281.T","4167955148","868.735","Japan"
"3600","Cleanaway Waste Management","CWY.AX","4167472341","1.85947","Australia"
"3601","JTEKT Corporation","6473.T","4165770217","13.0862","Japan"
"3602","Westgold Resources Limited","WGX.AX","4165512410","4.41219","Australia"
"3603","Rohto Pharmaceutical","4527.T","4162446192","18.4208","Japan"
"3604","Rumble","RUM","4159847936","8.39","United States"
"3605","Bread Financial","BFH","4156964608","108.2","United States"
"3606","The Shiga Bank","8366.T","4156894228","18.0829","Japan"
"3607","Brady Corporation","BRC","4156208640","88.62","United States"
"3608","Silgan Holdings","SLGN","4154360320","39.31","United States"
"3609","Protector Forsikring","PROT.OL","4153224831","50.4554","Norway"
"3610","PUMA","PUM.DE","4153143772","28.2126","Germany"
"3611","HeartFlow","HTFL","4152035584","47.75","United States"
"3612","Lumine Group","LMN.V","4148438624","16.1657","Canada"
"3613","Cabot Corporation","CBT","4147002624","80.32","United States"
"3614","Fluidra","FDR.MC","4138611403","21.9095","Spain"
"3615","Rubis","RUI.PA","4136269028","40.0279","France"
"3616","J. Front Retailing","3086.T","4131975541","16.8029","Japan"
"3617","NIKKON Holdings","9072.T","4130332691","33.3004","Japan"
"3618","Endeavour Group","EDV.AX","4130117193","2.29997","Australia"
"3619","Cathay General Bancorp","CATY","4126916864","61.86","United States"
"3620","Valeo","FR.PA","4126249928","17.0834","France"
"3621","Aris Mining","ARIS","4124485120","19.98","Canada"
"3622","Seaboard Corporation","SEB","4123125504","4304.81","United States"
"3623","Bank Handlowy w Warszawie","BHW.WA","4121980908","31.612","Poland"
"3624","Sabancı Holding","SAHOL.IS","4117578098","1.99125","Turkey"
"3625","Scorpio Tankers","STNG","4112680704","82.12","Monaco"
"3626","Par Pacific Holdings","PARR","4112177664","82.08","United States"
"3627","Skeena Resources","SKE","4110158080","32.76","Canada"
"3628","Saudi Tadawul Group Holding Company","1111.SR","4109720384","34.2477","Saudi Arabia"
"3629","SCHOTT Pharma","1SXP.DE","4107353145","27.2706","Germany"
"3630","COPT Defense Properties","CDP","4106685952","35.45","United States"
"3631","Bank AlJazira","1020.SR","4097256491","3.21172","Saudi Arabia"
"3632","Qatar Electricity &amp; Water Company","QEWS.QA","4094780084","3.72253","Qatar"
"3633","Primoris Services Corporation","PRIM","4093534720","75.45","United States"
"3634","Allreal Holding","ALLN.SW","4091926368","247.745","Switzerland"
"3635","Sega Sammy Holdings","6460.T","4091688243","20.1557","Japan"
"3636","MSI (Micro-Star International)","2377.TW","4089527896","4.8405","Taiwan"
"3637","Kewpie Corporation","2809.T","4086418178","30.1815","Japan"
"3638","Offshore Oil Engineering Co.,Ltd","600583.SS","4085305510","0.923994","China"
"3639","WSFS Financial","WSFS","4073012992","79.26","United States"
"3640","LEENO Industrial","058470.KQ","4072521414","53.6595","South Korea"
"3641","JK Cement","JKCEMENT.NS","4067243380","52.638","India"
"3642","Persol Holdings","2181.T","4067008871","1.82324","Japan"
"3643","Jumbo S.A.","5JB.F","4065812612","30.2593","Greece"
"3644","Narayana Hrudayalaya","NH.NS","4064653267","20.0131","India"
"3645","Energix Renewable Energies","ENRG.TA","4063157261","7.0126","Israel"
"3646","Bill.com","BILL","4059174912","47.6","United States"
"3647","Endurance Technologies","ENDURANCE.NS","4058255751","28.8509","India"
"3648","Banco del Bajío","BBAJIOO.MX","4057202330","3.40961","Mexico"
"3649","SL Green Realty","SLG","4051250176","52.8","United States"
"3650","Indivior PLC","INDV","4050802944","34.32","United States"
"3651","Global Health Limited (Medanta)","MEDANTA.NS","4049149228","15.0683","India"
"3652","TUI","TUI1.F","4043397503","7.96837","Germany"
"3653","WaterBridge Infrastructure","WBI","4043190784","32.75","United States"
"3654","COMSYS Holdings Corporation","1721.T","4043123672","35.2237","Japan"
"3655","Mattel","MAT","4039798016","14.14","United States"
"3656","Container Corporation of India","CONCOR.NS","4032699904","5.29491","India"
"3657","Sacyr","SCYR.MC","4031598401","5.07036","Spain"
"3658","Caliway Biopharmaceuticals","6919.TW","4030918106","2.59007","Taiwan"
"3659","GPGI, Inc.","GPGI","4029472000","13.9","United States"
"3660","iRhythm","IRTC","4029397504","122.24","United States"
"3661","Ethos Technologies","LIFE","4027131904","42.02","United States"
"3662","Telix Pharmaceuticals","TLX.AX","4026473423","11.8501","Australia"
"3663","ICU Medical","ICUI","4023382272","160.89","United States"
"3664","Cohen &amp; Steers","CNS","4020135424","78.18","United States"
"3665","Bucher Industries","BUCN.SW","4019708936","409.613","Switzerland"
"3666","Robert Half","RHI","4013606912","39.21","United States"
"3667","Iida Group","3291.T","4012929384","14.5222","Japan"
"3668","Workiva","WK","4011039232","73.71","United States"
"3669","Macnica Holdings","3132.T","4010945444","22.4623","Japan"
"3670","Americold","COLD","4010119168","13.98","United States"
"3671","Daeduck Electronics","353200.KS","4005878192","77.7653","South Korea"
"3672","Takashimaya Company","8233.T","4005811219","13.671","Japan"
"3673","CyberAgent","4751.T","4005009382","7.89788","Japan"
"3674","EQB (Equitable Bank)","EQB.TO","3997544604","93.9146","Canada"
"3675","Trina Solar","688599.SS","3997377026","1.70641","China"
"3676","Voltas","VOLTAS.NS","3995410440","12.0749","India"
"3677","China Gas","0384.HK","3991984695","0.732723","China"
"3678","Indian Railway Catering & Tourism","IRCTC.NS","3986583527","4.98323","India"
"3679","Sezzle","SEZL","3985438208","118.35","United States"
"3680","Legend Biotech","LEGN","3985067520","20.49","United States"
"3681","UWM Holdings","UWMC","3983728128","1.39","United States"
"3682","USA Compression Partners","USAC","3983043072","27.48","United States"
"3683","NLC India","NLCINDIA.NS","3981856416","2.87159","India"
"3684","Fattal Holdings (Leonardo Hotels)","FTAL.TA","3978749581","241.147","Israel"
"3685","PLDT","PHI","3975426304","18.4","Philippines"
"3686","Travel + Leisure","TNL","3971691776","64.81","United States"
"3687","Chugin Financial Group","5832.T","3968790459","22.3259","Japan"
"3688","Huber+Suhner","HUBN.SW","3968376081","215.001","Switzerland"
"3689","Yamato Holdings","9064.T","3967151015","12.5275","Japan"
"3690","Axiata Group","6888.KL","3963334422","0.431353","Malaysia"
"3691","Asia Cement","1102.TW","3962514839","1.11728","Taiwan"
"3692","Johnson Matthey","JMAT.L","3962267477","31.415","United Kingdom"
"3693","Odakyu Electric Railway","9007.T","3959914470","11.5593","Japan"
"3694","China Everbright Environment Group","0257.HK","3956578254","0.644082","Hong Kong"
"3695","Ero Copper","ERO","3954112768","37.91","Canada"
"3696","Coca-Cola Bottlers Japan","2579.T","3952323634","24.4311","Japan"
"3697","Grand Canyon Education","LOPE","3949634816","151.53","United States"
"3698","Gibson Energy","GEI.TO","3949422070","22.8819","Canada"
"3699","Corporación América Airports","CAAP","3947053568","24.16","Luxembourg"
"3700","Toei Animation","4816.T","3941503308","19.2915","Japan"
"3701","China Airlines","2610.TW","3941033005","0.647999","Taiwan"
"3702","Iovance Biotherapeutics","IOVA","3940851200","8.7","United States"
"3703","3M India","3MINDIA.NS","3938283145","349.601","India"
"3704","Genworth Financial","GNW","3937207808","10.42","United States"
"3705","Türk Telekom","TTKOM.IS","3936073460","1.12459","Turkey"
"3706","Viking Therapeutics","VKTX","3928870912","33.68","United States"
"3707","CVB Financial","CVBF","3926502912","22.31","United States"
"3708","TransAlta","TAC","3925283072","12.41","Canada"
"3709","Patanjali Foods","PATANJALI.NS","3924298127","3.60729","India"
"3710","Aperam","APAM.AS","3920240931","54.0993","Luxembourg"
"3711","Pattern Group","PTRN","3914337536","19.66","United States"
"3712","OBIC Business Consultants","4733.T","3914120345","52.0656","Japan"
"3713","Lemonade","LMND","3912398848","50.55","United States"
"3714","Fuji Corporation","6134.T","3912338249","44.5023","Japan"
"3715","Independent Bank Corp.","INDB","3909845504","82.54","United States"
"3716","New Hope Corporation","NHC.AX","3908726360","4.63244","Australia"
"3717","Avient","AVNT","3908170240","42.61","United States"
"3718","Inchcape","INCH.L","3906621362","11.3406","United Kingdom"
"3719","Valvoline","VVV","3901328640","30.59","United States"
"3720","Asmodee Group AB","ASMDEE-B.ST","3898191429","16.4674","Sweden"
"3721","Covivio Hotels","COVH.PA","3894907976","24.654","France"
"3722","Secure Energy Services","SES.TO","3894442559","17.8615","Canada"
"3723","Mainfreight","MFT.NZ","3892529410","38.6553","New Zealand"
"3724","WesBanco","WSBC","3886106624","40.52","United States"
"3725","Adaptive Biotechnologies","ADPT","3884562688","24.34","United States"
"3726","Espressif Systems (Shanghai)","688018.SS","3881837169","16.5618","China"
"3727","OFILM Group","002456.SZ","3881455649","1.11028","China"
"3728","Wynn Macau","1128.HK","3878580178","0.735274","Macau"
"3729","Harvey Norman","HVN.AX","3878024845","3.11236","Australia"
"3730","Northland Power","NPI.TO","3871323633","14.8042","Canada"
"3731","Energy Fuels","UUUU","3870989568","14.62","United States"
"3732","Atmus Filtration Technologies","ATMU","3870075904","47.43","United States"
"3733","Wendel","MF.PA","3868031102","100.186","France"
"3734","Thai Life Insurance","TLI.BK","3867772454","0.337797","Thailand"
"3735","Kontoor Brands","KTB","3865650688","70.73","United States"
"3736","Toyoda Gosei","7282.T","3862185761","32.9365","Japan"
"3737","Siegfried Holding","SFZN.SW","3859560108","88.1008","Switzerland"
"3738","Thor Industries","THO","3859012864","74.13","United States"
"3739","Athens International Airport","AIA.AT","3858490123","12.1293","Greece"
"3740","Sheng Siong Group","OV8.SI","3856896633","2.56522","Singapore"
"3741","Sohar International Bank","BKSB.OM","3847971770","0.501299","Oman"
"3742","TOTVS","TOTS3.SA","3845783727","6.74456","Brazil"
"3743","Independence Realty Trust","IRT","3845227520","15.91","United States"
"3744","Athabasca Oil Corporation","ATH.TO","3844450142","7.98764","Canada"
"3745","Sixt","SIX2.F","3843252184","81.87","Germany"
"3746","Nine Dragons Paper","2689.HK","3836065858","0.817537","China"
"3747","NOF Corporation","4403.T","3835329975","17.0661","Japan"
"3748","Huhtamäki","HUH1V.HE","3833661785","36.5159","Finland"
"3749","Firefly Aerospace","FLY","3833566208","22.9","United States"
"3750","PI Industries","PIIND.NS","3832337033","25.2616","India"
"3751","Jiangsu Yuyue Medical Equipment &amp; Supply Co., Ltd.","002223.SZ","3832121130","3.82265","China"
"3752","Tarsus Pharmaceuticals","TARS","3827474944","87.22","United States"
"3753","Tango Therapeutics","TNGX","3827455488","22.7","United States"
"3754","KDX Realty Investment","8972.T","3826559166","947.356","Japan"
"3755","Howard Hughes Holdings","HHH","3825132544","64.05","United States"
"3756","Taylor Wimpey","TW.L","3824780744","1.10548","United Kingdom"
"3757","United Bank (Pakistan)","UBL.PK","3824199383","1.52709","Pakistan"
"3758","MediPal Holdings Corporation","7459.T","3823253026","18.6775","Japan"
"3759","Takasago Thermal Engineering","1969.T","3822947707","29.2134","Japan"
"3760","Fielmann","FIE.F","3822507520","45.5285","Germany"
"3761","Asbury Automotive Group","ABG","3822142464","212.91","United States"
"3762","Dorman Products","DORM","3821626112","128.78","United States"
"3763","Minor International","MINT.BK","3817042136","0.678637","Thailand"
"3764","Bath &amp; Body Works","BBWI","3811096320","18.9","United States"
"3765","ERG","ERG.MI","3810089779","26.2124","Italy"
"3766","Nikon","NINOY","3808057856","11.56","Japan"
"3767","Masan Group","MSN.VN","3807677792","2.6334","Vietnam"
"3768","KLCC Property Holdings","5235SS.KL","3804682829","2.10747","Malaysia"
"3769","Dyne Therapeutics","DYN","3792819968","20.31","United States"
"3770","L&amp;T Technology Services","LTTS.NS","3791952498","35.747","India"
"3771","JGC Holdings","1963.T","3787598327","15.6463","Japan"
"3772","Inmobiliaria Colonial","COL.MC","3786109018","6.04721","Spain"
"3773","Venture Corporation","V03.SI","3785906098","13.1734","Singapore"
"3774","Salzgitter","SZG.F","3785649355","68.8452","Germany"
"3775","Otter Tail","OTTR","3784580096","90.14","United States"
"3776","Planet Fitness","PLNT","3783359488","49.88","United States"
"3777","Universal Display Corporation","OLED","3783070720","82.3","United States"
"3778","Cranswick","CWK.L","3782235173","70.6838","United Kingdom"
"3779","Paladin Energy","PDN.AX","3780347754","8.41277","Australia"
"3780","ALSOK","2331.T","3778855623","7.77443","Japan"
"3781","Amylyx Pharmaceuticals","AMLX","3775012864","33.88","United States"
"3782","Mesaieed Petrochemical Holding Company","MPHC.QA","3772404076","0.300275","Qatar"
"3783","Groupe SEB","SK.PA","3771429581","68.7289","France"
"3784","Organo Corporation","6368.T","3769069636","81.9678","Japan"
"3785","Sportradar","SRAD","3767464448","12.73","Switzerland"
"3786","Q2","QTWO","3764976640","60.38","United States"
"3787","Peyto Exploration &amp; Development","PEY.TO","3764772883","18.3041","Canada"
"3788","Hudco","HUDCO.NS","3764014605","1.88022","India"
"3789","ERock, Inc.","EROC","3755150336","13.74","United States"
"3790","Tiantan Bio","600161.SS","3751406429","1.89717","China"
"3791","Inter Cars","CAR.WA","3750813940","267.569","Poland"
"3792","Zuger Kantonalbank","ZUGER.SW","3749023971","13036","Switzerland"
"3793","Exide Industries","EXIDEIND.NS","3748918748","4.41049","India"
"3794","IDEAYA Biosciences","IDYA","3747651840","38.84","United States"
"3795","PennyMac Financial Services","PFSI","3742591232","72.04","United States"
"3796","BancFirst","BANF","3739204352","111.29","United States"
"3797","Indofood","INDF.JK","3738897316","0.425822","Indonesia"
"3798","Brembo","BRE.MI","3736411555","11.7456","Italy"
"3799","Vanke","2202.HK","3735659889","0.313113","China"
"3800","Post Holdings","POST","3732768000","82.36","United States"
"3801","VietJet Aviation","VJC.VN","3730873940","4.851","Vietnam"
"3802","Renasant Corp","RNST","3730216192","40.81","United States"
"3803","Sunrise Communications AG","SUNN.SW","3729720375","50.8341","Switzerland"
"3804","AntarChile","ANTARCHILE.SN","3729609761","8.21853","Chile"
"3805","Badger Meter","BMI","3728578304","128.63","United States"
"3806","Constellium","CSTM","3724301824","27.48","France"
"3807","F.I.B.I. Holdings","FIBIH.TA","3721586719","104.973","Israel"
"3808","Fuji Media Holdings","4676.T","3718355479","26.0945","Japan"
"3809","Iren","IRE.MI","3712399535","2.89336","Italy"
"3810","Tenable","TENB","3711717632","33.7","United States"
"3811","Mueller Water Products","MWA","3709546240","23.76","United States"
"3812","NH Foods (Nipponham)","2282.T","3708536703","39.941","Japan"
"3813","AbCellera","ABCL","3707101696","11.44","Canada"
"3814","Bridgepoint Group plc","BPT.L","3704405280","4.15437","United Kingdom"
"3815","Synaptics","SYNA","3704213504","94.72","United States"
"3816","Wilh. Wilhelmsen Holding","WWI.OL","3703035682","89.2622","Norway"
"3817","Société Foncière Lyonnaise","FLY.PA","3702190127","86.0641","France"
"3818","Centrus Energy","LEU","3701853696","185.53","United States"
"3819","WisdomTree","WT","3699925760","24.42","United States"
"3820","Internet Initiative Japan Inc.","3774.T","3699800386","20.8639","Japan"
"3821","Santen Pharmaceutical","4536.T","3698372154","11.4943","Japan"
"3822","Jet2","JET2.L","3696451428","20.3656","United Kingdom"
"3823","Singapore Land","U06.SI","3693993300","2.57775","Singapore"
"3824","Nisshin Seifun Group","2002.T","3690897570","13.2","Japan"
"3825","Höegh Autoliners","HAUTO.OL","3689279253","18.514","Norway"
"3826","SkyWest","SKYW","3687914240","94.98","United States"
"3827","Ionic Digital","IOND","3687886592","81.96","United States"
"3828","Samsung Card","029780.KS","3683304117","34.5167","South Korea"
"3829","Gentera, S.A.B. de C.V.","GENTERA.MX","3681821730","2.33138","Mexico"
"3830","Amplifon","AMP.MI","3681523833","13.8795","Italy"
"3831","Axcelis Technologies","ACLS","3680146944","119.17","United States"
"3832","Haitian International Holdings","1882.HK","3678244675","2.30466","Hong Kong"
"3833","Tobu Railway","9001.T","3678076271","18.8107","Japan"
"3834","Nordic Semiconductor","NOD.OL","3674859336","18.5791","Norway"
"3835","BB Biotech","BION.SW","3672982197","66.6008","Switzerland"
"3836","Drax Group","DRX.L","3670480514","10.9005","United Kingdom"
"3837","CRISIL","CRISIL.NS","3667376861","50.1487","India"
"3838","Loomis AB","LOOMIS.ST","3666471475","54.787","Sweden"
"3839","Bank für Tirol und Vorarlberg","BTS.VI","3666277856","98.8487","Austria"
"3840","Eurazeo","RF.PA","3664259091","57.6114","France"
"3841","Citizen Watch","7762.T","3660647924","15.0031","Japan"
"3842","Fermi Inc.","FRMI","3657068544","5.71","United States"
"3843","St. Joe Company","JOE","3656073728","64.22","United States"
"3844","Arcus Biosciences","RCUS","3654968064","29.06","United States"
"3845","Meezan Bank","MEBL.PK","3652540510","2.02122","Pakistan"
"3846","Mandatum","MANTA.HE","3642857682","7.23921","Finland"
"3847","JOYY","JOYY","3641669888","74.36","China"
"3848","Vend Marketplaces","VENDA.OL","3638040042","35.6446","Norway"
"3849","Alm. Brand","ALMB.CO","3634531112","2.6678","Denmark"
"3850","Giant Biogene","2367.HK","3634423814","3.4232","China"
"3851","Madison Square Garden Entertainment","MSGE","3630676480","76.75","United States"
"3852","Hualan Biological Engineering","002007.SZ","3629615135","1.98808","China"
"3853","Shikun &amp; Binui","SKBN.TA","3629498019","6.22679","Israel"
"3854","Newmark","NMRK","3629433856","14.83","United States"
"3855","ZIM Integrated Shipping Services","ZIM","3625231360","30.08","Israel"
"3856","M/I Homes","MHO","3622805504","143.29","United States"
"3857","Stadler Rail","SRAIL.SW","3622740023","36.2288","Switzerland"
"3858","Interparfums","IPAR","3619233536","113.01","United States"
"3859","SMG Swiss Marketplace Group Holding AG","SMG.SW","3617312557","36.9455","Switzerland"
"3860","Unilever Indonesia","UNVR.JK","3612023252","0.0951002","Indonesia"
"3861","Organon","OGN","3610879744","13.75","United States"
"3862","Nicolet Bankshares","NIC","3608045312","172.16","United States"
"3863","Manchester United","MANU","3607326720","20.92","United Kingdom"
"3864","Dowa Holdings","5714.T","3603809061","60.9284","Japan"
"3865","Apple Hospitality REIT","APLE","3602622208","15.26","United States"
"3866","Nitto Boseki","3110.T","3601434636","19.7853","Japan"
"3867","The Hyakugo Bank","8368.T","3601191062","14.9186","Japan"
"3868","WillScot","WSC","3600264448","19.87","United States"
"3869","Fortuna Mining","FSM","3598841600","12.16","Canada"
"3870","China Resources Pharmaceutical Group","3320.HK","3597734601","0.572659","Hong Kong"
"3871","Air France-KLM","AF.PA","3595235846","13.6993","France"
"3872","Canadian Apartment Properties REIT","CAR-UN.TO","3594515547","23.3608","Canada"
"3873","Delhivery","DELHIVERY.NS","3594052895","4.79812","India"
"3874","Granite REIT","GRP-UN","3590449408","59.19","Canada"
"3875","Peabody Energy","BTU","3589955072","29.45","United States"
"3876","Sopra Steria Group","SOP.PA","3588685057","187.464","France"
"3877","The a2 Milk Company","A2M.AX","3585601774","4.9249","New Zealand"
"3878","Carel Industries","CRL.MI","3584491229","31.8642","Italy"
"3879","LXP Industrial Trust","LXP","3582832896","60.77","United States"
"3880","C&amp;D International Investment Group","1908.HK","3581849751","1.61977","Hong Kong"
"3881","Bel Fuse","BELFB","3577518080","247.76","United States"
"3882","TORM","TRMD","3577498880","34.94","United Kingdom"
"3883","SAL Saudi Logistics Services","4263.SR","3574966602","44.6871","Saudi Arabia"
"3884","Atlanta Braves Holdings","BATRA","3574151936","55.7","United States"
"3885","K+S","SDF.F","3574085405","19.9558","Germany"
"3886","İsdemir","ISDMR.IS","3569497786","1.23086","Turkey"
"3887","Meitav Investment House","MTAV.TA","3568161914","41.8767","Israel"
"3888","Shaftesbury Capital","SHC.L","3567301941","1.94854","United Kingdom"
"3889","New India Assurance","NIACL.NS","3567236554","2.16459","India"
"3890","DB HiTek","000990.KS","3562683410","84.6313","South Korea"
"3891","Freddie Mac","FMCC","3562326528","5.48","United States"
"3892","Harmonic Drive Systems","6324.T","3561492048","37.6213","Japan"
"3893","ORION","271560.KS","3560726618","90.0793","South Korea"
"3894","Option Care Health","OPCH","3555901696","23.74","United States"
"3895","Pandox AB","PNDX-B.ST","3553907085","18.2623","Sweden"
"3896","Digital China Group Co., Ltd.","000034.SZ","3553285474","3.49478","China"
"3897","Palomar Holdings","PLMR","3552313856","134.03","United States"
"3898","Star Health and Allied Insurance Company","STARHEALTH.NS","3550603704","6.0343","India"
"3899","DOF Group","DOFG.OL","3547256021","14.4034","Norway"
"3900","First Interstate BancSystem","FIBK","3547237632","37.22","United States"
"3901","Mitie Group PLC","MTO.L","3545190613","2.84089","United Kingdom"
"3902","First Advantage","FA","3543278592","20.63","United States"
"3903","Wesdome Gold Mines","WDO.TO","3541083940","24.6693","Canada"
"3904","Toyo Tire","5105.T","3537528921","22.9692","Japan"
"3905","Brederode","BREB.BR","3537527629","120.712","Luxembourg"
"3906","Kadant","KAI","3537303040","299.54","United States"
"3907","monday.com","MNDY","3537075456","83.67","Israel"
"3908","Topaz Energy","TPZ.TO","3533179774","22.8166","Canada"
"3909","GRAIL","GRAL","3533099008","79.1","United States"
"3910","TechCreate Group","TCGL","3531553280","172.84","Singapore"
"3911","Yamaha","7951.T","3531420824","8.02784","Japan"
"3912","Denali Therapeutics","DNLI","3529430784","22.08","United States"
"3913","Netwealth","NWL.AX","3527495984","14.3703","Australia"
"3914","Kyushu Railway Company","9142.T","3526438407","22.9237","Japan"
"3915","Worley","WOR.AX","3525042466","7.22848","Australia"
"3916","Plus500","PLUS.L","3524234317","49.5328","Israel"
"3917","Marriott Vacations Worldwide","VAC","3522424832","102.41","United States"
"3918","Koei Tecmo","3635.T","3520415049","10.5327","Japan"
"3919","Mouwasat Medical Services Company","4002.SR","3517976027","17.5899","Saudi Arabia"
"3920","American States Water","AWR","3514887168","88.68","United States"
"3921","ITV plc","ITV.L","3514304221","0.953961","United Kingdom"
"3922","National Bank of Fujairah","NBF.AE","3512772343","1.36","United Arab Emirates"
"3923","Life360","LIF","3510989056","43.09","United States"
"3924","Vidrala","VID.MC","3510234558","102.454","Spain"
"3925","CIE Automotive","CIE.MC","3510085405","29.5965","Spain"
"3926","Sino-American Silicon Products","5483.TWO","3508995254","5.71338","Taiwan"
"3927","National Health Investors","NHI","3507467008","71.42","United States"
"3928","Nichirei Corporation","2871.T","3505176317","13.9862","Japan"
"3929","Turk Altin Isletmeleri A.S.","TRALT.IS","3502383296","1.09364","Turkey"
"3930","Ayala Land","AYAAF","3501667584","0.245","Philippines"
"3931","Viva Energy","VEA.AX","3499015798","2.13027","Australia"
"3932","First Capital REIT","FCR-UN.TO","3498939461","16.4614","Canada"
"3933","Escorts Kubota","ESCORTS.NS","3496904663","31.7821","India"
"3934","Azelis Group","AZE.BR","3495449434","14.3621","Belgium"
"3935","Cal-Maine Foods","CALM","3495009536","74.83","United States"
"3936","United Breweries","UBL.NS","3493032974","13.2109","India"
"3937","Polaris","PII","3492738304","61.38","United States"
"3938","Liberty Energy","LBRT","3492296448","21.4","United States"
"3939","Laboratorios Farmaceuticos Rovi","ROVI.MC","3488239516","68.2056","Spain"
"3940","Knife River Corporation","KNF","3486977024","61.43","United States"
"3941","Bilfinger","GBF.F","3483906957","94.3133","Germany"
"3942","Growthpoint Properties","GRT.JO","3483407900","1.02824","South Africa"
"3943","Apex Investment","APEX.AE","3482671408","0.98","United Arab Emirates"
"3944","HNI Corporation","HNI","3481328128","48.23","United States"
"3945","HEXPOL AB","HPOL-B.ST","3480546406","10.105","Sweden"
"3946","Pulse Biosciences","PLSE","3479830016","48.79","United States"
"3947","Karur Vysya Bank","KARURVYSYA.NS","3478382973","3.59833","India"
"3948","GÜBRETAŞ","GUBRF.IS","3473566768","10.3999","Turkey"
"3949","Kenon Holdings","KEN","3470940416","66.61","Singapore"
"3950","Kerry Properties","0683.HK","3470521544","2.39904","Hong Kong"
"3951","Bestechnic","688608.SS","3468915505","14.6438","China"
"3952","NovaGold Resources","NG","3466366720","7.9","Canada"
"3953","CoreCivic","CXW","3466216704","35.05","United States"
"3954","Kuraray Co., Ltd.","3405.T","3464183845","11.4976","Japan"
"3955","Star Bulk Carriers","SBLK","3464046336","31.02","Greece"
"3956","CleanSpark","CLSK","3461893888","13.48","United States"
"3957","National Healthcare","NHC","3460698368","220.97","United States"
"3958","The Japan Steel Works","5631.T","3456648367","46.9585","Japan"
"3959","QL Resources","7084.KL","3455389552","0.948977","Malaysia"
"3960","Seek Limited","SEK.AX","3450969211","9.64038","Australia"
"3961","COSMOS Pharmaceutical","3349.T","3448339796","43.5082","Japan"
"3962","National Energy Services Reunited","NESR","3447112960","34.18","United States"
"3963","Bitdeer Technologies Group","BTDR","3443481088","12.67","Singapore"
"3964","Mechanics Bancorp","MCHB","3443182336","15.55","United States"
"3965","Park National Corp","PRK","3441944832","190.54","United States"
"3966","Hamilton Insurance Group","HG","3438683392","34.87","Bermuda"
"3967","QuantumScape","QS","3438661120","5.59","United States"
"3968","Unite Group (Unite Students)","UTG.L","3437361055","6.68924","United Kingdom"
"3969","PPB Group Berhad","4065.KL","3436514838","2.41804","Malaysia"
"3970","Alliance Resource Partners","ARLP","3430043648","26.66","United States"
"3971","Sharjah Islamic Bank","SIB.AE","3429870602","0.8","United Arab Emirates"
"3972","Sumitomo Rubber Industries","5110.T","3427718579","13.0408","Japan"
"3973","TowneBank","TOWN","3426649600","37.07","United States"
"3974","Seabridge Gold","SA","3425989888","31.76","Canada"
"3975","Highwoods Properties","HIW","3425865472","30.5","United States"
"3976","Ventia Services Group","VNT.AX","3425318927","4.18833","Australia"
"3977","Doosan Robotics","454910.KS","3424995456","52.8386","South Korea"
"3978","UCT (Ultra Clean Holdings)","UCTT","3423848960","75.62","United States"
"3979","Fastly","FSLY","3423356928","21.49","United States"
"3980","First Financial Bank","FFBC","3422630144","32.61","United States"
"3981","Quilter","QLT.L","3420256373","2.53216","United Kingdom"
"3982","Baytex Energy","BTE","3419087872","4.89","Canada"
"3983","CorVel Corporation","CRVL","3418456320","67.67","United States"
"3984","AllianceBernstein","AB","3417722112","36.72","United States"
"3985","Tikehau Capital","TKO.PA","3416051327","19.8163","France"
"3986","Yadea Group","1585.HK","3415394997","1.12491","China"
"3987","NSK Ltd.","6471.T","3414710555","6.97847","Japan"
"3988","Curbline Properties","CURB","3414328576","29.68","United States"
"3989","Stride (K12 Education)","LRN","3414141184","82.15","United States"
"3990","Braze","BRZE","3413865984","30.31","United States"
"3991","Veracyte","VCYT","3412586496","42.45","United States"
"3992","Kadokawa","9468.T","3410056239","23.2031","Japan"
"3993","Sims Limited","SGM.AX","3407531659","17.6343","Australia"
"3994","Daiwa House REIT Investment Corporation","8984.T","3401152358","749.178","Japan"
"3995","Qatar Fuel Company (WOQOD)","QFLS.QA","3400682240","3.42033","Qatar"
"3996","Magnite","MGNI","3399152640","23.7","United States"
"3997","Amot Investment","AMOT.TA","3389943815","6.8634","Israel"
"3998","SmartCentres REIT","SRU-UN.TO","3389492668","19.8784","Canada"
"3999","Japan Airport Terminal","9706.T","3389082435","36.5102","Japan"
"4000","Sinch","SINCH.ST","3387337596","4.82126","Sweden"
"4001","Keppel REIT","K71U.SI","3386463959","0.680019","Singapore"
"4002","IPG Photonics","IPGP","3384047872","79.56","United States"
"4003","Comet Holding","COTN.SW","3381727080","435.191","Switzerland"
"4004","Shihlin Electric & Engineering Corp.","1503.TW","3381646509","6.49103","Taiwan"
"4005","Trigano","TRI.PA","3380077060","177.23","France"
"4006","Nabtesco Corporation","6268.T","3380050806","28.8365","Japan"
"4007","Mitsubishi Logistics","9301.T","3373453430","9.9284","Japan"
"4008","Vicat S.A.","VCT.PA","3370955553","75.7065","France"
"4009","Dr Lal PathLabs","LALPATHLAB.NS","3368333948","20.1723","India"
"4010","Dalmia Bharat","DALBHARAT.NS","3367150874","17.9362","India"
"4011","Dana Incorporated","DAN","3366074368","31.29","United States"
"4012","FS KKR Capital","FSK","3365824768","12.18","United States"
"4013","L&F Co., Ltd.","066970.KS","3362617753","89.4635","South Korea"
"4014","United States Lime &amp; Minerals","USLM","3361989376","117.19","United States"
"4015","Jubilant FoodWorks","JUBLFOOD.NS","3361640993","5.11141","India"
"4016","NCR Atleos Corporation","NATL","3360832512","45.48","United States"
"4017","Group 1 Automotive","GPI","3357298688","281.6","United States"
"4018","DHT Holdings","DHT","3356924416","20.82","Bermuda"
"4019","Versigent","VGNT","3356883200","47.39","Switzerland"
"4020","Simmons First National","SFNC","3354164992","23.21","United States"
"4021","Golden Agri-Resources","E5H.SI","3353218683","0.264415","Singapore"
"4022","dormakaba","DOKA.SW","3350386138","80.5634","Switzerland"
"4023","Paramount Resources","POU.TO","3350117795","22.9617","Canada"
"4024","Marui Group","8252.T","3349468800","18.7424","Japan"
"4025","ScottsMiracle-Gro","SMG","3349412096","57.53","United States"
"4026","Suntec REIT","T82U.SI","3345360886","1.13073","Singapore"
"4027","Grupa Kety","KTY.WA","3342923612","339.047","Poland"
"4028","Seacoast Banking","SBCF","3342323200","34.52","United States"
"4029","Shift4 Payments","FOUR","3339223552","42.29","United States"
"4030","NMI Holdings","NMIH","3338168064","44.38","United States"
"4031","Tate &amp; Lyle","TATE.L","3337961992","7.54232","United Kingdom"
"4032","Hexaware Technologies","HEXT.NS","3337171721","5.47264","India"
"4033","Standex International","SXI","3336014336","271.63","United States"
"4034","Syrma SGS Technology","SYRMA.NS","3330424087","17.2897","India"
"4035","Perfect World Entertainment","002624.SZ","3327725287","1.71535","China"
"4036","TRIAL Holdings","141A.T","3326540652","27.0952","Japan"
"4037","Array Digital Infrastructure","AD","3325980416","38.46","United States"
"4038","Ashland","ASH","3325514496","72.62","United States"
"4039","Hangzhou EZVIZ Network","688475.SS","3323696129","4.22057","China"
"4040","Community Financial System","CBU","3322694400","63.15","United States"
"4041","Lionsgate Studios","LION","3320765952","11.16","United States"
"4042","Freenet","FNTN.F","3320305421","28.1428","Germany"
"4043","Tata Investment Corporation","TATAINVEST.NS","3319635753","6.56116","India"
"4044","Golub Capital","GBDC","3318347264","12.78","United States"
"4045","Hercules Capital","HTGC","3316546048","17.72","United States"
"4046","Van Lanschot Kempen","VLK.AS","3314406019","78.4975","Netherlands"
"4047","Mainova","MNV6.F","3314338737","441.912","Germany"
"4048","Serco Group","SRP.L","3309510461","3.41503","United Kingdom"
"4049","Cembra Money Bank","CMBN.SW","3307459244","110.713","Switzerland"
"4050","SYNLAB","SYAB.VI","3307393271","15.049","Germany"
"4051","Sprott Inc","SII","3303561216","128.38","Canada"
"4052","QinetiQ","QQ.L","3301984719","6.46445","United Kingdom"
"4053","Ferrotec Holdings Corporation","6890.T","3300201185","61.3377","Japan"
"4054","Breville Group","BRG.AX","3298821870","22.7759","Australia"
"4055","Predictive Discovery Limited","PDI.AX","3296763221","3.33622","Australia"
"4056","Endeavour Silver","EXK","3296088064","11.13","Canada"
"4057","Primary Health Properties","PHP.L","3290748104","1.26811","United Kingdom"
"4058","GS Yuasa Corporation","6674.T","3290483970","32.8001","Japan"
"4059","Ebro Foods","EBRO.MC","3288807805","21.3746","Spain"
"4060","PVH Corp.","PVH","3287781888","71.26","United States"
"4061","RXO","RXO","3285328384","19.92","United States"
"4062","Port of Tauranga","POT.NZ","3282924337","4.82605","New Zealand"
"4063","ZPMC (Shanghai Zhenhua Heavy Industries)","600320.SS","3282413211","0.624441","China"
"4064","United Urban Investment Corporation","8960.T","3281049080","1025.33","Japan"
"4065","NH Hotel Group","NHH.MC","3280482487","7.53012","Spain"
"4066","Old Mutual","OMU.JO","3275996900","0.821342","South Africa"
"4067","El Al Israel Airlines","ELAL.TA","3272679519","5.5305","Israel"
"4068","Honeywell Automation India","HONAUT.NS","3271753578","369.8","India"
"4069","Acadian Asset Management","AAMI","3270415360","92.15","United States"
"4070","Kinaxis","KXS.TO","3270325757","120.286","Canada"
"4071","Astronics Corporation","ATRO","3268688896","76","United States"
"4072","LIC Housing Finance","LICHSGFIN.NS","3266448582","5.93832","India"
"4073","SKC Co., Ltd.","011790.KS","3262257551","66.0482","South Korea"
"4074","Shufersal","SAE.TA","3260736814","12.2215","Israel"
"4075","LG Display","LPL","3260000000","3.26","South Korea"
"4076","Iwatani Corporation","8088.T","3259652215","14.1616","Japan"
"4077","CJ Group","001040.KS","3258175913","97.1692","South Korea"
"4078","Kyivstar Group","KYIV","3257767680","14.11","United Arab Emirates"
"4079","Enea","ENA.WA","3257729528","6.14978","Poland"
"4080","Taseko Mines","TGB","3257607424","8.9","Canada"
"4081","Hebei Changshan Biochemical Pharmaceutical Co., Ltd.","300255.SZ","3257119037","3.54396","China"
"4082","OSI Systems","OSIS","3256146944","204.25","United States"
"4083","Kansai Paint","4613.T","3250594396","18.3039","Japan"
"4084","LIXIL Corporation","5938.T","3249628615","11.2994","Japan"
"4085","Neuland Laboratories","NEULANDLAB.NS","3247122623","253.09","India"
"4086","TechnoPro Holdings","6028.T","3246446499","31.1589","Japan"
"4087","BankUnited","BKU","3244628736","45.55","United States"
"4088","Lion Corp","4912.T","3242513218","11.7185","Japan"
"4089","Bright Horizons","BFAM","3239597568","66.61","United States"
"4090","Atlanta Braves Holdings, Inc.","BATRK","3237912064","50.46","United States"
"4091","Freshpet","FRPT","3233347072","67.28","United States"
"4092","Gujarat Gas","GUJGASLTD.NS","3232024347","3.44481","India"
"4093","Greencoat UK Wind","UKW.L","3230306452","1.49628","United Kingdom"
"4094","Exponent","EXPO","3226714880","67.865","United States"
"4095","Delek Logistics Partners","DKL","3226245376","55.82","United States"
"4096","Mivne Real Estate (K.D)","MVNE.TA","3220962766","4.4496","Israel"
"4097","Commercial Bank of Kuwait","CBK.KW","3220417649","1632.02","Kuwait"
"4098","Solvay","SOLB.VI","3217323697","30.7943","Belgium"
"4099","Carl Zeiss Meditec","AFXA.F","3216816103","36.7485","Germany"
"4100","Nahdi Medical Company","4164.SR","3216245096","24.7403","Saudi Arabia"
"4101","Lisi S.A.","FII.PA","3211179578","70.2407","France"
"4102","Assured Guaranty","AGO","3210482176","73","Bermuda"
"4103","Micronics Japan Co., Ltd.","6871.T","3209460975","82.78","Japan"
"4104","Chesapeake Utilities","CPK","3206640896","133.02","United States"
"4105","Mobimo Holding","MOBN.SW","3205692839","430.619","Switzerland"
"4106","Regencell Bioscience","RGC","3204288000","6.48","Hong Kong"
"4107","Jungheinrich","JUN3.F","3202697848","31.399","Germany"
"4108","Teekay Tankers","TNK","3202014720","92.33","Canada"
"4109","Aluminium Bahrain (Alba)","ALBH.BH","3201591478","0","Bahrain"
"4110","Mr D.I.Y. Group","5296.KL","3200429464","0.337688","Malaysia"
"4111","Dynex Capital","DX","3198871552","12.89","United States"
"4112","Aldrees Petroleum and Transport Services","4200.SR","3195738917","31.9574","Saudi Arabia"
"4113","Meidensha Corporation","6508.T","3195184405","70.4344","Japan"
"4114","Allied Gold Corporation","AAUC.TO","3194615218","22.9255","Canada"
"4115","Downer EDI Limited","DOW.AX","3193213363","4.84547","Australia"
"4116","Asyad Shipping Company","ASCO.OM","3192892677","0.612987","Oman"
"4117","Japan Petroleum Exploration","1662.T","3192545327","12.508","Japan"
"4118","Olam","VC2.SI","3192279297","0.84607","Singapore"
"4119","Signet Jewelers","SIG","3186459136","82.02","Bermuda"
"4120","Gulfport Energy","GPOR","3183803136","180.04","United States"
"4121","Milaha - Qatar Navigation","QNNS.QA","3183758818","2.8022","Qatar"
"4122","Meiko Electronics","6787.T","3182030746","123.975","Japan"
"4123","AJ Bell","AJB.L","3181672692","8.0975","United Kingdom"
"4124","Hanwha Engine","082740.KS","3181542918","38.1363","South Korea"
"4125","Suruga Bank","8358.T","3181266595","18.8107","Japan"
"4126","Jason Furniture (Kuka Home)","603816.SS","3180051363","3.43517","China"
"4127","Workman","7564.T","3171151230","38.8559","Japan"
"4128","Atkore","ATKR","3170229504","93.87","United States"
"4129","uniQure","QURE","3168657920","45.68","Netherlands"
"4130","Blue Star","BLUESTARCO.NS","3167984902","15.409","India"
"4131","National Bank of Bahrain","NBB.BH","3167696404","2.25464","Bahrain"
"4132","Piramal Pharma","PPLPHARMA.NS","3167197914","2.3903","India"
"4133","F&G Annuities & Life, Inc.","FG","3164704000","24.17","United States"
"4134","Comgás","CGAS5.SA","3160465236","23.8489","Brazil"
"4135","Doosan Fuel Cell","336260.KS","3159987100","40.0767","South Korea"
"4136","Tomra","TOM.OL","3159044884","10.6833","Norway"
"4137","Steve Madden","SHOO","3158323456","43.16","United States"
"4138","Liftoff Mobile","LFTO","3158032896","18.65","United States"
"4139","Plug Power","PLUG","3157661184","2.26","United States"
"4140","Vesta Real Estate","VTMX","3157578752","34.03","Mexico"
"4141","Freshworks","FRSH","3157141504","12.1","United States"
"4142","Black Stone Minerals","BSM","3156624896","14.84","United States"
"4143","Momentum Metropolitan","MTM.JO","3153176100","2.44778","South Africa"
"4144","Royal Unibrew","RBREW.CO","3152163444","66.5162","Denmark"
"4145","Hilton Grand Vacations","HGV","3151714048","40.55","United States"
"4146","Avista","AVA","3149944064","37.61","United States"
"4147","Craftsman Automation","CRAFTSMAN.NS","3146543028","120.306","India"
"4148","BIC","BB.PA","3141022360","77.4509","France"
"4149","First Hawaiian Bank","FHB","3140577024","25.81","United States"
"4150","ENAV","ENAV.MI","3140534712","5.8123","Italy"
"4151","Sugi Holdings","7649.T","3138350226","8.43394","Japan"
"4152","Navitas Semiconductor","NVTS","3133121792","12","Ireland"
"4153","Veidekke","VEI.OL","3132380543","23.2103","Norway"
"4154","Treasury Wine Estates","TWE.AX","3131068658","3.8706","Australia"
"4155","Zealand Pharma","ZEAL.CO","3129167962","46.2471","Denmark"
"4156","Bellway","BWY.L","3125270190","27.8673","United Kingdom"
"4157","Bangkok Expressway and Metro (BEM)","BEM.BK","3122290246","0.20846","Thailand"
"4158","North Pacific Bank","8524.T","3121248277","8.34297","Japan"
"4159","Kingsoft Cloud","KC","3119431936","10.42","China"
"4160","Pony AI","PONY","3119089664","7.18","China"
"4161","West African Resources","WAF.AX","3113770171","2.72241","Australia"
"4162","Elecnor","ENO.MC","3112387514","36.7485","Spain"
"4163","Cushman &amp; Wakefield","CWK","3112303872","13.26","United States"
"4164","Becle","CUERVO.MX","3110491540","0.866148","Mexico"
"4165","Charoen Pokphand Indonesia","CPIN.JK","3109596451","0.189633","Indonesia"
"4166","Rinnai Corporation","5947.T","3107647498","22.5078","Japan"
"4167","Bank of Queensland","BOQ.AX","3106701702","4.73715","Australia"
"4168","Schneider Electric Infrastructure","SCHNEIDER.NS","3101280689","12.9704","India"
"4169","Aktor","AKTR.AT","3098752738","11.8386","Greece"
"4170","Walliser Kantonalbank","WKBN.SW","3097747069","197.084","Switzerland"
"4171","Perpetua Resources","PPTA","3097372160","24.76","United States"
"4172","Tokyo Kiraboshi Financial Group","7173.T","3096872522","10.8186","Japan"
"4173","Outokumpu","OUT1V.HE","3096842069","6.56977","Finland"
"4174","Daido Steel","5471.T","3094512363","15.4839","Japan"
"4175","B&M European Value Retail","BME.L","3092358677","3.0738","Luxembourg"
"4176","Dubai Financial Market (DFM)","DFM.AE","3091538115","0.386647","United Arab Emirates"
"4177","Dexerials Corporation","4980.T","3090026888","18.4468","Japan"
"4178","HUGO BOSS","BOSS.DE","3087628839","44.7378","Germany"
"4179","ArcBest","ARCB","3086610176","138.095","United States"
"4180","CDSL","CDSL.NS","3086237368","14.7667","India"
"4181","California Water Service Group","CWT","3083915776","49.87","United States"
"4182","The Vita Coco Company","COCO","3082423296","53.27","United States"
"4183","Redington India","REDINGTON.NS","3080244579","3.94007","India"
"4184","Virbac SA","VIRP.PA","3080117640","367.485","France"
"4185","Infleqtion","INFQ","3078377472","13.66","United States"
"4186","KB Home","KBH","3077748480","50.2","United States"
"4187","ROBOTIS","108490.KQ","3074755528","210.086","South Korea"
"4188","Celldex Therapeutics","CLDX","3072075264","39.12","United States"
"4189","Csquare, Inc.","CSQR","3071064320","18.43","United States"
"4190","Kamigumi","9364.T","3070687631","31.2861","Japan"
"4191","Megaport Limited","MP1.AX","3067684254","12.63","Australia"
"4192","BioArctic AB","BIOA-B.ST","3067264276","34.5628","Sweden"
"4193","ChronoScale","CHRN","3067124736","21.06","United States"
"4194","Arcutis Biotherapeutics","ARQT","3065626880","24.39","United States"
"4195","Munters Group AB","MTRS.ST","3063134106","16.7805","Sweden"
"4196","TransMedics Group","TMDX","3060774912","88.27","United States"
"4197","Warby Parker","WRBY","3060535552","24.76","United States"
"4198","Asset World Corp","AWC.BK","3060357630","0.0955569","Thailand"
"4199","Alfamart","AMRT.JK","3056282378","0.0743769","Indonesia"
"4200","Provident Financial Services","PFS","3055801856","23.43","United States"
"4201","Alleima AB","ALLEI.ST","3055762848","12.2097","Sweden"
"4202","Worthington Enterprises","WOR","3053520640","62.41","United States"
"4203","Garden Reach Shipbuilders & Engineers Limited","GRSE.NS","3051683178","26.6402","India"
"4204","KWS","KWS.F","3050936201","92.4526","Germany"
"4205","NOK Corporation","7240.T","3049910135","19.2005","Japan"
"4206","Intapp","INTA","3049734656","39.86","United States"
"4207","Hill &amp; Smith PLC","HILS.L","3048111408","39.1334","United Kingdom"
"4208","BBVA Argentina","BBAR","3047211520","14.92","Argentina"
"4209","Agilysys","AGYS","3046930176","108.025","United States"
"4210","Optima bank","OPTIMA.AT","3046816503","13.7807","Greece"
"4211","Construcciones y Auxiliar de Ferrocarriles","CAF.MC","3046653656","88.9638","Spain"
"4212","Russel Metals","RUS.TO","3046524938","55.4854","Canada"
"4213","Invincible Investment Corporation","8963.T","3045623736","398.305","Japan"
"4214","Melexis NV","MELE.BR","3045219592","77.3346","Belgium"
"4215","Immunome","IMNM","3045016320","26.81","United States"
"4216","NCsoft","036570.KS","3044613459","156.351","South Korea"
"4217","Wix.com","WIX","3043296512","72.72","Israel"
"4218","Knowles","KN","3042315776","35.62","United States"
"4219","Park Hotels &amp; Resorts","PK","3042222080","15.11","United States"
"4220","Groupe Lagardère","MMB.PA","3037653019","21.2583","France"
"4221","ALSO Holding","ALSN.SW","3036335539","238.478","Switzerland"
"4222","Exxaro Resources","EXX.JO","3034694100","12.9608","South Africa"
"4223","TISCO Financial Group","TISCO.BK","3033705460","3.7888","Thailand"
"4224","MBX Biosciences","MBX","3033604608","62.99","United States"
"4225","Kalmar Oyj","KALMAR.HE","3032970651","47.4706","Finland"
"4226","Denison Mines","DNN","3032612864","3.35","Canada"
"4227","Aozora Bank","8304.T","3031935874","21.91","Japan"
"4228","Nagase &amp; Co.","8012.T","3027243234","7.41381","Japan"
"4229","GoTo","GOTO.JK","3026436212","0.00283881","Indonesia"
"4230","TriNet","TNET","3025581312","65.91","United States"
"4231","Takara Holdings","2531.T","3024632260","15.799","Japan"
"4232","Mitsubishi Motors","7211.T","3021907165","2.25793","Japan"
"4233","ZF Commercial Vehicle Control Systems India","ZFCVINDIA.NS","3021833288","26.5526","India"
"4234","Green Brick Partners","GRBK","3021501440","70.25","United States"
"4235","Südzucker","SZU.F","3020364757","14.7924","Germany"
"4236","MARAFIQ (The Power and Water Utility Company for Jubail and Yanbu)","2083.SR","3017310127","12.0692","Saudi Arabia"
"4237","Medacta Group","MOVE.SW","3016354380","151.489","Switzerland"
"4238","Seadrill","SDRL","3015122944","48.21","Bermuda"
"4239","Tecan","TECN.SW","3011557345","244.409","Switzerland"
"4240","Tofaş Türk Otomobil Fabrikası","TOASO.IS","3010090127","6.02018","Turkey"
"4241","Bank of Hawaii","BOH","3005725696","76.19","United States"
"4242","Guoco","0053.HK","3004874256","9.13193","Hong Kong"
"4243","Brighthouse Financial","BHF","3004404224","52.24","United States"
"4244","NetLink Trust","CJLU.SI","3004378088","0.770952","Singapore"
"4245","Adeia","ADEA","2999620096","27.2","United States"
"4246","Hakuhodo DY Holdings","2433.T","2998893425","8.35272","Japan"
"4247","NewAmsterdam Pharma Company","NAMS","2996248832","25.63","Netherlands"
"4248","Electra","ELTR.TA","2994405485","39.1578","Israel"
"4249","Viscofan","VIS.MC","2993911821","65.9379","Spain"
"4250","Siltronic","WAF.F","2993371479","90.7082","Germany"
"4251","Vodafone Qatar","VFQS.QA","2991415334","0.707692","Qatar"
"4252","SpareBank 1","SPOL.OL","2990330212","22.0173","Norway"
"4253","Sasa Polyester","SASA.IS","2990081241","0.0569518","Turkey"
"4254","CASIO","6952.T","2989575213","13.6321","Japan"
"4255","Nifco Inc.","7988.T","2987970687","32.0854","Japan"
"4256","DigitalBridge Group","DBRG","2984924928","15.92","United States"
"4257","Toho Gas","9533.T","2983191391","8.38196","Japan"
"4258","Technogym","TGYM.MI","2982765297","14.9669","Italy"
"4259","Resideo Technologies","REZI","2982282496","19.64","United States"
"4260","Aveanna Healthcare","AVAH","2981850880","13.66","United States"
"4261","Premium Brands","PBH.TO","2981746217","57.3535","Canada"
"4262","Wingstop Restaurants","WING","2981696512","109.45","United States"
"4263","TGS ASA","TGS.OL","2981635347","15.1735","Norway"
"4264","Opendoor","OPEN","2981249536","3.07","United States"
"4265","Bravida Holding","BRAV.ST","2976789509","14.6203","Sweden"
"4266","YETI Holdings","YETI","2973563904","40.74","United States"
"4267","Al Rajhi Company for Cooperative Insurance","8230.SR","2972037057","14.8602","Saudi Arabia"
"4268","Acadia Realty Trust","AKR","2969862912","20.37","United States"
"4269","Select Water Solutions","WTTR","2968862208","20.8","United States"
"4270","CBIZ","CBZ","2965521152","54.65","United States"
"4271","ABM Industries","ABM","2964194560","50.6","United States"
"4272","Acer","2353.TW","2962791787","0.985558","Taiwan"
"4273","Grenergy Renovables","GRE.MC","2962484464","105.361","Spain"
"4274","Aehr Test Systems","AEHR","2961610752","90.79","United States"
"4275","Yamada Holdings","9831.T","2961457269","4.45348","Japan"
"4276","Valiant Holding","VATN.SW","2960452243","187.817","Switzerland"
"4277","Cosan","CSAN","2958275072","3","Brazil"
"4278","Kemira","KEMIRA.HE","2956516589","20.421","Finland"
"4279","Central Bank of India","CENTRALBK.NS","2955777813","0.326555","India"
"4280","Columbia Sportswear","COLM","2954359040","57.71","United States"
"4281","MITSUI E&amp;S","7003.T","2950777040","29.2394","Japan"
"4282","Disc Medicine","IRON","2950106112","76.84","United States"
"4283","Banc of California","BANC","2950013440","18.62","United States"
"4284","Maximus","MMS","2949313024","56.33","United States"
"4285","Keio Corporation","9008.T","2948165854","5.09285","Japan"
"4286","Ardagh Metal Packaging","AMBP","2946692096","4.93","Luxembourg"
"4287","Bird Construction","BDT.TO","2945453055","53.1639","Canada"
"4288","NOS","NOS.LS","2943272109","5.74253","Portugal"
"4289","Krungthai Card","KTC.BK","2942407791","1.14121","Thailand"
"4290","Zeon Corporation","4205.T","2939769988","15.3637","Japan"
"4291","CT REIT","CRT-UN.TO","2939645425","12.297","Canada"
"4292","TODA corp","1860.T","2939200654","9.9284","Japan"
"4293","Juroku Financial Group","7380.T","2939055659","16.595","Japan"
"4294","MGE Energy","MGEE","2937434112","77.82","United States"
"4295","Indah Kiat Pulp &amp; Paper","INKP.JK","2935376737","0.536536","Indonesia"
"4296","DXP Enterprises","DXPE","2933361664","189.04","United States"
"4297","Vale Indonesia","INCO.JK","2932205945","0.278204","Indonesia"
"4298","Multiplan Empreendimentos Imobiliários","MULT3.SA","2930381946","5.96763","Brazil"
"4299","Y.H. Dimri Construction &amp; Development","DIMRI.TA","2929720445","127.168","Israel"
"4300","BKV Corporation","BKV","2928556288","26.76","United States"
"4301","Graphic Packaging","GPK","2928147968","9.89","United States"
"4302","Banque Cantonale de Genève","BCGE.SW","2928044345","40.8995","Switzerland"
"4303","International Petroleum","IPCO.TO","2924092790","26.1176","Canada"
"4304","DNOW Inc.","DNOW","2919692032","16.15","United States"
"4305","Xanadu Quantum Technologies Limited","XNDU","2919131904","9.59","Canada"
"4306","Taiheiyo Cement","5233.T","2919099375","26.7898","Japan"
"4307","CarGurus","CARG","2918937856","32.77","United States"
"4308","SoundHound AI","SOUN","2917817088","6.57","United States"
"4309","Bandhan Bank","BANDHANBNK.NS","2915729917","1.80976","India"
"4310","Unibel S.A.","UNBL.PA","2915692559","1370.66","France"
"4311","Artisan Partners","APAM","2915113472","41.06","United States"
"4312","National Beverage","FIZZ","2911436032","31.1","United States"
"4313","Peab","PEAB-B.ST","2909124609","10.4095","Sweden"
"4314","Tootsie Roll Industries","TR","2905052160","38.65","United States"
"4315","Hesai Group","HSAI","2904035326","18.59","China"
"4316","Hanmi Pharmaceutical","008930.KS","2900723519","42.8381","South Korea"
"4317","Pennon Group","PNN.L","2896438428","6.13676","United Kingdom"
"4318","Foxconn Technology Co., Ltd.","2354.TW","2895867267","2.04729","Taiwan"
"4319","Bakkafrost","BAKKA.OL","2890471210","48.8068","Denmark"
"4320","Shikoku Electric Power Company","9507.T","2889491667","14.0609","Japan"
"4321","Imax Corp","IMAX","2887985664","52.66","Canada"
"4322","Brookdale Senior Living","BKD","2887300608","12.09","United States"
"4323","Urban Edge Properties","UE","2885922304","20.96","United States"
"4324","GCL Technology","3800.HK","2885617728","0.0911918","Hong Kong"
"4325","American Eagle Outfitters","AEO","2885612544","17.22","United States"
"4326","Shake Shack","SHAK","2883474432","67.4","United States"
"4327","Structure Therapeutics","GPCR","2879492096","40.38","United States"
"4328","Rasan Information Technology Company","8313.SR","2879421100","37.1505","Saudi Arabia"
"4329","Cellebrite","CLBT","2877854976","11.45","Israel"
"4330","Baldwin Insurance Group","BWIN","2877073920","29.71","United States"
"4331","DIC Corporation","4631.T","2874588488","30.3505","Japan"
"4332","IHS Towers","IHS","2872512768","8.49","United Kingdom"
"4333","Piramal Enterprises","PEL.NS","2868636868","12.7318","India"
"4334","BIPROGY","8056.T","2867048752","29.6747","Japan"
"4335","Talos Energy","TALO","2865127424","17.16","United States"
"4336","Derwent London","DLN.L","2862585591","26.0664","United Kingdom"
"4337","Röko AB","ROKO-B.ST","2859923972","195.564","Sweden"
"4338","Mari Petroleum Company","MARI.PK","2859326566","2.38154","Pakistan"
"4339","People Incorporated","PPLI","2857925632","38.38","United States"
"4340","Slide Insurance","SLDE","2857214464","24.46","United States"
"4341","Elmos Semiconductor","ELG.DE","2857047534","166.531","Germany"
"4342","Astra Industrial Group Company","1212.SR","2856990728","35.7124","Saudi Arabia"
"4343","Crane NXT","CXT","2855040512","49.6","United States"
"4344","H.B. Fuller","FUL","2852884480","53.04","United States"
"4345","Zai Lab","ZLAB","2852684800","25.41","China"
"4346","Clas Ohlson AB","CLAS-B.ST","2850992332","44.8523","Sweden"
"4347","Hayward Holdings, Inc.","HAYW","2850887168","13.44","United States"
"4348","Leroy Seafood","LSG.OL","2846908259","4.7809","Norway"
"4349","SPS Commerce","SPSC","2844013824","79","United States"
"4350","The Marzetti Company","MZTI","2839082752","104.03","United States"
"4351","Fauji Fertilizer Company","FFC.PK","2836863356","1.97138","Pakistan"
"4352","Alpha Metallurgical Resources","AMR","2836809472","223.74","United States"
"4353","Oppein Home Group","603833.SS","2835453237","4.68107","China"
"4354","Gav-Yam Lands","GVYM.TA","2833542760","12.8448","Israel"
"4355","Société Industrielle et Financière de l'Artois","ARTO.PA","2832573470","10640.8","France"
"4356","Asker Healthcare Group AB","ASKER.ST","2832034158","7.39364","Sweden"
"4357","Clicks Group","CLS.JO","2831528600","12.2201","South Africa"
"4358","PT XLSMART Telecom Sejahtera Tbk","EXCL.JK","2831296415","0.155567","Indonesia"
"4359","Lincoln International, Inc.","LCLN","2830024448","26.9","United States"
"4360","Şişecam","SISE.IS","2829297315","0.945483","Turkey"
"4361","Harley-Davidson","HOG","2828690688","27.18","United States"
"4362","Extreme Networks","EXTR","2825122560","21.65","United States"
"4363","Titan America","TTAM","2824599552","15.32","United States"
"4364","Hammerson Plc","HMSO.L","2824595156","4.84225","United Kingdom"
"4365","Power Integrations","POWI","2819366400","50.46","United States"
"4366","SELLAS Life Sciences","SLS","2819162112","13.96","United States"
"4367","IIFL Finance","IIFL.NS","2817081327","6.62391","India"
"4368","Liontown Resources","LTR.AX","2815979382","0.882438","Australia"
"4369","Hatsun Agro Products","HATSUN.NS","2814661608","12.6361","India"
"4370","Sundrug","9989.T","2810897604","24.0283","Japan"
"4371","Seino Holdings","9076.T","2810544378","17.2837","Japan"
"4372","Enerjisa Enerji","ENJSA.IS","2809979971","2.37918","Turkey"
"4373","Redwire","RDW","2807416832","11.23","United States"
"4374","Coface","COFA.PA","2807303033","18.7696","France"
"4375","Pacific Basin Shipping","2343.HK","2806490729","0.5446","Hong Kong"
"4376","Danaos","DAC","2806080000","154.15","Greece"
"4377","SiriusPoint","SPNT","2805385216","24.15","Bermuda"
"4378","Ambarella","AMBA","2802068992","63.48","United States"
"4379","FB Financial","FBK","2798275840","55.99","United States"
"4380","National Mobile Telecommunications Company","OOREDOO.KW","2797756746","5582.54","Kuwait"
"4381","ALTEN","ATE.PA","2796238379","81.87","France"
"4382","Altius Minerals","ALS.TO","2795098969","47.5776","Canada"
"4383","Helios Towers","HTWS.L","2793944312","2.75423","United Kingdom"
"4384","Alignment Healthcare","ALHC","2792077056","13.46","United States"
"4385","Adeka Corporation","4401.T","2792040173","28.791","Japan"
"4386","MINISO Group","MNSO","2791188480","9.36","China"
"4387","Vector Limited","VCT.NZ","2787864648","2.78786","New Zealand"
"4388","AvePoint","AVPT","2787374592","13.175","United States"
"4389","Kyndryl","KD","2785895424","12.79","United States"
"4390","SWCC Corporation","5805.T","2783752893","93.9559","Japan"
"4391","KOBAYASHI Pharmaceutical","4967.T","2783677308","37.4459","Japan"
"4392","Veeco","VECO","2782516480","45.59","United States"
"4393","Callaway Golf Company","CALY","2779408896","15.57","United States"
"4394","SIA Engineering Company","S59.SI","2776209414","2.47495","Singapore"
"4395","Boralex","BLX.TO","2774232255","26.9984","Canada"
"4396","Academy Sports + Outdoors","ASO","2772841472","44.71","United States"
"4397","KCC Corp","002380.KS","2771679334","376.885","South Korea"
"4398","Beam Therapeutics","BEAM","2771207936","26.83","United States"
"4399","Empresas CMPC","CMPC.SN","2771049262","1.10842","Chile"
"4400","Verallia","VRLA.PA","2770129892","22.2119","France"
"4401","Colbún","COLBUN.SN","2768649049","0.157882","Chile"
"4402","Quaker Houghton","KWR","2767686656","160.84","United States"
"4403","Santam","SNT.JO","2766718500","25.3278","South Africa"
"4404","CMC Markets Plc","CMCX.L","2764605360","10.2505","United Kingdom"
"4405","VGP NV","VGP.BR","2763359691","91.0571","Belgium"
"4406","Soleno Therapeutics","SLNO","2762888960","53.01","United States"
"4407","Dream Industrial REIT","DIR-UN.TO","2757291802","9.58371","Canada"
"4408","Ninety One Group","N91.L","2755902920","2.8761","South Africa"
"4409","Aktieselskabet Schouw & Co.","SCHO.CO","2754817667","123.357","Denmark"
"4410","Dialog Group","7277.KL","2753885722","0.488045","Malaysia"
"4411","Enerflex","EFXT","2752198912","22.54","Canada"
"4412","Mineralys Therapeutics","MLYS","2751222528","31.12","United States"
"4413","Silvercorp Metals","SVM","2749594368","12.43","Canada"
"4414","Alarm.com","ALRM","2749543680","56.01","United States"
"4415","Apollo Tyres","APOLLOTYRE.NS","2745624945","4.34035","India"
"4416","Indian Telephone Industries","ITI.NS","2744099876","2.84997","India"
"4417","Kaiser Aluminum","KALU","2743377664","167.8","United States"
"4418","Al Ahli Bank of Kuwait","ABK.KW","2741313978","1003.82","Kuwait"
"4419","(DIA) Distribuidora Internacional de Alimentación","DIA.MC","2736295558","47.5055","Spain"
"4420","Northern Oil and Gas","NOG","2736181760","25.68","United States"
"4421","Stanley Electric","6923.T","2734149299","22.2089","Japan"
"4422","AtriCure","ATRC","2733046016","53.73","United States"
"4423","Solaria Energía","SLR.MC","2731738228","20.5954","Spain"
"4424","Dätwyler","DAE.SW","2730754797","160.633","Switzerland"
"4425","SJVN","SJVN.NS","2730314110","0.694773","India"
"4426","First Pacific Company","0142.HK","2728845539","0.640256","Hong Kong"
"4427","Metro Brands","METROBRAND.NS","2727278660","10.005","India"
"4428","Four Corners Property Trust","FCPT","2724154112","24.82","United States"
"4429","Keller Group","KLR.L","2721828575","40.1896","United Kingdom"
"4430","Ahli Bank","ABQK.QA","2720755262","1.06648","Qatar"
"4431","United Natural Foods","UNFI","2719124992","44.93","United States"
"4432","Amber Enterprises India","AMBER.NS","2718513787","77.0821","India"
"4433","Jenoptik","JEN.F","2718461000","47.4939","Germany"
"4434","Rémy Cointreau","RCO.PA","2714843240","51.8432","France"
"4435","H2O America","HTO","2712739328","64.81","United States"
"4436","Ambu","AMBU-B.CO","2712584364","10.3912","Denmark"
"4437","Vaudoise Assurances","VAHN.SW","2712353670","930.434","Switzerland"
"4438","Nurix Therapeutics","NRIX","2711815168","26.13","United States"
"4439","Frasers Logistics &amp; Industrial Trust","BUOU.SI","2710389317","0.711648","Singapore"
"4440","WD-40 Company","WDFC","2707437568","201.73","United States"
"4441","Grafton Group","GFTU.L","2707001520","13.6632","Ireland"
"4442","McGrath RentCorp","MGRC","2706852096","110.82","United States"
"4443","Omantel (Oman Telecom)","OTEL.OM","2705844223","3.60779","Oman"
"4444","Ouster","OUST","2703491584","37.49","United States"
"4445","Vietnam Airlines","HVN.VN","2701327652","0.868176","Vietnam"
"4446","Newell Brands","NWL","2700206080","6.34","United States"
"4447","Stella-Jones","SJ.TO","2699917363","49.4784","Canada"
"4448","atai Life Sciences","ATAI","2699894784","7.28","Germany"
"4449","REN (Redes Energéticas Nacionais)","RENE.LS","2699830964","4.07024","Portugal"
"4450","Restoration Hardware","RH","2696039936","142.45","United States"
"4451","Bufab AB","BUFAB.ST","2695878536","14.2133","Sweden"
"4452","CCC S.A.","CCC.WA","2691198839","34.9389","Poland"
"4453","Isrotel","ISRO.TA","2689524597","44.7613","Israel"
"4454","Guardian Pharmacy Services","GRDN","2688880896","42.45","United States"
"4455","Bank of Bahrain and Kuwait","BBK.BH","2688746372","1.39788","Bahrain"
"4456","Euronet Worldwide","EEFT","2688570368","71.88","United States"
"4457","NETSCOUT","NTCT","2688352768","36.975","United States"
"4458","PagSeguro","PAGS","2687548672","9.75","Brazil"
"4459","Grindr","GRND","2687266816","15.46","United States"
"4460","Visteon","VC","2687161856","100.66","United States"
"4461","Boise Cascade","BCC","2681749248","76.86","United States"
"4462","Dallah Healthcare","4004.SR","2681249154","21.9973","Saudi Arabia"
"4463","Jollibee","JBFCF","2678474752","2.39","Philippines"
"4464","TAG Immobilien","TEG.F","2677362863","14.0714","Germany"
"4465","First Bancorp","FBNC","2677325824","64.71","United States"
"4466","Shurgard Self Storage","SHUR.BR","2677251818","26.5147","Luxembourg"
"4467","Eutelsat","ETL.PA","2676428057","2.27236","France"
"4468","Keikyu Corporation","9006.T","2673554620","10.1461","Japan"
"4469","NBT Bancorp","NBTB","2671786240","51.42","United States"
"4470","The Navigator Company","NVG.LS","2669727520","3.75392","Portugal"
"4471","Trustmark","TRMK","2668483328","45.83","United States"
"4472","Maravai LifeSciences","MRVI","2662871808","7.19","United States"
"4473","Dah Sing Banking Group","2356.HK","2662470511","1.89398","Hong Kong"
"4474","ManpowerGroup","MAN","2660685056","57.21","United States"
"4475","Customers Bancorp","CUBI","2659254528","78.74","United States"
"4476","LEW (Lechwerke)","LEC.F","2658657209","75.0087","Germany"
"4477","Pharvaris","PHVS","2656538368","37.84","Netherlands"
"4478","Benchmark Electronics","BHE","2655201280","73.92","United States"
"4479","Privia Health Group","PRVA","2654317056","20.78","United States"
"4480","Digi International","DGII","2652953600","69.91","United States"
"4481","Hawkins","HWKN","2651139840","127","United States"
"4482","Procter &amp; Gamble India","PGHH.NS","2648682188","81.5965","India"
"4483","Curaleaf","CURLF","2648671232","10","United States"
"4484","Bank Mega","MEGA.JK","2646423887","0.112701","Indonesia"
"4485","Penta-Ocean Construction","1893.T","2646174852","9.7887","Japan"
"4486","Banco di Desio e della Brianza","BDB.MI","2645091501","20.1186","Italy"
"4487","UACJ Corporation","5741.T","2643646702","14.6002","Japan"
"4488","Shinsegae","004170.KS","2643528441","301.508","South Korea"
"4489","Hanon Systems","018880.KS","2642352253","2.57476","South Korea"
"4490","Megacable Holdings","MEGACPO.MX","2639492016","3.04546","Mexico"
"4491","Catena AB","CATE.ST","2638505826","39.7389","Sweden"
"4492","Corem Property Group AB","CORE-PREF.ST","2637699027","24.3672","Sweden"
"4493","Beacon Financial Corporation","BBT","2635177728","31.44","United States"
"4494","NRW Holdings Limited","NWH.AX","2631118464","5.72646","Australia"
"4495","AUB Group","AUB.AX","2631112178","20.1401","Australia"
"4496","XD Inc.","2400.HK","2630859885","5.55823","China"
"4497","Penguin Solutions","PENG","2628750592","51.3","United States"
"4498","The Bancorp, Inc.","TBBK","2627078400","64.41","United States"
"4499","Redefine Properties","RDF.JO","2625758800","0.376292","South Africa"
"4500","Upstart","UPST","2625506048","26.98","United States"
"4501","Viridian Therapeutics","VRDN","2624982016","23.17","United States"
"4502","DO &amp; CO Aktiengesellschaft","DOC.VI","2624840737","238.981","Austria"
"4503","Almirall","ALM.MC","2621691571","12.0479","Spain"
"4504","Mabuchi Motor","6592.T","2621159075","11.0038","Japan"
"4505","SPACE42","SPACE42.AE","2618924913","0.55","United Arab Emirates"
"4506","Anritsu Corporation","6754.T","2618851718","20.4611","Japan"
"4507","Meshek Energy - Renewable Energies","MSKE.TA","2616754900","3.53448","Israel"
"4508","Mr Price Group","MRP.JO","2616481100","10.1768","South Africa"
"4509","Pinnacle Investment Management Group","PNI.AX","2613803524","10.8463","Australia"
"4510","Alps Alpine Co., Ltd.","6770.T","2610879127","13.5118","Japan"
"4511","Sharp Corporation","6753.T","2605630140","4.01294","Japan"
"4512","Sankyu","9065.T","2603342797","51.9162","Japan"
"4513","CareDx","CDNA","2602748928","50.31","United States"
"4514","Cementir","CEM.MI","2602550071","16.7345","Italy"
"4515","Nickel Industries Limited","NIC.AX","2602402576","0.599365","Australia"
"4516","Anima Holding","ANIM.MI","2598246984","7.9893","Italy"
"4517","Gabriel India","GABRIEL.NS","2597658801","14.657","India"
"4518","Hacksaw AB","HACK.ST","2595429382","8.97464","Sweden"
"4519","Neogen","NEOG","2592189952","11.885","United States"
"4520","Alfresa Holdings Corporation","2784.T","2590655422","14.7691","Japan"
"4521","CapitaLand Ascott Trust","HMN.SI","2588596053","0.672112","Singapore"
"4522","First Merchants Corporation","FRME","2585534464","41.17","United States"
"4523","Fuyo General Lease","8424.T","2585273363","28.6611","Japan"
"4524","Basic-Fit","BFIT.AS","2585013222","39.8651","Netherlands"
"4525","Patrick Industries","PATK","2582629632","80.41","United States"
"4526","Teradata","TDC","2581680128","27.76","United States"
"4527","Veridis Environment","VRDS.TA","2578239633","16.7938","Israel"
"4528","Nektar Therapeutics","NKTR","2575747328","75.44","United States"
"4529","Gulf Navigation Holding","GULFNAV.AE","2573409983","0.822261","United Arab Emirates"
"4530","Nokian Tyres","TYRES.HE","2572816083","18.6533","Finland"
"4531","Prime Focus","PFOCUS.NS","2572283370","3.30299","India"
"4532","Asahi India Glass","ASAHIINDIA.NS","2569492277","10.0793","India"
"4533","NextNav","NN","2569286656","15.22","United States"
"4534","DRDGOLD","DRD","2568364544","29.61","South Africa"
"4535","Advance Auto Parts","AAP","2567611136","42.56","United States"
"4536","Sinda Ltd.","SIND","2566060544","16.16","Mexico"
"4537","Trump Media &amp; Technology Group","DJT","2565397760","9.23","United States"
"4538","Navios Maritime Partners","NMM","2563332352","90.18","Monaco"
"4539","Sumitomo Chemical
 India","SUMICHEM.NS","2562381219","5.13353","India"
"4540","Blue Zones Holdings","417A.T","2562304123","12.5859","Japan"
"4541","Banner Bank","BANR","2561831936","69.92","United States"
"4542","GeneDx Holdings","WGS","2560861696","85.87","United States"
"4543","Acadia Healthcare","ACHC","2560257536","27.5","United States"
"4544","Bangchak Corporation","BCP.BK","2559978762","1.74985","Thailand"
"4545","Saudi International Petrochemical Company (Sipchem)","2310.SR","2558366431","3.48868","Saudi Arabia"
"4546","Central Garden &amp; Pet","CENT","2556281856","40.84","United States"
"4547","Toyota Boshoku Corporation","3116.T","2556228389","14.3078","Japan"
"4548","Jamjoom Pharmaceuticals Factory Company","4015.SR","2555792387","36.5113","Saudi Arabia"
"4549","AWL Agri Business","AWL.NS","2555075919","1.97789","India"
"4550","OEM International","OEM-B.ST","2553988122","18.4084","Sweden"
"4551","Iljin Electric","103590.KS","2551222720","53.5103","South Korea"
"4552","InvenTrust Properties","IVT","2542876672","32.61","United States"
"4553","Vera Therapeutics","VERA","2542394368","35.28","United States"
"4554","Ducommun","DCO","2541745920","168.33","United States"
"4555","Seven Bank","8410.T","2539356813","2.17411","Japan"
"4556","Sunshine Silver Mining & Refining Company","SSMR","2538211840","17.66","United States"
"4557","WaFd Bank","WAFD","2536556800","34.28","United States"
"4558","Kayne Anderson Capital Advisors","KYN","2535199232","14.99","United States"
"4559","Strive Asset Management, LLC","ASST","2533011456","27.16","United States"
"4560","Meliá Hotels International","MEL.MC","2532589936","11.4955","Spain"
"4561","Altarea","ALTA.PA","2532004044","102.337","France"
"4562","The Chugoku Electric Power","9504.T","2530319435","7.03695","Japan"
"4563","DMG Mori","6141.T","2529960248","17.9302","Japan"
"4564","Kusuri No Aoki Holdings","3549.T","2526762269","26.6078","Japan"
"4565","Alony Hetz","ALHE.TA","2524488461","11.1572","Israel"
"4566","Taiba Investments","4090.SR","2523302272","5.0466","Saudi Arabia"
"4567","SoftwareONE","SWON.SW","2522510360","11.7447","Switzerland"
"4568","Bet Shemesh Engines","BSEN.TA","2521628323","264.092","Israel"
"4569","Kalpataru Projects International","KPIL.NS","2517241577","14.7403","India"
"4570","Cohu","COHU","2516984320","53.17","United States"
"4571","Intuitive Machines","LUNR","2515892224","15.68","United States"
"4572","Ratch Group","RATCH.BK","2515216189","1.15642","Thailand"
"4573","Autohome","ATHM","2514181120","21.83","China"
"4574","OVH Groupe","OVH.PA","2514164426","16.6182","France"
"4575","Webuild S.p.A.","WBD.MI","2513681542","2.54216","Italy"
"4576","First Busey","BUSE","2511991040","30.42","United States"
"4577","Axogen","AXGN","2510124800","46.69","United States"
"4578","Skyward Specialty Insurance Group","SKWD","2509733632","56.53","United States"
"4579","OQ Gas Network Company","OQGN.OM","2508387424","0.579221","Oman"
"4580","The Metals Company","TMC","2506657536","4.43","Canada"
"4581","Österreichische Post","POST.VI","2506022977","37.0973","Austria"
"4582","ACC","ACC.NS","2501242257","13.3196","India"
"4583","ReNew Energy Global","RNW","2500889600","6.86","India"
"4584","Tekscend Photomask","429A.T","2498389892","25.1459","Japan"
"4585","Ocular Therapeutix","OCUL","2497032448","11.37","United States"
"4586","Capital Tankers Corp.","CAPT.OL","2496940176","18.6767","Greece"
"4587","ID Logistics Group","IDL.PA","2494106875","381.44","France"
"4588","Compagnie Financière Tradition","CFT.SW","2493806443","328.061","Switzerland"
"4589","Financière Moncey Société anonyme","FMONC.PA","2493235778","133.736","France"
"4590","Okinawa Cellular Telephone Company","9436.T","2492870290","27.1926","Japan"
"4591","Wihlborgs Fastigheter AB","WIHL.ST","2492765004","8.10848","Sweden"
"4592","PHINIA","PHIN","2488458752","67.92","United States"
"4593","Uniti","UNIT","2487932672","10.25","United States"
"4594","Aroundtown","AT1.F","2487449952","2.20142","Luxembourg"
"4595","Cyfrowy Polsat","CPS.WA","2481355798","4.50579","Poland"
"4596","Inter &amp; Co","INTR","2481305600","5.62","Brazil"
"4597","Appian","APPN","2476882432","34.58","United States"
"4598","Maruichi Steel Tube","5463.T","2475224770","11.2117","Japan"
"4599","Fuji Oil Holdings","2607.T","2474967356","28.7846","Japan"
"4600","Philip Morris ČR","TABAK.PR","2474081885","901.178","Czech Republic"
"4601","Lotte Shopping","023530.KS","2472755208","87.4673","South Korea"
"4602","Home Product Center","HMPRO.BK","2470919059","0.191722","Thailand"
"4603","Odfjell Drilling","0QHX.IL","2470547717","10.4338","United Kingdom"
"4604","Supernus Pharmaceuticals","SUPN","2468068352","42.43","United States"
"4605","John Wiley &amp; Sons","WLY","2467293696","48.68","United States"
"4606","Fairfax India Holdings","FIH-U.TO","2466941440","18.38","Canada"
"4607","Bavarian Nordic","BAVA.CO","2466423501","32.6359","Denmark"
"4608","TORIDOLL Holdings Corporation","3397.T","2465925719","28.0438","Japan"
"4609","Ebos Group","EBO.NZ","2465719813","11.9129","New Zealand"
"4610","TietoEVRY","TIETO.HE","2465643956","22.3282","Finland"
"4611","Immofinanz","IMO1.F","2464568631","17.8625","Austria"
"4612","SMA Solar Technology","S92.F","2463582916","70.9966","Germany"
"4613","Greggs","GRG.L","2462934925","24.1571","United Kingdom"
"4614","Himax Technologies","HIMX","2462894080","14.12","Taiwan"
"4615","Carmila","CARM.PA","2462525156","17.7695","France"
"4616","CA Immo","BZY.F","2461932715","27.038","Austria"
"4617","Vaisala","VAIAS.HE","2461883742","67.566","Finland"
"4618","Tokai Carbon","5301.T","2461785806","12.1668","Japan"
"4619","Kokuyo","7984.T","2461564374","5.93949","Japan"
"4620","Barwa Real Estate Company","BRES.QA","2460892483","0.632418","Qatar"
"4621","Resorttrust","4681.T","2460823857","11.5885","Japan"
"4622","Precigen","PGEN","2459702016","6.87","United States"
"4623","Tiger Brands","TBS.JO","2459465500","16.8238","South Africa"
"4624","Al Moammar Information Systems","7200.SR","2459121063","81.9707","Saudi Arabia"
"4625","Kotobuki Spirits","2222.T","2458955530","15.9225","Japan"
"4626","Timken India","TIMKEN.NS","2458604075","32.6861","India"
"4627","Diamondrock Hospitality Company","DRH","2458507520","11.97","United States"
"4628","eToro","ETOR","2456591616","30.89","Israel"
"4629","Federal Agricultural Mortgage Corporation","AGM","2453802240","226.09","United States"
"4630","Whirlpool","WHR","2452148480","37.61","United States"
"4631","Exail Technologies","EXA.PA","2451315964","144.435","France"
"4632","Zain Saudi Arabia","7030.SR","2450861705","2.72703","Saudi Arabia"
"4633","Harmony Biosciences","HRMY","2450004992","42.07","United States"
"4634","Force Motors","FORCEMOT.NS","2449493922","185.902","India"
"4635","NBCC India","NBCC.NS","2449160394","0.907096","India"
"4636","Rockpoint Gas Storage","RGSI.TO","2448231565","18.5363","Canada"
"4637","Bank Danamon","BDMN.JK","2447133842","0.250383","Indonesia"
"4638","Stock Yards Bancorp","SYBT","2441527552","78.59","United States"
"4639","McGraw Hill","MH","2439187456","12.75","United States"
"4640","Cadeler A/S","CDLR","2438791680","25.28","Denmark"
"4641","Chicony Electronics","2385.TW","2437025027","3.34867","Taiwan"
"4642","City Union Bank","CUB.NS","2434643805","2.45728","India"
"4643","Kojamo","KOJAMO.HE","2433839402","10.1349","Finland"
"4644","Wienerberger","WIB.F","2433198881","22.2817","Austria"
"4645","Sanki Engineering","1961.T","2430943192","15.9127","Japan"
"4646","Merchants Bancorp","MBIN","2430124288","52.9","United States"
"4647","Coty","COTY","2430087424","2.76","United States"
"4648","Ströer","SAX.F","2429955490","43.5632","Germany"
"4649","Partner Communications","PTNR.TA","2429809374","12.9476","Israel"
"4650","Boyd Group","BYD.TO","2427695549","87.2328","Canada"
"4651","SSI Securities Corporation","SSI.VN","2426567475","0.808501","Vietnam"
"4652","TKH Group","TWEKA.AS","2423040155","60.7047","Netherlands"
"4653","Telesat","TSAT","2422956544","47.16","Canada"
"4654","Imerys","NK.PA","2421218474","28.5615","France"
"4655","Hanwa Co., Ltd.","8078.T","2421130378","12.5599","Japan"
"4656","Headwater Exploration","HWX.TO","2420096971","10.1786","Canada"
"4657","Fletcher Building","FBU.NZ","2418974547","2.24903","New Zealand"
"4658","KIOCL","KIOCL.NS","2417337678","3.97751","India"
"4659","Payoneer","PAYO","2416006656","7.13","United States"
"4660","Pluxee","PLX.PA","2414297334","17.5718","France"
"4661","HUTCHMED","HCM","2412540672","13.88","Hong Kong"
"4662","SENKO Group Holdings","9069.T","2411166608","14.402","Japan"
"4663","The Andersons, Inc.","ANDE","2409547264","70.92","United States"
"4664","LCI Industries","LCII","2409513472","99.11","United States"
"4665","Técnicas Reunidas","TRE.MC","2407419660","30.8408","Spain"
"4666","Bank of N. T. Butterfield & Son","NTB","2407186432","61.21","Bermuda"
"4667","Bure Equity AB","BURE.ST","2407054520","32.3087","Sweden"
"4668","Dai-Dan","1980.T","2406787591","18.6027","Japan"
"4669","Neutron Holdings (Lime)","LIME","2406734848","37.59","United States"
"4670","Nippon Shokubai","4114.T","2406723716","16.2863","Japan"
"4671","Graubündner Kantonalbank","GRKP.SW","2405369404","3249.72","Switzerland"
"4672","Bausch Health","BHC","2404759296","6.43","Canada"
"4673","Snowline Gold Corp.","SGD.TO","2404645185","12.7614","Canada"
"4674","EMEIS","EMEIS.PA","2404585023","14.932","France"
"4675","Natura Cosméticos S.A.","NATU3.SA","2404040363","1.75056","Brazil"
"4676","Sendas Distribuidora (Assaí Atacadista)","ASAI3.SA","2403594034","1.79579","Brazil"
"4677","Sonic Automotive","SAH","2402724864","76","United States"
"4678","Spark New Zealand","SPK.NZ","2402238738","1.27094","New Zealand"
"4679","Lumo Kodit Oyj","LUMO.HE","2402054199","9.07082","Finland"
"4680","Ito En, Ltd.","2593.T","2401910779","20.8444","Japan"
"4681","Chagee","CHA","2401710336","12.59","China"
"4682","Haw Par","H02.SI","2401552517","10.8487","Singapore"
"4683","Kumho Petrochemical","011780.KS","2400758882","92.3929","South Korea"
"4684","African Rainbow Minerals","ARI.JO","2399888100","11.9532","South Africa"
"4685","Toei Company","9605.T","2399564459","38.4011","Japan"
"4686","Trevi Therapeutics","TRVI","2396443648","16.82","United States"
"4687","Calbee, Inc.","2229.T","2396174005","19.7073","Japan"
"4688","nLIGHT","LASR","2395873792","41.53","United States"
"4689","ZhongAn Insurance","6060.HK","2393792331","1.42081","China"
"4690","Trulieve Cannabis","TRLV","2393585664","12.43","United States"
"4691","Rigaku Holdings Corporation","268A.T","2391501165","10.5587","Japan"
"4692","Dr. Soliman Abdel Kader Fakeeh","4017.SR","2388814943","10.3862","Saudi Arabia"
"4693","Kardex Holding","KARN.SW","2388676737","309.527","Switzerland"
"4694","Werner Enterprises","WERN","2388290304","39.82","United States"
"4695","Hornbach Baumarkt","HBM.HM","2385788121","75.0087","Germany"
"4696","PicS N.V. (PicPay)","PICS","2385072384","11.04","Brazil"
"4697","Meitetsu","9048.T","2383098486","12.1506","Japan"
"4698","Medical Properties Trust","MPT","2382828032","3.99","United States"
"4699","Maple Leaf Foods","MFI.TO","2381804876","19.0949","Canada"
"4700","Hufvudstaden AB","HUFV-A.ST","2380536584","12.2514","Sweden"
"4701","Itaú CorpBanca","ITCLY","2378989568","3.1","Chile"
"4702","Ingevity","NGVT","2377233152","69.15","United States"
"4703","SeABank (Southeast Asia Commercial Joint Stock Bank)","SSB.VN","2376160577","0.693001","Vietnam"
"4704","Anant Raj","ANANTRAJ.NS","2375632510","6.60124","India"
"4705","Electrolux","ELUX-A.ST","2371150573","2.92198","Sweden"
"4706","Deepak Nitrite","DEEPAKNTR.NS","2370564267","17.3804","India"
"4707","Morinaga Milk Industry","2264.T","2370070660","7.34234","Japan"
"4708","Verbio","VBK.F","2369602276","37.1904","Germany"
"4709","Saizeriya","7581.T","2368612194","48.2125","Japan"
"4710","Rengo Co., Ltd.","3941.T","2367681331","9.85367","Japan"
"4711","Pan Ocean","028670.KS","2365792916","4.4256","South Korea"
"4712","Fabege AB","FABG.ST","2365263611","7.51887","Sweden"
"4713","Hyperliquid Strategies","PURR","2360202752","11.93","United States"
"4714","Prestige Consumer Healthcare","PBH","2358777344","49.79","United States"
"4715","Ocado","OCDO.L","2358087933","2.82194","United Kingdom"
"4716","Aecon Group","ARE.TO","2356606970","34.3882","Canada"
"4717","CGN Mining Company","1164.HK","2355637504","0.309924","Hong Kong"
"4718","Helios Technologies","HLIO","2353330176","71.42","United States"
"4719","Efes Beverage Group","AEFES.IS","2353172958","0.397425","Turkey"
"4720","EMSTEEL Building Materials PJSC","EMSTEEL.AE","2349914261","0.34","United Arab Emirates"
"4721","VusionGroup","VU.PA","2349598015","139.551","France"
"4722","Huron Consulting","HURN","2348963072","147.64","United States"
"4723","Metcash","MTS.AX","2348522202","2.13555","Australia"
"4724","Proximus","PROX.VI","2348147875","7.26829","Belgium"
"4725","Rakus Co., Ltd.","3923.T","2346893189","6.62759","Japan"
"4726","Burgan Bank","BURG.KW","2345324715","599.054","Kuwait"
"4727","Nojima Corporation","7419.T","2344607975","8.01809","Japan"
"4728","ePlus","PLUS","2342658560","89.79","United States"
"4729","nCino","NCNO","2340998912","22.14","United States"
"4730","Granules India","GRANULES.NS","2340150318","9.44382","India"
"4731","Blackstone Mortgage Trust","BXMT","2337699584","13.87","United States"
"4732","Nissui Corporation","1332.T","2337074414","7.7062","Japan"
"4733","V2X","VVX","2335229184","74.5","United States"
"4734","AF Gruppen","AFG.OL","2334605382","20.5639","Norway"
"4735","StubHub Holdings","STUB","2334569728","6.11","United States"
"4736","DEUTZ","DEZ.DE","2334214645","15.2925","Germany"
"4737","Five9","FIVN","2333615872","31.23","United States"
"4738","Daicel Corporation","4202.T","2333446773","9.13244","Japan"
"4739","Pitney Bowes","PBI","2329162496","16.99","United States"
"4740","Husqvarna","HUSQ-A.ST","2327478059","4.06989","Sweden"
"4741","O.Y. Nofar Energy","NOFR.TA","2325564919","58.5875","Israel"
"4742","Chemours","CC","2325209344","15.45","United States"
"4743","OSB Group Plc","OSB.L","2323723096","6.89235","United Kingdom"
"4744","Kennametal","KMT","2322393600","30.47","United States"
"4745","MVV Energie","MVV1.F","2322335013","35.2367","Germany"
"4746","Nuvation Bio","NUVB","2320924672","6.61","United States"
"4747","AMS-Osram","AMS.SW","2319682950","23.3041","Austria"
"4748","BioCryst Pharmaceuticals","BCRX","2316425728","9.065","United States"
"4749","Enterprise Financial Services Corp","EFSC","2316321280","64","United States"
"4750","Kaneka Corporation","4118.T","2315677975","38.5765","Japan"
"4751","HCI Group","HCI","2314748672","186.09","United States"
"4752","Rogers Corporation","ROG","2313949440","129.5","United States"
"4753","SES S.A.","SESG.PA","2313904042","5.68438","Luxembourg"
"4754","Nisshinbo Holdings","3105.T","2310929976","14.7919","Japan"
"4755","StoneCo","STNE","2310568448","10.02","Brazil"
"4756","Emaar The Economic City","4220.SR","2306669147","2.61252","Saudi Arabia"
"4757","Keel Infrastructure","KEEL","2303547904","3.73","United States"
"4758","Doha Bank","DHBK.QA","2303203942","0.742857","Qatar"
"4759","ULVAC, Inc.","6728.T","2303054687","46.835","Japan"
"4760","Korea Gas","036460.KS","2302498269","26.382","South Korea"
"4761","nib holdings limited","NHF.AX","2301929222","4.70826","Australia"
"4762","Savills","SVS.L","2300331941","13.8389","United Kingdom"
"4763","Aether Industries","AETHER.NS","2300002017","17.3287","India"
"4764","Innospec","IOSP","2299801088","93.37","United States"
"4765","Rathbones Group","RAT.L","2299720799","22.5863","United Kingdom"
"4766","ARMOUR Residential REIT","ARR","2297405696","16.23","United States"
"4767","Tradegate Exchange","T2G.F","2296401876","94.197","Germany"
"4768","Investis Holding","IREN.SW","2295755507","179.785","Switzerland"
"4769","Tata Elxsi","TATAELXSI.NS","2294638265","36.8323","India"
"4770","LiveRamp","RAMP","2294402816","37.74","United States"
"4771","Vincom Retail Joint Stock Company","VRE.VN","2292089925","1.0087","Vietnam"
"4772","GMO internet group","9449.T","2292019955","24.4376","Japan"
"4773","Thule Group AB","THULE.ST","2291230234","21.2469","Sweden"
"4774","Shawbrook Group PLC","SHAW.L","2290564596","4.40758","United Kingdom"
"4775","China Railway Materials","000927.SZ","2290297768","0.37854","China"
"4776","Chennai Petroleum","CHENNPETRO.NS","2289712247","15.3763","India"
"4777","JEOL Ltd.","6951.T","2289466682","47.0104","Japan"
"4778","Dorian LPG","LPG","2288445696","53.49","United States"
"4779","Bob's Discount Furniture","BOBS","2287023872","17.5","United States"
"4780","AMC Entertainment","AMC","2285067776","2.56","United States"
"4781","create restaurants holdings","3387.T","2279884455","5.05517","Japan"
"4782","Clover Health Investments","CLOV","2278660352","4.29","United States"
"4783","Diebold Nixdorf","DBD","2277137152","67.08","United States"
"4784","Arabian Drilling Company","2381.SR","2276551277","25.5792","Saudi Arabia"
"4785","PENN Entertainment","PENN","2275782144","16.95","United States"
"4786","Indraprastha Gas","IGL.NS","2274367541","1.62455","India"
"4787","Grupo Aeromexico","AERO","2273175040","15.58","Mexico"
"4788","FIGS","FIGS","2272798464","13.68","United States"
"4789","Visional, Inc.","4194.T","2270708682","56.458","Japan"
"4790","Northwest Bancshares","NWBI","2269145856","15.5","United States"
"4791","NGL Energy Partners","NGL","2269123840","18.18","United States"
"4792","Premier Foods","PFD.L","2268223093","2.63236","United Kingdom"
"4793","Boardwalk Real Estate Investment Trust","BEI-UN.TO","2267279611","45.0747","Canada"
"4794","LTC Properties","LTC","2264572672","42.01","United States"
"4795","Ceconomy","CEC.DE","2262747656","4.66333","Germany"
"4796","Suzuken Co., Ltd.","9987.T","2258960686","33.3979","Japan"
"4797","Nippon Electric Glass","5214.T","2258837409","30.6559","Japan"
"4798","Makino Milling Machine","6135.T","2257798172","96.9448","Japan"
"4799","Kitron ASA","KIT.OL","2256992652","10.3199","Norway"
"4800","Bossard Holding","BOSN.SW","2256721754","292.846","Switzerland"
"4801","NeoGenomics","NEO","2256028672","17.56","United States"
"4802","Douglas Emmett","DEI","2252102400","11.2","United States"
"4803","Chorus","CNU.NZ","2251517798","5.18918","New Zealand"
"4804","Turpaz Industries","TRPZ.TA","2251443413","20.6764","Israel"
"4805","OYAK Çimento","OYAKC.IS","2251156513","0.463043","Turkey"
"4806","Qatar Aluminium Manufacturing Company","QAMC.QA","2245845034","0.402473","Qatar"
"4807","Grindwell Norton","GRINDWELL.NS","2245511150","20.281","India"
"4808","OneSpaWorld","OSW","2245151488","22.12","Bahamas"
"4809","Establishment Labs","ESTA","2243784448","75.29","Costa Rica"
"4810","SolarEdge","SEDG","2241382912","36.43","Israel"
"4811","The Bank of Nagoya","8522.T","2237647923","45.4835","Japan"
"4812","AEON Financial Service","8570.T","2235263065","10.354","Japan"
"4813","Netcompany Group","NETC.CO","2234889958","50.4005","Denmark"
"4814","GOL Airlines","GOLL54.SA","2234758186","1.85711","Brazil"
"4815","Trinity Industries","TRN","2231542272","28.01","United States"
"4816","Saudi Industrial Investment Group","2250.SR","2230564133","3.28362","Saudi Arabia"
"4817","Dermapharm","DMP.F","2229595671","45.0052","Germany"
"4818","Energisa S.A.","ENGI3.SA","2229212441","2.28608","Brazil"
"4819","Addus HomeCare","ADUS","2228217344","119.32","United States"
"4820","Goosehead Insurance","GSHD","2227204096","62.32","United States"
"4821","I.B.I. Investment House","IBI.TA","2225716263","157.56","Israel"
"4822","Calix","CALX","2225147392","35.34","United States"
"4823","Day One Biopharmaceuticals","DAWN","2224784640","21.53","United States"
"4824","Biohaven","BHVN","2223364352","14.72","United States"
"4825","Flynas Company","4264.SR","2221303274","13.0013","Saudi Arabia"
"4826","Genting Malaysia Berhad","4715.KL","2221274241","0.391915","Malaysia"
"4827","OFG Bancorp","OFG","2221051904","52.55","United States"
"4828","Namura Shipbuilding","7014.T","2220984152","31.9359","Japan"
"4829","Sabeco Brewery (Saigon Beer)","SAB.VN","2219572743","1.73058","Vietnam"
"4830","Lucky Cement","LUCK.PK","2218939183","1.51463","Pakistan"
"4831","GN Store Nord","GN.CO","2213008075","15.1979","Denmark"
"4832","Peloton","PTON","2211913984","5.04","United States"
"4833","Sarepta Therapeutics","SRPT","2211830016","20.94","United States"
"4834","Rapport Therapeutics","RAPP","2211319296","46.09","United States"
"4835","Hilltop Holdings","HTH","2211255552","38.6","United States"
"4836","Compañía Cervecerías Unidas","CCU","2206860800","11.92","Chile"
"4837","Aker Solutions ASA","AKSO.OL","2205680867","4.53795","Norway"
"4838","Hub Group","HUBG","2205195776","36.06","United States"
"4839","Kodiak Sciences","KOD","2204130304","35.07","United States"
"4840","Carborundum Universal","CARBORUNIV.NS","2202080450","11.5592","India"
"4841","Sinfonia Technology","6507.T","2201857810","78.0367","Japan"
"4842","Gudang Garam","GGRM.JK","2201236370","1.14404","Indonesia"
"4843","Argan SA","ARG.PA","2201074996","85.4751","France"
"4844","Sunrun","RUN","2199424512","9.22","United States"
"4845","Gelsenwasser","WWG.F","2198656854","639.609","Germany"
"4846","Nankai Electric Railway","9044.T","2197008677","20.3051","Japan"
"4847","Lojas Renner","LREN3.SA","2196229643","2.28556","Brazil"
"4848","Big Yellow Group","BYG.L","2195544052","11.1984","United Kingdom"
"4849","Minerals Technologies","MTX","2195200256","70.52","United States"
"4850","Kangwon Land","035250.KS","2195037096","11.0752","South Korea"
"4851","Palvella Therapeutics","PVLA","2194112256","152.28","United States"
"4852","WHA Corporation","WHA.BK","2192444913","0.146683","Thailand"
"4853","ComfortDelGro","C52.SI","2192234003","1.01212","Singapore"
"4854","CJ Cheiljedang Corporation","097950.KS","2191942265","136.798","South Korea"
"4855","Dentsply Sirona","XRAY","2190898944","10.99","United States"
"4856","Pediatrix Medical Group","MD","2188963072","26.94","United States"
"4857","RLX Technology","RLX","2187835648","1.79","China"
"4858","Flywire","FLYW","2186368000","17.97","United States"
"4859","Resolute Mining","RSG.AX","2184030755","1.02181","Australia"
"4860","Mitchells &amp; Butlers plc","MAB.L","2183521584","3.67637","United Kingdom"
"4861","Western Union","WU","2183152896","7","United States"
"4862","Hang Lung Group","0010.HK","2181195659","1.60191","Hong Kong"
"4863","Driven Brands","DRVN","2181033216","13.22","United States"
"4864","Takeuchi Mfg. Co., Ltd.","6432.T","2179052727","47.1729","Japan"
"4865","Ichor Systems","ICHR","2178712320","58.17","United States"
"4866","UFP Technologies","UFPT","2178193664","281.21","United States"
"4867","Samsonite International","1SO.F","2176775389","1.59612","Luxembourg"
"4868","Pakistan Petroleum","PPL.PK","2173808488","0.79891","Pakistan"
"4869","iFAST Corporation","AIY.SI","2173695779","7.1323","Singapore"
"4870","L1 Group","L1G.AX","2172153782","0.846332","Australia"
"4871","Ramco Cements","RAMCOCEM.NS","2171936952","9.19174","India"
"4872","Shriram Pistons &amp; Rings","SHRIPISTON.NS","2171457743","46.8125","India"
"4873","Bodycote","BOY.L","2169777140","12.8097","United Kingdom"
"4874","Crombie Real Estate Investment Trust","CRR-UN.TO","2168940118","11.5425","Canada"
"4875","Metaplanet Inc.","3350.T","2167815726","1.61142","Japan"
"4876","OC Oerlikon","OERL.SW","2165943927","6.63536","Switzerland"
"4877","Buckle","BKE","2163156736","41.99","United States"
"4878","UBE Corporation","4208.T","2162529054","22.2609","Japan"
"4879","Voyager Technologies","VOYG","2161039104","35.41","United States"
"4880","Socionext","6526.T","2159479476","12.3195","Japan"
"4881","Extendicare","EXE.TO","2159220720","22.7175","Canada"
"4882","Signify","LIGHT.AS","2158586855","18.0719","Netherlands"
"4883","Netmarble","251270.KS","2155480827","26.3073","South Korea"
"4884","Zenas BioPharma","ZBIO","2154090752","33.05","United States"
"4885","Saudi Kayan Petrochemical Company","2350.SR","2149134456","1.43276","Saudi Arabia"
"4886","Mitsui Fudosan Logistics Park","3471.T","2148530337","667.308","Japan"
"4887","Custom Truck One Source","CTOS","2147652096","9.44","United States"
"4888","The Ogaki Kyoritsu Bank","8361.T","2146234477","52.241","Japan"
"4889","NV Bekaert","BEKB.BR","2144950442","44.7145","Belgium"
"4890","Money Forward","3994.T","2143971833","38.6545","Japan"
"4891","UroGen Pharma","URGN","2141701888","43.815","United States"
"4892","TX Group","TXGN.SW","2140196679","208.328","Switzerland"
"4893","Hycroft Mining","HYMC","2139451264","22.96","United States"
"4894","Hysan Development","0014.HK","2138994523","2.08274","Hong Kong"
"4895","Aurinia Pharmaceuticals","AUPH","2138132224","16.07","Canada"
"4896","HBL","HBLENGINE.NS","2137992617","7.71296","India"
"4897","Monarch Casino &amp; Resort","MCRI","2137798144","119.28","United States"
"4898","Hammond Power Solutions","HPS-A.TO","2137113491","179.515","Canada"
"4899","ADMA Biologics","ADMA","2136813824","9.54","United States"
"4900","Ora Banda Mining","OBM.AX","2136786478","1.10485","Australia"
"4901","Applied Aerospace &amp; Defense","AADX","2135955712","12.39","United States"
"4902","Iluka Resources","ILU.AX","2132933168","4.94656","Australia"
"4903","First Commonwealth Financial Corp","FCF","2132280064","21.1","United States"
"4904","SHB (Saigon - Hanoi Commercial Joint Stock Bank)","SHB.VN","2130190985","0.456225","Vietnam"
"4905","Kailera Therapeutics","KLRA","2130045696","16.43","United States"
"4906","Universal Robina Corporation","UVRBF","2129658240","1","Philippines"
"4907","Burckhardt Compression","BCHN.SW","2129152587","631.41","Switzerland"
"4908","Mesoblast","MESO","2128321408","16.39","Australia"
"4909","Forvia SE","FRVIA.PA","2126252826","11.4897","France"
"4910","Under Armour","UA","2126250368","4.95","United States"
"4911","Electricity Generating Public Company","EGCO.BK","2122842581","4.03226","Thailand"
"4912","Standard Nuclear","STDN","2122497408","13.21","United States"
"4913","Elgi Equipments","ELGIEQUIP.NS","2122047906","6.7315","India"
"4914","The Kiyo Bank","8370.T","2121969225","32.943","Japan"
"4915","Mach Natural Resources LP","MNR","2121910272","12.71","United States"
"4916","Genesis Energy","GNE.NZ","2119608825","1.61942","New Zealand"
"4917","Stagwell","STGW","2119602176","8.67","United States"
"4918","AQ Group","AQ.ST","2115608781","23.0627","Sweden"
"4919","Solvac","SOLV.BR","2112894175","98.8487","Belgium"
"4920","CIMC Enric","3899.HK","2111972595","1.00056","China"
"4921","PC Connection","CNXN","2110914688","83.64","United States"
"4922","Central Puerto","CEPU","2110306304","14.07","Argentina"
"4923","Kohl's","KSS","2109935744","18.61","United States"
"4924","Global Net Lease","GNL","2104992640","9.1","United States"
"4925","BillerudKorsnäs","BILL.ST","2103564713","8.45807","Sweden"
"4926","First National Financial","FN.TO","2103105189","35.0708","Canada"
"4927","NW Natural Holdings","NWN","2102993024","49.96","United States"
"4928","Per Aarsleff Holding A/S B","PAAL-B.CO","2101439211","111.535","Denmark"
"4929","Finolex Cables","FINCABLES.NS","2100802865","13.7362","India"
"4930","Alamo Group","ALG","2099856640","172.53","United States"
"4931","Primaris Real Estate Investment Trust","PMZ-UN.TO","2099195447","15.228","Canada"
"4932","Com7 Public Company","COM7.BK","2098681915","0.89014","Thailand"
"4933","QNB Finans Finansal Kiralama (QNB Finansleasing)","QNBFK.IS","2098467302","0.839387","Turkey"
"4934","Encore Capital Group","ECPG","2096757888","98.86","United States"
"4935","Zip Co","ZIP.AX","2096330047","1.68255","Australia"
"4936","Vertex","VERX","2095856384","12.92","United States"
"4937","Ternium Argentina","TXAR.BA","2093433249","0.463447","Argentina"
"4938","Companhia de Saneamento do Paraná (SANEPAR)","SAPR4.SA","2092580279","1.38471","Brazil"
"4939","Freehold Royalties","FRU.TO","2089977530","12.7468","Canada"
"4940","Centuri Holdings","CTRI","2089935360","20.7","United States"
"4941","KRUK Spólka Akcyjna","KRU.WA","2087995004","106.839","Poland"
"4942","Savola Group","2050.SR","2087439890","7.03595","Saudi Arabia"
"4943","Hyosung Corporation","004800.KS","2087314351","124.857","South Korea"
"4944","New World Development Company","0017.HK","2086301874","0.829016","Hong Kong"
"4945","TIC Solutions","TIC","2086186624","9.56","United States"
"4946","Currys plc","CURY.L","2084466917","2.03927","United Kingdom"
"4947","Innovex International","INVX","2084087552","29.8","United States"
"4948","H2O Retailing Corporation","8242.T","2083817249","18.4923","Japan"
"4949","Fukuda Denshi","6960.T","2083654156","77.127","Japan"
"4950","Badger Infrastructure Solutions","BDGI.TO","2083240531","61.8915","Canada"
"4951","Progyny","PGNY","2083132544","27.15","United States"
"4952","1st Source","SRCE","2082837120","86.49","United States"
"4953","The Keiyo Bank","8544.T","2082234015","17.9335","Japan"
"4954","Hemab Therapeutics Holdings","COAG","2081959040","44.57","United States"
"4955","Allegiant Travel Company","ALGT","2079309696","76.06","United States"
"4956","Keihan Holdings","9045.T","2078954703","20.604","Japan"
"4957","Bladex","BLX","2078934784","55.84","Panama"
"4958","Alamar Biosciences","ALMR","2078313472","29.95","United States"
"4959","Braveheart Bio","BRVE","2077900032","29.41","United States"
"4960","Watches of Switzerland Group","WOSG.L","2077538624","8.97766","United Kingdom"
"4961","Dunelm Group","DNLM.L","2074698185","10.2911","United Kingdom"
"4962","Coats Group","COA.L","2073484915","1.08328","United Kingdom"
"4963","Ratnamani Metals &amp; Tubes","RATNAMANI.NS","2072862552","29.5735","India"
"4964","Alkami Technology","ALKT","2072535552","19.38","United States"
"4965","Kajaria Ceramics","KAJARIACER.NS","2072190658","13.1867","India"
"4966","Clarkson PLC","CKN.L","2071623586","67.434","United Kingdom"
"4967","Caisse Régionale de Crédit Agricole Mutuel Nord de France","CNDF.PA","2071222055","35.8181","France"
"4968","Perdoceo Education","PRDO","2070674816","33.09","United States"
"4969","Kosé","4922.T","2070129175","36.4778","Japan"
"4970","DoubleVerify","DV","2069084288","13.35","United States"
"4971","Cimpress","CMPR","2067270528","84.9","Ireland"
"4972","National Bank of Oman","NBOB.OM","2065163084","1.27013","Oman"
"4973","Chalet Hotels","CHALET.NS","2064768682","9.42842","India"
"4974","SharonAI Holdings","SHAZ","2063356032","57.63","United States"
"4975","TAV Airports Holding","TAVHL.IS","2063331313","5.67971","Turkey"
"4976","Caisse Régionale de Crédit Agricole Mutuel du Languedoc","CRLA.PA","2062835144","104.617","France"
"4977","Netstreit","NTST","2061028096","20.22","United States"
"4978","ARE Holdings","5857.T","2060631475","23.9763","Japan"
"4979","Super Retail Group","SUL.AX","2059639486","9.12045","Australia"
"4980","Genus","GNS.L","2059470779","31.0088","United Kingdom"
"4981","OPmobility","OPM.PA","2058937240","14.4087","France"
"4982","ASBISc Enterprises","ASB.WA","2058355500","37.0875","Cyprus"
"4983","NFI Group","NFI.TO","2057455919","17.2739","Canada"
"4984","Arteche Lantegi Elkartea, S.A.","ART.MC","2056974742","35.4692","Spain"
"4985","HBX Group International plc","HBX.MC","2056813235","8.48936","United Kingdom"
"4986","BWP Trust","BWP.AX","2056069018","2.61771","Australia"
"4987","Blackbaud","BLKB","2054355712","45.26","United States"
"4988","Fluence Energy","FLNC","2052439552","11.04","United States"
"4989","Oxford Instruments","OXIG.L","2052203464","37.3731","United Kingdom"
"4990","Interface, Inc.","TILE","2047870336","35.43","United States"
"4991","Cenomi Centers (Arabian Centres Company)","4321.SR","2046664238","4.30892","Saudi Arabia"
"4992","Select Medical Holdings","SEM","2046298112","16.51","United States"
"4993","Stewart Information Services","STC","2046208256","67.04","United States"
"4994","Utz Brands","UTZ","2045703040","14.21","United States"
"4995","Arion banki","ARION.IC","2043948720","1.52507","Iceland"
"4996","Horace Mann Educators","HMN","2041253248","50.4","United States"
"4997","Generate Biomedicines","GENB","2040803584","15.9","United States"
"4998","Olin Corporation","OLN","2039146624","17.89","United States"
"4999","Teijin Limited","3401.T","2038815168","10.5684","Japan"
"5000","Stanmore Resources","SMR.AX","2037374251","2.26025","Australia"
"5001","Berli Jucker (BJC)","BJC.BK","2036829200","0.508217","Thailand"
"5002","Tianyu Digital Technology (Dalian)","002354.SZ","2036792759","1.231","China"
"5003","Aksa Energy","AKSEN.IS","2034534056","1.65903","Turkey"
"5004","Daiwabo Holdings","3107.T","2034026928","23.7749","Japan"
"5005","Expro Group","XPRO","2033519744","18.1","United States"
"5006","EZCorp","EZPW","2033161344","33.09","United States"
"5007","City Holding Company","CHCO","2032481280","144.64","United States"
"5008","The Sumitomo Warehouse Co., Ltd.","9303.T","2031632490","26.8353","Japan"
"5009","Activia Properties","3279.T","2030420792","854.44","Japan"
"5010","Brightstar Lottery","BRSL","2030267520","11.11","United Kingdom"
"5011","Cellcom Israel","CEL.TA","2027267034","12.0259","Israel"
"5012","Monadelphous Group","MND.AX","2026525488","20.1599","Australia"
"5013","Entra","ENTRA.OL","2026022314","11.1279","Norway"
"5014","Blue Bird Corporation","BLBD","2023799296","63.95","United States"
"5015","PDF Solutions","PDFS","2020150016","47.84","United States"
"5016","Kardigan, Inc.","KARD","2019679872","21.6","United States"
"5017","Getty Realty","GTY","2019625344","32.61","United States"
"5018","Sunstone Hotel Investors","SHO","2019351040","10.86","United States"
"5019","Happen, Inc.","HAPN","2018476544","17.49","United States"
"5020","Perrigo","PRGO","2017402112","14.58","Ireland"
"5021","Target Hospitality","TH","2017374336","20.25","United States"
"5022","Yellow Cake plc","YCA.L","2016146288","8.02302","Jersey"
"5023","momo.com Inc.","8454.TW","2014333677","7.60197","Taiwan"
"5024","Thermon Group","THR","2013932928","61.14","United States"
"5025","GFH Financial Group","GFH.AE","2013914396","0.53","Bahrain"
"5026","Sekisui House Reit","3309.T","2013527073","467.83","Japan"
"5027","Ezaki Glico Co., Ltd.","2206.T","2013321823","32.8391","Japan"
"5028","Karooooo","KARO","2013316352","65.17","Singapore"
"5029","Preformed Line Products","PLPC","2012727040","411.71","United States"
"5030","Asana","ASAN","2012647296","8.79","United States"
"5031","Spectrum Brands","SPB","2011654784","87.48","United States"
"5032","Zymeworks","ZYME","2010124800","28.11","Canada"
"5033","MFE-Mediaforeurope","MFEA.MI","2009636624","2.87243","Italy"
"5034","TV Asahi Holdings Corporation","9409.T","2008800366","19.9802","Japan"
"5035","MIRAIT ONE Corporation","1417.T","2008757996","23.0666","Japan"
"5036","AddLife AB","ALIF-B.ST","2008057872","16.4779","Sweden"
"5037","Agios Pharmaceuticals","AGIO","2002998016","33.55","United States"
"5038","Butterfly Network","BFLY","2002464640","7.52","United States"
"5039","Zhejiang Jinke Tom Culture Industry","300459.SZ","2001549456","0.5693","China"
"5040","Vericel","VCEL","2001154688","39.08","United States"
"5041","WeRide","WRD","2000053248","6.08","China"
"5042","Gorman-Rupp","GRC","1993709312","75.49","United States"
"5043","Vermilion Energy","VET","1992512000","13.04","Canada"
"5044","Atea ASA","ATEA.OL","1991618025","17.8524","Norway"
"5045","Pebblebrook Hotel Trust","PEB","1990545536","17.64","United States"
"5046","NextDecade Corp","NEXT","1988405120","7.47","United States"
"5047","IQM Quantum Computers","IQMX","1987815296","10.49","Finland"
"5048","Kinnevik","KINV-A.ST","1986556410","7.05448","Sweden"
"5049","Elekta AB","EKTA-B.ST","1985663695","5.19694","Sweden"
"5050","Mizuno Corporation","8022.T","1984201264","26.088","Japan"
"5051","ChipMOS Technologies","IMOS","1984027776","57.06","Taiwan"
"5052","H&amp;R REIT","HR-UN.TO","1983173979","7.08078","Canada"
"5053","Parex Resources","PXT.TO","1983083716","20.6184","Canada"
"5054","SigmaRoc plc","SRC.L","1982687591","1.78741","United Kingdom"
"5055","Batelco (Bahrain Telecommunication Company)","BEYON.BH","1980840297","1.48011","Bahrain"
"5056","Migros Ticaret A.S.","MGROS.IS","1980761190","11.1221","Turkey"
"5057","TOMY Company","7867.T","1980572133","23.0341","Japan"
"5058","Evolution Metals & Technologies","EMAT","1980434944","3.185","United States"
"5059","Energean","ENOG.L","1979724785","10.7177","United Kingdom"
"5060","Formula Systems","FORTY","1978172032","129","Israel"
"5061","Stolt-Nielsen Limited","0OHK.L","1978140322","32.8984","United Kingdom"
"5062","Aux Electric Co., Ltd.","2580.HK","1978047383","1.24544","China"
"5063","National Industries Group Holding","NIND.KW","1976747975","790.104","Kuwait"
"5064","Castrol India","CASTROLIND.NS","1976617265","1.99835","India"
"5065","Fuso Chemical","4368.T","1976352376","18.6807","Japan"
"5066","C.Uyemura & Co.,Ltd.","4966.T","1972969161","123.585","Japan"
"5067","VIB (Vietnam International Commercial Joint Stock Bank)","VIB.VN","1972367984","0.579426","Vietnam"
"5068","Guzman y Gomez","GYG.AX","1971967987","19.8007","Australia"
"5069","Fortress REIT","FFB.JO","1969831800","1.53892","South Africa"
"5070","Magnit","MGNT.ME","1963493795","19.21","Russia"
"5071","Al Masane Al Kobra Mining Company","1322.SR","1962247099","22.1571","Saudi Arabia"
"5072","Novocure","NVCR","1962112512","16.85","Jersey"
"5073","Atul","ATUL.NS","1960910171","66.603","India"
"5074","SSP Group","SSPG.L","1959593687","2.5958","United Kingdom"
"5075","Tower Bersama Infrastructure","TBIG.JK","1958918928","0.0868677","Indonesia"
"5076","Offcn Education","002607.SZ","1957758730","0.317437","China"
"5077","Genius Sports","GENI","1956353024","7.31","United Kingdom"
"5078","DNO ASA","DNO.OL","1956338562","2.0065","Norway"
"5079","Systemair AB","SYSR.ST","1955589004","9.42337","Sweden"
"5080","Paragon Banking Group","PAG.L","1955407732","10.8802","United Kingdom"
"5081","Hazama Ando Corporation","1719.T","1955151605","12.4625","Japan"
"5082","Gimv NV","GIMB.BR","1951707953","53.0294","Belgium"
"5083","Malaysian Pacific Industries","3867.KL","1951636525","9.81513","Malaysia"
"5084","Muangthai Capital","MTC.BK","1951612832","0.920572","Thailand"
"5085","EIH Limited","EIHOTEL.NS","1950800126","3.11946","India"
"5086","Melco Resorts &amp; Entertainment","MLCO","1946849536","5.12","Hong Kong"
"5087","AlzChem Group","ACT.DE","1946087801","192.232","Germany"
"5088","Íslandsbanki","ISB.IC","1944604103","1.1753","Iceland"
"5089","Tasmea Limited","TEA.AX","1944399921","6.93241","Australia"
"5090","COMPASS Pathways","CMPS","1944214528","14.04","United Kingdom"
"5091","Dalrymple Bay Infrastructure","DBI.AX","1943952735","3.92114","Australia"
"5092","STEF SA","STF.PA","1943406485","153.506","France"
"5093","KSB SE &amp; Co. KGaA","KSB.DE","1942977040","1109.43","Germany"
"5094","Kimbell Royalty Partners","KRP","1941804160","15.11","United States"
"5095","Boursa Kuwait Securities Company","BOURSA.KW","1941313173","9669.06","Kuwait"
"5096","Midera Food Processing","MFP","1940838912","42.91","United States"
"5097","Nanobiotix","NBTX","1940485120","38.19","France"
"5098","Kuwait Telecommunications Company","STC.KW","1940281115","1942.88","Kuwait"
"5099","Stoke Therapeutics","STOK","1939013504","30.05","United States"
"5100","Gränges","GRNG.ST","1938877471","18.1893","Sweden"
"5101","Protolabs","PRLB","1938391168","81.03","United States"
"5102","Genesis Energy  L.P.","GEL","1930986240","15.8","United States"
"5103","Shanghai Industrial Holdings Limited","0363.HK","1930202677","1.77537","Hong Kong"
"5104","Wacker Neuson","WAC.F","1929962094","28.3754","Germany"
"5105","Innodata","INOD","1929554432","56.12","United States"
"5106","Semapa","SEM.LS","1927305041","24.1307","Portugal"
"5107","Aarti Industries","AARTIIND.NS","1927109962","5.31284","India"
"5108","Hotel Properties Limited","H15.SI","1926760344","3.62941","Singapore"
"5109","Mayora","MYOR.JK","1925912330","0.0874354","Indonesia"
"5110","The Nanto Bank","8367.T","1924726943","12.2546","Japan"
"5111","EcoPro Materials","450080.KS","1922036452","27.2402","South Korea"
"5112","VNET Group","VNET","1921668608","6.75","China"
"5113","Gestamp Automoción","GEST.MC","1921315284","3.3783","Spain"
"5114","Alkane Resources","ALK.AX","1920795125","1.40593","Australia"
"5115","Etablissements Maurel &amp; Prom","MAU.PA","1917931672","9.60577","France"
"5116","Nippon Kayaku","4272.T","1915126405","13.174","Japan"
"5117","Sharplink","SBET","1913792768","8.82","United States"
"5118","Storskogen Group","STOR-B.ST","1913032972","1.14009","Sweden"
"5119","Nayax","NYAX","1912639360","51.17","Israel"
"5120","Ziff Davis","ZD","1910826112","55.73","United States"
"5121","Montana Aerospace","AERO.SW","1909773115","30.4584","Switzerland"
"5122","DAIHEN Corporation","6622.T","1909688350","80.8956","Japan"
"5123","Enerpac Tool Group","EPAC","1908643456","37.03","United States"
"5124","Gujarat Mineral Development","GMDCLTD.NS","1908006586","6.00002","India"
"5125","Genting Berhad","3182.KL","1907729214","0.49544","Malaysia"
"5126","GH Research","GHRS","1907569280","27.79","Ireland"
"5127","ATS Corporation","ATS","1906605568","19.43","Canada"
"5128","Ashmore Group","ASHM.L","1905274543","2.92756","United Kingdom"
"5129","BGF Retail","282330.KS","1901640193","110.08","South Korea"
"5130","Public Property Invest AS","PUBLI.OL","1901586726","2.01084","Norway"
"5131","Porch Group","PRCH","1899186816","16.73","United States"
"5132","Admie Holding","ADMIE.AT","1898928755","5.23317","Greece"
"5133","AB Ignitis grupe","IGN1L.VS","1898326490","26.224","Lithuania"
"5134","Winpak","WPK.TO","1896811005","32.3343","Canada"
"5135","Dah Sing Financial","0440.HK","1895804222","5.94086","Hong Kong"
"5136","Insperity","NSP","1895631360","49.63","United States"
"5137","Republic Bank","RBCAA","1892928640","96.41","United States"
"5138","Grand City Properties","GYC.DE","1892546766","10.7454","Luxembourg"
"5139","Vir Biotechnology","VIR","1891834368","11.18","United States"
"5140","HBM Healthcare Investments","HBMN.SW","1890116028","290.374","Switzerland"
"5141","Astrana Health","ASTH","1889926400","38.1","United States"
"5142","Australian United Investment Company","AUI.AX","1889406136","8.67995","Australia"
"5143","Bayer Crop Science","BAYERCROP.NS","1888972853","42.0313","India"
"5144","Vietnam Maritime Commercial Joint Stock Bank","MSB.VN","1888288289","0.504351","Vietnam"
"5145","Mitani Corporation","8066.T","1888173957","22.5793","Japan"
"5146","eClerx Services","ECLERX.NS","1888009078","20.5162","India"
"5147","Al Salam Bank","SALAM.BH","1886668622","1.19098","Bahrain"
"5148","Pfeiffer Vacuum","PFV.F","1886548525","191.185","Germany"
"5149","Nittetsu Mining","1515.T","1886500873","23.9763","Japan"
"5150","Sun TV Network","SUNTV.NS","1885045345","4.78335","India"
"5151","Xencor","XNCR","1883371648","25.33","United States"
"5152","Hawaiian Electric Industries","HE","1882735104","10.9","United States"
"5153","Embla Medical","EMBLA.CO","1882626233","4.4256","Iceland"
"5154","National Central Cooling Company","TABREED.AE","1882592310","0.661657","United Arab Emirates"
"5155","Hamburger Hafen","HHFA.F","1880704645","25.0029","Germany"
"5156","Türkiye Kalkınma","KLNMA.IS","1877759920","0.187776","Turkey"
"5157","Konica Minolta","4902.T","1877488405","3.79917","Japan"
"5158","Bic Camera Inc.","3048.T","1877190538","10.9615","Japan"
"5159","Sonida Senior Living","SNDA","1876754688","39.06","United States"
"5160","Magellan Financial Group","MFG.AX","1876341964","6.41248","Australia"
"5161","Neuren Pharmaceuticals","NEU.AX","1875793472","14.7964","Australia"
"5162","Zydus Wellness","ZYDUSWELL.NS","1873063568","5.88716","India"
"5163","Region Group","RGN.AX","1871330479","1.62839","Australia"
"5164","Vimian Group","VIMIAN.ST","1870926183","3.54289","Sweden"
"5165","Nexa Resources","NEXA","1870033152","14.12","Luxembourg"
"5166","Sihanoukville Autonomous Port","PAS.KH","1869307635","4.15","Cambodia"
"5167","Welspun India","WELSPUNIND.NS","1867418314","1.91","India"
"5168","Planisware","PLNW.PA","1867064808","26.9799","France"
"5169","Elvalhalcor Hellenic Copper and Aluminium Industry","ELHA.AT","1867049327","4.30283","Greece"
"5170","Dicker Data","DDR.AX","1864623420","10.2686","Australia"
"5171","GigaCloud Technology","GCT","1864074368","52.2","China"
"5172","German American Bancorp","GABC","1863908864","49.6","United States"
"5173","Alef Education","ALEFEDT.AE","1862016410","0.27","United Arab Emirates"
"5174","Austevoll Seafood","AUSS.OL","1860628080","9.21906","Norway"
"5175","Quantum Computing","QUBT","1860571264","8.22","United States"
"5176","National Bank Holdings","NBHC","1860416896","41.77","United States"
"5177","Shangri-La","0069.HK","1860270314","0.521005","Hong Kong"
"5178","Goldwin Inc.","8111.T","1859655520","13.5931","Japan"
"5179","NCC","NCC-B.ST","1858646809","18.9407","Sweden"
"5180","Kyoritsu Maintenance Co., Ltd.","9616.T","1857662638","20.4221","Japan"
"5181","Kainos Group","KNOS.L","1856324119","16.1002","United Kingdom"
"5182","Tokuyama Corporation","4043.T","1854936265","25.7826","Japan"
"5183","United Parks &amp; Resorts","PRKS","1854912896","40.91","United States"
"5184","Saudi Chemical Holding Company","2230.SR","1854815458","2.19973","Saudi Arabia"
"5185","K's Holdings Corporation","8282.T","1854804258","12.0044","Japan"
"5186","Sammaan Capital","SAMMAANCAP.NS","1853736918","1.61379","India"
"5187","OSG Corporation","6136.T","1852717481","22.5468","Japan"
"5188","Alvotech","ALVO","1851880320","5.19","Iceland"
"5189","BEML","BEML.NS","1849773465","22.2091","India"
"5190","Knowledge Economic City Company","4310.SR","1845141317","5.43808","Saudi Arabia"
"5191","Recursion Pharmaceuticals","RXRX","1844772480","3.44","United States"
"5192","RHI Magnesita","RHF.F","1844141063","38.958","Austria"
"5193","Fagron","FAGR.BR","1842411225","25.1192","Belgium"
"5194","Jungfraubahn Holding AG","JFN.SW","1842062807","315.705","Switzerland"
"5195","Pagaya Technologies","PGY","1842042496","22.08","Israel"
"5196","LOTTE Chemical","011170.KS","1840975340","43.659","South Korea"
"5197","YOOZOO Interactive","002174.SZ","1838423205","1.8763","China"
"5198","Uranium Royalty","UROY","1836744576","4.82","Canada"
"5199","Metrovacesa","MVC.MC","1830594111","12.0712","Spain"
"5200","OceanFirst Financial","OCFC","1830460416","18.94","United States"
"5201","Usiminas","USIM5.SA","1830398119","1.48699","Brazil"
"5202","F&amp;F Co","383220.KS","1829420251","48.8085","South Korea"
"5203","Surgery Partners","SGRY","1827618816","13.96","United States"
"5204","Lucid Motors","LCID","1824544896","4.63","United States"
"5205","Intershop Holding","ISN.SW","1822701641","197.702","Switzerland"
"5206","Cogeco","CCA.TO","1822471838","43.377","Canada"
"5207","Live Oak Bank","LOB","1821260416","39.35","United States"
"5208","Immunocore","IMCR","1820991104","35.36","United Kingdom"
"5209","Sildarvinnslan","SVN.IC","1820588292","0.986324","Iceland"
"5210","LeMaitre Vascular","LMAT","1820163968","79.59","United States"
"5211","Sanoma","SANOMA.HE","1819465747","11.199","Finland"
"5212","Central Plaza Hotel","CENTEL.BK","1817939762","1.34662","Thailand"
"5213","Nongshim","004370.KS","1815659320","311.21","South Korea"
"5214","Scatec ASA","SCATC.OL","1813217700","11.3449","Norway"
"5215","Worthington Steel","WS","1813190272","35.59","United States"
"5216","Metsä Board","METSA.HE","1813137495","5.10524","Finland"
"5217","World Kinect","WKC","1809744384","35.38","United States"
"5218","Lakefront Biotherapeutics","LKFT","1809341440","27.63","Belgium"
"5219","AVI Limited","AVI.JO","1808977200","5.42124","South Africa"
"5220","Lovisa Holdings","LOV.AX","1808865036","16.3345","Australia"
"5221","Strategic Education","STRA","1808583680","81.44","United States"
"5222","Patria Investments","PAX","1807611008","11.2","Cayman Islands"
"5223","Drägerwerk","DRW8.F","1806405401","96.2903","Germany"
"5224","Elang Mahkota Teknologi","EMTK.JK","1806330729","0.0295236","Indonesia"
"5225","Fluxys Belgium","FLUX.BR","1805818616","25.7007","Belgium"
"5226","Tatung Co., Ltd.","2371.TW","1805439491","0.8824","Taiwan"
"5227","SmartStop Self Storage REIT","SMA","1805026176","32.6","United States"
"5228","Vestis","VSTS","1803985408","13.65","United States"
"5229","Mullen Group","MTL.TO","1802800559","18.7321","Canada"
"5230","Costamare","CMRE","1801299840","14.9","Monaco"
"5231","Damora Therapeutics","DMRA","1800825088","29.17","United States"
"5232","Bao Viet Holdings","BVH.VN","1800505675","2.4255","Vietnam"
"5233","Dime Community Bancshares","DCOM","1798939776","40.74","United States"
"5234","Global Partners LP","GLP","1797719296","53.11","United States"
"5235","Bell Food Group","BELL.SW","1796512174","286.667","Switzerland"
"5236","Inspire Medical Systems","INSP","1796490752","62.14","United States"
"5237","KATITAS CO., Ltd.","8919.T","1795060600","22.9367","Japan"
"5238","PolyPeptide Group","PPGN.SW","1795035421","54.368","Switzerland"
"5239","P3 Health Partners","PIII","1794823040","8.98","United States"
"5240","Devyani International","DEVYANI.NS","1794504423","1.45547","India"
"5241","Tecnoglass","TGLS","1793217664","40.42","Colombia"
"5242","Youdao","DAO","1792630528","14.86","China"
"5243","DXC Technology","DXC","1791119104","11.21","United States"
"5244","Fidelis Insurance","FIHL","1787657472","20.71","Bermuda"
"5245","FirstSun Capital Bancorp","FSUN","1787461376","40.67","United States"
"5246","SKAN Group","SKAN.SW","1786346984","79.4514","Switzerland"
"5247","Hope Bancorp","HOPE","1785830912","13.98","United States"
"5248","HPH Trust (Hutchison Port)","NS8U.SI","1785775744","0.205","Singapore"
"5249","Taysha Gene Therapies","TSHA","1785567744","5.48","United States"
"5250","Intellia Therapeutics","NTLA","1785213952","12.74","United States"
"5251","Londian Wason New Energy Tech Inc.","FOIL","1785087616","23.05","China"
"5252","Syndax Pharmaceuticals","SNDX","1780583936","19.94","United States"
"5253","A10 Networks","ATEN","1780373248","24.52","United States"
"5254","MBC Group Co.","4072.SR","1773628486","5.33422","Saudi Arabia"
"5255","Personalis","PSNL","1772877952","16.6","United States"
"5256","Montea Comm","MONT.BR","1772258621","76.0554","Belgium"
"5257","Qatar Insurance Company","QATI.QA","1772129145","0.542582","Qatar"
"5258","Westshore Terminals Investment","WTE.TO","1770684973","28.6659","Canada"
"5259","Chambal Fertilisers","CHAMBLFERT.NS","1769187057","4.41577","India"
"5260","Albany International","AIN","1768657408","62.34","United States"
"5261","Weis Markets","WMK","1768248832","71.46","United States"
"5262","Prosegur","PSG.MC","1766594706","3.30852","Spain"
"5263","Adecoagro","AGRO","1766329472","12.24","Luxembourg"
"5264","Jeudan","JDAN.CO","1766249618","31.8892","Denmark"
"5265","SRG Global Limited","SRG.AX","1765451701","2.78741","Australia"
"5266","Century Communities","CCS","1764830080","62.07","United States"
"5267","Volution Group","FAN.L","1764532780","8.90995","United Kingdom"
"5268","Realia Business","RLIA.MC","1764316935","1.16874","Spain"
"5269","Ivanhoe Electric","IE","1761876480","11.04","Canada"
"5270","S&amp;T Bancorp","STBA","1761511296","49.95","United States"
"5271","Astra Microwave","ASTRAMICRO.NS","1759839633","18.5354","India"
"5272","Soho House & Co","SHCO","1758889344","8.99","United States"
"5273","Americas Gold and Silver Corp","USAS","1758419456","5.2","Canada"
"5274","Ellington Financial","EFC","1757109888","13.38","United States"
"5275","Ola Electric Mobility","OLAELEC.NS","1753807270","0.396907","India"
"5276","Aura Investments","AURA.TA","1753103090","6.17042","Israel"
"5277","BlackLine","BL","1751895680","30.14","United States"
"5278","Ourpalm","300315.SZ","1751271496","0.646796","China"
"5279","Xenia Hotels &amp; Resorts","XHR","1751030656","17.7","United States"
"5280","Vietnam National Petroleum Group","PLX.VN","1748813228","1.37638","Vietnam"
"5281","Antin Infrastructure Partners","ANTIN.PA","1748398432","9.79184","France"
"5282","Ipsos","IPS.PA","1747434897","41.9351","France"
"5283","Atlas Energy Solutions","AESI","1747429120","13.99","United States"
"5284","Great Portland Estates","GPE.L","1746925283","4.3304","United Kingdom"
"5285","HawkEye 360","HAWK","1746725760","17.83","United States"
"5286","Proeduca Altus","PRO.MC","1746356315","38.6676","Spain"
"5287","SFL Corp","SFL","1745858944","12.59","Bermuda"
"5288","Septerna","SEPN","1744317440","37.37","United States"
"5289","CenturyPly","CENTURYPLY.NS","1743723320","7.84849","India"
"5290","Burjeel Holdings","BURJEEL.AE","1743122628","0.33","United Arab Emirates"
"5291","Atoss","AOF.F","1742494267","109.548","Germany"
"5292","Lindblad Expeditions","LIND","1742202624","26.55","United States"
"5293","Amano Corporation","6436.T","1740271787","25.1264","Japan"
"5294","Salvatore Ferragamo","SFER.MI","1739203689","10.5187","Italy"
"5295","JustSystems Corporation","4686.T","1738067481","27.0627","Japan"
"5296","Saudia Dairy &amp; Foodstuff Company","2270.SR","1737990833","54.3808","Saudi Arabia"
"5297","Eurocommercial Properties","ECMPA.AS","1737823063","31.5734","Netherlands"
"5298","Spadel","SPA.BR","1737557804","418.653","Belgium"
"5299","Ratio Energies","RATI.TA","1736510623","1.54509","Israel"
"5300","Dom Development","DOM.WA","1736154622","67.2969","Poland"
"5301","Tsubakimoto Chain","6371.T","1735632801","17.1278","Japan"
"5302","Embracer Group","EMBRAC-B.ST","1735111447","7.90394","Sweden"
"5303","Evertec","EVTC","1734616448","29.03","United States"
"5304","Bellevue Gold","BGL.AX","1734054542","1.16262","Australia"
"5305","Forbo Holding","FORN.SW","1733991299","1209.69","Switzerland"
"5306","Photronics","PLAB","1731174144","29.36","United States"
"5307","Biolife Solutions","BLFS","1730907520","35.38","United States"
"5308","BASF India","BASF.NS","1729818486","39.9629","India"
"5309","East Pipes Integrated Company for Industry","1321.SR","1729773608","54.9134","Saudi Arabia"
"5310","Progress Software","PRGS","1729720832","42.175","United States"
"5311","Byline Bancorp","BY","1729284352","38.27","United States"
"5312","Goodman Property Trust","GMT.NZ","1728117746","1.12303","New Zealand"
"5313","Vivendi","VIV.PA","1725727889","1.73043","France"
"5314","TriCo Bancshares","TCBK","1725239040","53.97","United States"
"5315","Concentrix","CNXC","1724988800","28.27","United States"
"5316","Befesa","BFSA.DE","1723456220","43.0864","Luxembourg"
"5317","Arcos Dorados Holdings","ARCO","1723223808","8.18","Uruguay"
"5318","Métropole Télévision (Groupe M6)","MMT.PA","1720710748","13.6528","France"
"5319","Champion REIT","2778.HK","1720566620","0.278677","Hong Kong"
"5320","Neinor Homes","HOME.MC","1720303333","17.816","Spain"
"5321","Sixth Street Specialty Lending","TSLX","1719990272","18.04","United States"
"5322","Bank First","BFC","1719155968","155.08","United States"
"5323","Israel Canada (T.R) Ltd","ISCN.TA","1719057637","5.03979","Israel"
"5324","Huntsman Corporation","HUN","1718710528","9.8","United States"
"5325","The Musashino Bank","8336.T","1717638100","17.6996","Japan"
"5326","Grainger plc","GRI.L","1717198951","2.3155","United Kingdom"
"5327","CBL Properties","CBL","1716085248","55.46","United States"
"5328","Hangzhou Shunwang Technology","300113.SZ","1715048756","2.54396","China"
"5329","Sonos","SONO","1714079744","14.49","United States"
"5330","Bursa Malaysia","1818.KL","1713551739","2.11733","Malaysia"
"5331","Travis Perkins","TPK.L","1711072111","8.07718","United Kingdom"
"5332","Punjab &amp; Sind Bank","PSB.NS","1710879800","0.241119","India"
"5333","Tokai Rika","6995.T","1709922922","19.7203","Japan"
"5334","Puuilo","PUUILO.HE","1709702212","20.3279","Finland"
"5335","IDT Corporation","IDT","1709216640","68.73","United States"
"5336","One Software Technologies","ONE.TA","1708393743","23.1963","Israel"
"5337","Aica Kogyo Company","4206.T","1707475042","26.9847","Japan"
"5338","Telkom SA","TKG.JO","1707099500","3.45539","South Africa"
"5339","Pasqal Holding SA","PSQL","1706841344","8.04","France"
"5340","MCB Bank Pakistan","MCB.PK","1705761085","1.43939","Pakistan"
"5341","Jetblue Airways","JBLU","1705451136","4.52","United States"
"5342","Mota-Engil","EGL.LS","1702447638","5.54948","Portugal"
"5343","Liberty Latin America","LILA","1702370944","8.69","United States"
"5344","Yuexiu Property","0123.HK","1701928943","0.422798","Hong Kong"
"5345","Shibaura Mechatronics","6590.T","1701729006","25.9256","Japan"
"5346","PORR","ABS2.F","1699210201","43.2608","Austria"
"5347","Kosmos Energy","KOS","1697139840","2.85","United States"
"5348","Japan Elevator Service Holdings","6544.T","1696434881","9.48981","Japan"
"5349","The North West Company","NWC.TO","1696394791","35.7417","Canada"
"5350","Eton Pharmaceuticals","ETON","1696266240","59.345","United States"
"5351","Derichebourg","DBG.PA","1695949692","10.7164","France"
"5352","SUNeVision","1686.HK","1695282742","0.717418","Hong Kong"
"5353","Hansol Chemical","014680.KS","1694653789","150.381","South Korea"
"5354","CAMGSM Plc. (Cellcard)","CGSM.KH","1694452434","0.86","Cambodia"
"5355","American Assets Trust","AAT","1693697024","21.83","United States"
"5356","Marqeta","MQ","1692647040","16.26","United States"
"5357","MM Group (Mayr-Melnhof AG)","MYM.F","1692499691","87.1032","Austria"
"5358","EDION Corporation","2730.T","1692225770","16.0037","Japan"
"5359","Green Thumb Industries","GTII.CN","1690503626","7.73372","United States"
"5360","Flight Centre Travel Group Limited","FLT.AX","1689546441","8.25029","Australia"
"5361","Becamex (Investment and Industrial Development Corporation)","BCM.VN","1689535702","1.6324","Vietnam"
"5362","KFin Technologies","KFINTECH.NS","1686819299","9.75762","India"
"5363","PAL GROUP Holdings","2726.T","1686688816","9.74646","Japan"
"5364","Godawari Power &amp; Ispat","GPIL.NS","1686126667","2.59166","India"
"5365","Atrium Ljungberg","ATRLJ-B.ST","1684471609","2.67152","Sweden"
"5366","Goodyear","GT","1684207616","5.85","United States"
"5367","Pathward Financial","CASH","1683888640","81.06","United States"
"5368","Inhibrx Biosciences","INBX","1682817152","114.34","United States"
"5369","C3 AI","AI","1682516352","10.51","United States"
"5370","IntegraFin","IHP.L","1682072701","5.0914","United Kingdom"
"5371","Clariane","CLARI.PA","1681935485","4.70752","France"
"5372","M.Yochananof and Sons","YHNF.TA","1680803123","116.015","Israel"
"5373","Novavax","NVAX","1680796928","10.19","United States"
"5374","Fine Organics","FINEORG.NS","1680335377","54.8055","India"
"5375","HomeCo Daily Needs REIT","HDN.AX","1680064939","0.803004","Australia"
"5376","SeSa S.p.A.","SES.MI","1679750450","110.943","Italy"
"5377","Idorsia","IDIA.SW","1678885188","6.33263","Switzerland"
"5378","Sila Realty Trust","SILA","1677119744","30.36","United States"
"5379","Alembic Pharmaceuticals","APLLTD.NS","1676243352","8.52776","India"
"5380","AnaptysBio","ANAB","1675839872","56.6","United States"
"5381","Flex LNG","FLNG","1675781760","30.98","Bermuda"
"5382","Anterix","ATEX","1675460224","85.44","United States"
"5383","Emami","EMAMILTD.NS","1674259811","3.83565","India"
"5384","Sundaram Finance","SUNDARMHLD.NS","1673186158","7.58155","India"
"5385","Union Tool","6278.T","1671057895","85.7689","Japan"
"5386","QCR Holdings","QCRH","1670640128","102.02","United States"
"5387","Bora Pharmaceuticals","6472.TW","1670058920","13.0932","Taiwan"
"5388","Itochu Enex","8133.T","1669107809","14.7821","Japan"
"5389","Boston Beer Company","SAM","1667869824","162.06","United States"
"5390","Avalyn Pharma","AVLN","1667811072","37.62","United States"
"5391","Jubilant Pharmova","JUBLPHARMA.NS","1666850824","10.5239","India"
"5392","4imprint Group","FOUR.L","1665612611","59.3907","United Kingdom"
"5393","Comer Industries","COM.MI","1664405931","58.1463","Italy"
"5394","Dauch Corporation","DCH","1663232256","7","United States"
"5395","MasterBrand","MBC","1660482432","8.16","United States"
"5396","Amplitude","AMPL","1660393088","12.52","United States"
"5397","Okuma Corporation","6103.T","1658834780","28.4922","Japan"
"5398","Friedrich Vorwerk Group","VH2.DE","1658332369","82.9166","Germany"
"5399","Origin Bancorp","OBK","1658170240","53.75","United States"
"5400","TF1","TFI.PA","1656154032","7.86138","France"
"5401","Lapidoth Capital","LAPD.TA","1655504789","27.7818","Israel"
"5402","Engineers India","ENGINERSIN.NS","1655158162","2.9449","India"
"5403","Toho Holdings","8129.T","1654725739","25.5747","Japan"
"5404","5N Plus","VNP.TO","1654667004","18.3984","Canada"
"5405","Nürnberger Versicherung","NBG6.F","1653752711","143.621","Germany"
"5406","Borregaard","BRG.OL","1653532857","16.5943","Norway"
"5407","SÜSS MicroTec","SMHN.DE","1652797065","86.4635","Germany"
"5408","SHO-BOND Holdings","1414.T","1651807530","8.21952","Japan"
"5409","Carabao Group","CBG.BK","1650943377","1.65094","Thailand"
"5410","Nerolac Paints","KANSAINER.NS","1649837613","2.03991","India"
"5411","Robertet","CBE.PA","1649304789","786.138","France"
"5412","D/S Norden (Dampskibsselskabet Norden)","DNORD.CO","1648673068","60.0761","Denmark"
"5413","Cembre S.p.A.","CMB.MI","1648448875","98.0347","Italy"
"5414","Global Ship Lease","GSL","1648260736","45.74","United Kingdom"
"5415","DCM Shriram","DCMSHRIRAM.NS","1646745308","10.6341","India"
"5416","Weibo","WB","1646006272","6.7","China"
"5417","Senior plc","SNR.L","1645762819","3.98104","United Kingdom"
"5418","Wolverine World Wide","WWW","1645430016","20.05","United States"
"5419","Syngene International","SYNGENE.NS","1645326345","4.08774","India"
"5420","Triumph Financial","TFIN","1644660992","68.83","United States"
"5421","Companhia Siderúrgica Nacional","SID","1644356480","1.24","Brazil"
"5422","Habib Bank","HBL.PK","1643664662","1.12054","Pakistan"
"5423","Faes Farma","FAE.MC","1642571801","5.27387","Spain"
"5424","HIAG Immobilien","HIAG.SW","1639750054","162.115","Switzerland"
"5425","Seera Holding Group","1810.SR","1638454082","5.98935","Saudi Arabia"
"5426","Metro Bank Holdings","MTRO.L","1638235691","2.43196","United Kingdom"
"5427","Ngern Tid Lor","TIDLOR.BK","1637222899","0.569081","Thailand"
"5428","RLJ Lodging Trust","RLJ","1637139200","10.69","United States"
"5429","NP3 Fastigheter AB","NP3.ST","1636932979","26.5587","Sweden"
"5430","Tata Chemicals","TATACHEM.NS","1632935867","6.4098","India"
"5431","Sienna Senior Living","SIA.TO","1632140942","14.7202","Canada"
"5432","Nippon Sheet Glass Company","5202.T","1631180990","3.20334","Japan"
"5433","NCAB Group AB","NCAB.ST","1631171151","8.72418","Sweden"
"5434","Virgin Australia","VGN.AX","1630984961","2.07972","Australia"
"5435","Opera","OPRA","1630744832","18.34","Norway"
"5436","Safestore","SAFE.L","1628206973","7.4543","United Kingdom"
"5437","National Industrialization Company (Saudi Arabia)","2060.SR","1628195402","2.43409","Saudi Arabia"
"5438","Advanced Petrochemical","2330.SR","1627413971","6.29561","Saudi Arabia"
"5439","Allient","ALNT","1625376384","95.63","United States"
"5440","Trinity Capital","TRIN","1625168640","18.08","United States"
"5441","Sotetsu Holdings","9003.T","1623471348","16.9166","Japan"
"5442","Fortrea","FTRE","1622405888","17.06","United States"
"5443","Peugeot Invest Société anonyme","PEUG.PA","1622033599","65.3564","France"
"5444","Sanlorenzo","SL.MI","1621953217","45.796","Italy"
"5445","Simplex Holdings","4373.T","1621813700","7.24487","Japan"
"5446","Vtech","0303.HK","1621731138","6.40255","Hong Kong"
"5447","Nakanishi","7716.T","1621242983","19.8178","Japan"
"5448","OVS S.p.A.","OVS.MI","1620288875","6.68101","Italy"
"5449","CTS Corporation","CTS","1619992960","56.73","United States"
"5450","Interroll","INRN.SW","1619451149","1939.95","Switzerland"
"5451","Hornbach Holding","HBH.DE","1618689880","101.175","Germany"
"5452","Bank Dhofar","BKDB.OM","1618594064","0.532468","Oman"
"5453","MITSUI-SOKO HOLDINGS Co., Ltd.","9302.T","1617579252","21.6242","Japan"
"5454","Deterra Royalties","DRR.AX","1617425538","3.05459","Australia"
"5455","Perpetual Limited","PPT.AX","1617404833","13.9804","Australia"
"5456","Amara Raja Energy &amp; Mobility","ARE&M.NS","1617359765","8.83681","India"
"5457","Sansan, Inc.","4443.T","1617250725","12.9043","Japan"
"5458","Avalon Technologies","AVALON.NS","1615692125","24.1572","India"
"5459","Central Securities","CET","1614867328","54.65","United States"
"5460","Perella Weinberg Partners","PWP","1613720576","16.58","United States"
"5461","KPIT Technologies","KPITTECH.NS","1613700462","5.92777","India"
"5462","ANI Pharmaceuticals","ANIP","1613207936","70.23","United States"
"5463","Six Flags","FUN","1610458752","15.74","United States"
"5464","National Company for Learning and Education","4291.SR","1610066648","37.4434","Saudi Arabia"
"5465","Esentia Energy Systems","ESENTIAII.MX","1609884783","3.01467","Mexico"
"5466","Modern Times Group (MTG)","MTG-B.ST","1609744706","13.5767","Sweden"
"5467","Pharma Mar","PHM.MC","1608492452","93.0341","Spain"
"5468","Kagome Co., Ltd.","2811.T","1607809980","17.7775","Japan"
"5469","Arvind","ARVIND.NS","1607405251","6.13187","India"
"5470","Distribution Solutions Group","DSGR","1607376000","34.75","United States"
"5471","Burkhalter Holding","BRKN.SW","1607001161","150.748","Switzerland"
"5472","NS United Kaiun Kaisha","9110.T","1606229833","68.1603","Japan"
"5473","EVT Limited","EVT.AX","1605896294","9.85702","Australia"
"5474","Delta Galil Industries","DELG.TA","1605777827","61.1961","Israel"
"5475","Marksans Pharma","MARKSANS.NS","1605536457","3.54295","India"
"5476","Industrie De Nora","DNR.MI","1605201279","8.07652","Italy"
"5477","Fujimi Incorporated","5384.T","1605113947","21.6371","Japan"
"5478","Pearl Abyss","263750.KQ","1604935995","26.1208","South Korea"
"5479","Pegasus Airlines","PGSUS.IS","1604349775","3.2087","Turkey"
"5480","FMC Corporation","FMC","1604155904","12.81","United States"
"5481","Ariston Holding","ARIS.MI","1603555543","4.3633","Italy"
"5482","ConnectOne Bancorp","CNOB","1603189888","31.86","United States"
"5483","Globant","GLOB","1602825088","37.12","Luxembourg"
"5484","Nomad Foods","NOMD","1602006784","11.46","United Kingdom"
"5485","Aditya Birla Real Estate","ABREL.NS","1600327545","14.4724","India"
"5486","Dana Gas","DANA.AE","1599856706","0.23","United Arab Emirates"
"5487","SkyWater Technology","SKYT","1597181312","32.46","United States"
"5488","B.F. S.p.A.","BFG.MI","1595416774","6.09373","Italy"
"5489","Abu Dhabi National Hotels","ADNH.AE","1595197272","0.13","United Arab Emirates"
"5490","Tyra Biosciences","TYRA","1595164544","26.73","United States"
"5491","Coursera","COUR","1595017600","5.57","United States"
"5492","OdontoPrev","ODPV3.SA","1593697043","2.92371","Brazil"
"5493","BlueNord ASA","BNOR.OL","1591705670","62.2558","Norway"
"5494","Cloetta","CLA-B.ST","1590141092","5.53088","Sweden"
"5495","National Bank of Umm Al Qaiwain","NBQ.AE","1590024248","0.8","United Arab Emirates"
"5496","Natco Pharma","NATCOPHARM.NS","1588476588","8.70971","India"
"5497","ADI Global Distribution","ADIG","1586035584","20.89","United States"
"5498","Aluar Aluminio Argentino","ALUA.BA","1585709490","0.566325","Argentina"
"5499","Avio S.p.A.","AVIO.MI","1584742863","34.3296","Italy"
"5500","Misto Holdings (Fila)","081660.KS","1583447184","30.0762","South Korea"
"5501","Yoshinoya Holdings Co., Ltd.","9861.T","1580689328","24.6715","Japan"
"5502","AEON REIT Investment","3292.T","1580663353","751.777","Japan"
"5503","Ingersoll Rand India","INGERRAND.NS","1578832963","50.0137","India"
"5504","B.Grimm Power","BGRIM.BK","1578737231","0.6056","Thailand"
"5505","Innovative Industrial Properties","IIPR","1577356800","57.21","United States"
"5506","Guaranty Trust Bank","9JO.F","1576660743","2.67857","Nigeria"
"5507","Breedon Group","BREE.L","1576361513","4.54164","United Kingdom"
"5508","Lanxess","LXS.F","1575501230","18.2463","Germany"
"5509","Crompton Greaves Consumer Electricals","CROMPTON.NS","1575013290","2.446","India"
"5510","Latigo Biotherapeutics","LTGO","1573283456","23.73","United States"
"5511","Killam Apartment REIT","KMP-UN.TO","1572024455","12.8121","Canada"
"5512","Fox-Wizel","FOX.TA","1571210508","112.997","Israel"
"5513","Collective Mining","CNL","1571061504","16.94","Canada"
"5514","Abu Dhabi Aviation","ADAVIATION.AE","1570720883","1.43","United Arab Emirates"
"5515","Kemper","KMPR","1570175744","26.67","United States"
"5516","Bicara Therapeutics","BCAX","1568960256","23.71","United States"
"5517","Nationwide Building Society","NBS.L","1568771642","171.97","United Kingdom"
"5518","Wüstenrot &amp; Württembergische","WUW.F","1568646628","16.7694","Germany"
"5519","Econergy Renewable Energy","ECNR.TA","1567846349","20.3216","Israel"
"5520","Savers Value Village","SVV","1567589504","10.23","United States"
"5521","Taikisha","1979.T","1566150234","24.9185","Japan"
"5522","Furuno Electric Co., Ltd.","6814.T","1565016995","49.512","Japan"
"5523","ICF International","ICFI","1564731392","87.25","United States"
"5524","Helix Energy Solutions","HLX","1562253952","10.6","United States"
"5525","Volex plc","VLX.L","1561331869","8.53081","United Kingdom"
"5526","MAAS Group Holdings","MGH.AX","1560350366","4.31831","Australia"
"5527","J&amp;J Snack Foods","JJSF","1559166976","83.46","United States"
"5528","Deutsche EuroShop","DEQ.F","1559095676","20.5838","Germany"
"5529","Implenia AG","IMPN.SW","1558621653","84.3939","Switzerland"
"5530","Ingles Markets","IMKTA","1555829376","81.91","United States"
"5531","Eos Energy Enterprises","EOSE","1555255552","4.3","United States"
"5532","Comforia Residential REIT","3282.T","1555180867","636.119","Japan"
"5533","Landis+Gyr","LAND.SW","1554379607","58.3838","Switzerland"
"5534","Nextage Co Ltd","3186.T","1553558351","19.8178","Japan"
"5535","Sarana Menara Nusantara","TOWR.JK","1553366428","0.0266848","Indonesia"
"5536","Capital Southwest Corporation","CSWC","1551919744","24.35","United States"
"5537","Nohmi Bosai Ltd.","6744.T","1550915547","26.3479","Japan"
"5538","TPBank (Tien Phong Commercial Joint Stock Bank)","TPB.VN","1548617164","0.558251","Vietnam"
"5539","ARKO Petroleum","APC","1548191744","18.75","United States"
"5540","Paradox Interactive","PDX.ST","1546404996","14.7351","Sweden"
"5541","Xeris Pharmaceuticals","XERS","1546076032","8.48","United States"
"5542","Europris","EPR.OL","1546062628","9.44682","Norway"
"5543","Inabata &amp; Co.,Ltd.","8098.T","1545245840","28.947","Japan"
"5544","Moltiply Group (Gruppo Mutuionline)","MOL.MI","1544504509","41.5165","Italy"
"5545","Boxabl Inc.","BXBL","1543157888","4.37","United States"
"5546","Suncrete, Inc.","RMIX","1542592512","15.8","United States"
"5547","Innoviva","INVA","1541718784","21.34","United States"
"5548","Sensirion Holding","SENS.SW","1541340467","99.098","Switzerland"
"5549","Kinepolis Group","KIN.BR","1541334950","57.623","Belgium"
"5550","Omnicell","OMCL","1540825472","33.88","United States"
"5551","Mori Hills REIT Investment","3234.T","1540589183","816.754","Japan"
"5552","Diagnostyka S.A.","DIA.WA","1540573642","45.6378","Poland"
"5553","Icade","ICAD.PA","1538326749","20.2814","France"
"5554","Romande Energie","REHN.SW","1537633797","59.9283","Switzerland"
"5555","PFISTERER Holding SE","PFSE.DE","1537221951","84.9517","Germany"
"5556","Thai Union Group","TU.BK","1536875513","0.398661","Thailand"
"5557","Pigeon","7956.T","1535629760","12.8556","Japan"
"5558","DeNA","2432.T","1535228522","16.595","Japan"
"5559","CATRION Catering Holding Company","6004.SR","1535179799","18.7217","Saudi Arabia"
"5560","JBM Auto","JBMA.NS","1534962802","6.49049","India"
"5561","Agilon Health","AGL","1534212864","91.37","United States"
"5562","CIE Automotive India","CIEINDIA.NS","1534127254","4.04396","India"
"5563","Kumho Tire","073240.KS","1532849479","5.3361","South Korea"
"5564","Kelt Exploration","KEL.TO","1531653073","7.54509","Canada"
"5565","Nipro Corporation","8086.T","1530791379","9.38584","Japan"
"5566","Absci","ABSI","1529080832","8.91","United States"
"5567","Nihon Kohden Corporation","6849.T","1529021100","9.55803","Japan"
"5568","santec Holdings Corporation","6777.T","1528294741","129.953","Japan"
"5569","Raspberry Pi","RPI.L","1527589960","7.88761","United Kingdom"
"5570","Cardinal Energy","CJ.TO","1527501091","8.69136","Canada"
"5571","Eramet","ERA.PA","1527061290","53.2853","France"
"5572","Kontron AG","KTN.F","1526582723","24.8866","Austria"
"5573","MillerKnoll","MLKN","1526561280","22.21","United States"
"5574","i-80 Gold","IAUX","1523986944","1.76","United States"
"5575","Lyntris Inc.","LYNX","1523574912","13.14","United States"
"5576","Sparebanken Vest","SVEG.OL","1522353635","13.8817","Norway"
"5577","Cymbria","CYB.TO","1522235863","69.9175","Canada"
"5578","Bonesupport Holding AB","BONEX.ST","1521561142","23.2506","Sweden"
"5579","Kennedy Wilson","KW","1521191808","10.92","United States"
"5580","V-Guard Industries","VGUARD.NS","1520925248","3.48125","India"
"5581","Playtech","PTEC.L","1520733597","5.47326","Isle of Man"
"5582","Hokkaido Electric Power Company","9509.T","1520425520","7.40406","Japan"
"5583","Osaka Soda","4046.T","1519715449","12.6054","Japan"
"5584","Saudi Real Estate Company (Al Akaria)","4020.SR","1518974692","4.0506","Saudi Arabia"
"5585","Keystone Infra","KSTN.TA","1518843570","7.42706","Israel"
"5586","Arlo Technologies","ARLO","1518423680","14.11","United States"
"5587","Amprius Technologies","AMPX","1517777792","10.39","United States"
"5588","Safety Insurance","SAFT","1517521408","103.37","United States"
"5589","Macmahon Holdings","MAH.AX","1517266921","0.704073","Australia"
"5590","PROG Holdings","PRG","1516788608","38.08","United States"
"5591","Ardent Health","ARDT","1516243456","10.75","United States"
"5592","Mitra Keluarga","MIKA.JK","1515969420","0.10901","Indonesia"
"5593","Global Industrial Company","GIC","1515187584","39.76","United States"
"5594","Phibro Animal Health","PAHC","1514845952","37.31","United States"
"5595","Graphite India","GRAPHITE.NS","1513105832","7.7446","India"
"5596","Sally Beauty Holdings","SBH","1512936192","16.16","United States"
"5597","KSB ltd","KSB.NS","1512710091","8.69178","India"
"5598","secunet","YSN.F","1512233892","233.748","Germany"
"5599","Nordic American Tankers","NAT","1511899648","7.14","Bermuda"
"5600","Oki Electric Industry Co., Ltd.","6703.T","1511127534","17.4202","Japan"
"5601","Nishi-Nippon Railroad","9031.T","1508830503","19.9738","Japan"
"5602","Osotspa","OSP.BK","1508273692","0.50213","Thailand"
"5603","Tabcorp","TAH.AX","1506576037","0.657135","Australia"
"5604","PetroVietnam Power","POW.VN","1505930181","0.490875","Vietnam"
"5605","Nolato AB","NOLA-B.ST","1503969717","5.58306","Sweden"
"5606","Capri Holdings","CPRI","1503828992","13.1","United Kingdom"
"5607","Kestra Medical Technologies","KMTS","1502290944","25.635","United States"
"5608","Gens Aurea","OROX.MI","1501081562","14.8622","Italy"
"5609","Wolfspeed","WOLF","1500954240","28.88","United States"
"5610","Telia Lietuva","ZWS.F","1500403381","2.50029","Lithuania"
"5611","Schrödinger","SDGR","1498356864","20.03","United States"
"5612","Reit 1 Ltd","RIT1.TA","1497685374","7.40385","Israel"
"5613","Boost Run","BRUN","1495953536","18.82","United States"
"5614","Bradespar","BRAP3.SA","1495346013","3.80402","Brazil"
"5615","Nazara Technologies","NAZARA.NS","1494831782","3.88575","India"
"5616","Healthcare Services Group","HCSG","1494809344","21.78","United States"
"5617","Turning Point Brands","TPB","1493845248","74.51","United States"
"5618","ArriVent BioPharma","AVBP","1493038080","30.28","United States"
"5619","Vistance Networks","VISN","1492152832","6.47","United States"
"5620","Tessenderlo Group","TESB.BR","1492146272","25.2936","Belgium"
"5621","Tsugami Corporation","6101.T","1491855984","32.0659","Japan"
"5622","Lakeland Financial Corp","LKFN","1490973184","59.98","United States"
"5623","T1 Energy","TE","1490306944","5.06","United States"
"5624","Vedant Fashions","MANYAVAR.NS","1485290981","6.11288","India"
"5625","Vor Biopharma","VOR","1484973696","25.1","United States"
"5626","Sopharma","3JR.F","1483916850","2.75613","Bulgaria"
"5627","PowerX, Inc.","485A.T","1482512008","12.7679","Japan"
"5628","ProPetro","PUMP","1477571712","12.03","United States"
"5629","OCI Holdings Company","010060.KS","1476570681","164.934","South Korea"
"5630","Wizz Air","WIZZ.L","1475982994","14.2586","Jersey"
"5631","Mixi","2121.T","1474639593","22.5793","Japan"
"5632","American Superconductor Corporation","AMSC","1474578944","30.44","United States"
"5633","Nippon Shinyaku","4516.T","1474567840","21.8776","Japan"
"5634","JAPAN MATERIAL Co., Ltd.","6055.T","1474479694","14.3468","Japan"
"5635","Kaga Electronics","8154.T","1474035447","30.9288","Japan"
"5636","Minera Valparaíso","MINERA.SN","1473387123","11.7871","Chile"
"5637","Adient","ADNT","1472603392","18.78","Ireland"
"5638","Glory Ltd.","6457.T","1470896126","28.7781","Japan"
"5639","Hillman Solutions","HLMN","1468814720","7.55","United States"
"5640","Hokuriku Electric Power Company","9505.T","1468697462","7.03045","Japan"
"5641","Polestar","PSNY","1467021568","8.93","Sweden"
"5642","Ultragenyx Pharmaceutical","RARE","1467002368","14.88","United States"
"5643","Maze Therapeutics","MAZE","1464831616","26.37","United States"
"5644","Megmilk Snow Brand","2270.T","1464681358","24.4636","Japan"
"5645","4DMedical Limited","4DX.AX","1464308768","2.44079","Australia"
"5646","Kier Group","KIE.L","1460000934","3.37712","United Kingdom"
"5647","Kuwait Real Estate Company (AQARAT)","KRE.KW","1457193454","1133.35","Kuwait"
"5648","Nikkiso Co., Ltd.","6376.T","1456520550","22.2869","Japan"
"5649","Norwegian Air Shuttle","NAS.OL","1455626173","1.38286","Norway"
"5650","Bittium","BITTI.HE","1455120050","40.935","Finland"
"5651","Savaria Corporation","SIS.TO","1454473168","20.2339","Canada"
"5652","The Oita Bank","8392.T","1454288565","19.207","Japan"
"5653","Exzeo Group","XZO","1453085824","16.13","United States"
"5654","Kuwait International Bank","KIB.KW","1452849073","832.2","Kuwait"
"5655","H&amp;K AG (Heckler &amp; Koch)","MLHK.PA","1452487558","40.935","Germany"
"5656","Trisura Group","TSU.TO","1451483601","30.7423","Canada"
"5657","Wendy’s","WEN","1450762880","7.61","United States"
"5658","Ahlibank","ABOB.OM","1450484384","0.522078","Oman"
"5659","Vizsla Silver","VZLA","1448631936","4.08","Canada"
"5660","The Monogatari Corporation","3097.T","1447171677","37.6863","Japan"
"5661","Corbion","CRBN.AS","1446827663","25.0959","Netherlands"
"5662","Great Eagle","0041.HK","1446763882","1.92969","Hong Kong"
"5663","Burke & Herbert Financial Services","BHRB","1445391488","71.6","United States"
"5664","RPC, Inc.","RES","1445203712","6.52","United States"
"5665","Starts Corporation","8850.T","1444566666","30.4739","Japan"
"5666","Dorchester Minerals","DMLP","1444269184","29.42","United States"
"5667","Black Box","BBOX.NS","1444089389","8.13117","India"
"5668","Tokai Tokyo Financial Holdings","8616.T","1443058165","5.68544","Japan"
"5669","Ambiq Micro","AMBQ","1441881984","59.62","United States"
"5670","Amalgamated Financial","AMAL","1441785216","48.22","United States"
"5671","Kraken Robotics","PNG.V","1441744036","3.88179","Canada"
"5672","Elkem","ELK.OL","1441535001","3.97613","Norway"
"5673","Tomen Devices Corporation","2737.T","1440575792","211.823","Japan"
"5674","Derayah Financial Company","4084.SR","1439607468","5.88815","Saudi Arabia"
"5675","freee K.K.","4478.T","1439179391","24.2362","Japan"
"5676","Walker &amp; Dunlop","WD","1438935168","41.92","United States"
"5677","Wealthfront Corporation","WLTH","1438348544","9.63","United States"
"5678","Energizer Holdings","ENR","1438156416","21","United States"
"5679","POET Technologies","POET","1438112768","8.31","Canada"
"5680","KalVista Pharmaceuticals","KALV","1437504000","27","United States"
"5681","Qisda Corporation","2352.TW","1437280133","0.90938","Taiwan"
"5682","Immatics","IMTX","1437004672","9.44","Germany"
"5683","Okamura Corporation","7994.T","1433917204","15.146","Japan"
"5684","East India Distilleries Parry","EIDPARRY.NS","1433473608","8.05523","India"
"5685","Esquire Financial Holdings","ESQ","1431730048","118.28","United States"
"5686","Peoples Bancorp","PEBO","1431223040","39.82","United States"
"5687","Revolve Group","RVLV","1430949504","20.13","United States"
"5688","VIEL &amp; Cie","VIL.PA","1430370754","23.119","France"
"5689","NTN Corporation","6472.T","1429655183","2.40478","Japan"
"5690","Spin Master","TOY.TO","1429630923","14.2937","Canada"
"5691","Gallantt Ispat","GALLANTT.NS","1429367239","5.92408","India"
"5692","Cheil Worldwide Inc.","030000.KS","1429314019","14.1127","South Korea"
"5693","Infortar","INF1T.TL","1428637194","69.3104","Estonia"
"5694","EL.En. S.p.A. (Elen Group)","ELN.MI","1428081223","17.8044","Italy"
"5695","InnovAge","INNV","1427947008","10.52","United States"
"5696","Lendlease","LLC.AX","1426883926","2.06528","Australia"
"5697","Gamma Communications","GAMA.L","1426797369","16.0054","United Kingdom"
"5698","United Electronics Company (eXtra Saudi)","4003.SR","1424788784","18.4154","Saudi Arabia"
"5699","Dürr","DUE.F","1424441134","20.5838","Germany"
"5700","Atlanticus","ATLC","1423101184","93.81","United States"
"5701","Xior Student Housing","XIOR.BR","1422737048","30.4687","Belgium"
"5702","Beach Energy","BPT.AX","1421315029","0.623019","Australia"
"5703","Brim hf.","BRIM.IC","1420345985","0.737671","Iceland"
"5704","FuelCell Energy","FCEL","1419986432","17.76","United States"
"5705","Banpu Public Company","BANPU.BK","1419059548","0.465612","Thailand"
"5706","Harrow, Inc.","HROW","1418914944","37.85","United States"
"5707","Klöckner &amp; Co","KCO.DE","1417542769","14.211","Germany"
"5708","Tompkins Financial","TMP","1415565440","98.42","United States"
"5709","BinDawood","4161.SR","1415432888","1.23835","Saudi Arabia"
"5710","National Medical Care Company","4005.SR","1415084101","31.6644","Saudi Arabia"
"5711","Create SD Holdings","3148.T","1414599131","21.8971","Japan"
"5712","Cham Swiss Properties AG","CHAM.SW","1414080030","28.9139","Switzerland"
"5713","REX American Resources","REX","1413945728","42.62","United States"
"5714","MPC Container Ships","MPCC.OL","1413917077","2.89695","Norway"
"5715","CEAT","CEATLTD.NS","1413585836","34.9464","India"
"5716","United Fire Group","UFCS","1413285120","54.98","United States"
"5717","Stepan Company","SCL","1413223040","62.22","United States"
"5718","Palfinger","PFI.F","1412096927","37.5625","Austria"
"5719","Hays plc","HAS.L","1411602201","0.89912","United Kingdom"
"5720","Colowide","7616.T","1411520917","13.2779","Japan"
"5721","Machvision Inc.","3563.TW","1410975894","22.06","Taiwan"
"5722","Champion Iron","CIA.AX","1409419061","2.51661","Australia"
"5723","Action Construction Equipment","ACE.NS","1407624499","11.826","India"
"5724","Gibraltar Industries","ROCK","1407458176","47.45","United States"
"5725","Richelieu Hardware","RCH.TO","1407257562","25.5919","Canada"
"5726","Sylvamo","SLVM","1407115008","35.39","United States"
"5727","Solaris Resources","SLSR","1406743040","8.42","Canada"
"5728","Isras Investment Company","ISRS.TA","1406419592","287.434","Israel"
"5729","Almoosa Health Company","4018.SR","1406387873","31.7443","Saudi Arabia"
"5730","Alto Neuroscience","ANRO","1405259776","35.81","United States"
"5731","Bandwidth","BAND","1403725952","43.62","United States"
"5732","ChemoMetec","CHEMM.CO","1403620070","80.6563","Denmark"
"5733","PILLAR Corporation","6490.T","1402255188","61.3377","Japan"
"5734","Tamboran Resources","TBN","1401227776","40.2","Australia"
"5735","Dis-Chem Pharmacies","DCP.JO","1400967000","1.63643","South Africa"
"5736","BigBear.ai","BBAI","1400123904","2.92","United States"
"5737","Community Trust Bancorp","CTBI","1400022528","77.06","United States"
"5738","Serica Energy","SQZ.L","1399949868","3.57211","United Kingdom"
"5739","The Miyazaki Bank","8393.T","1398545574","16.6665","Japan"
"5740","Future Corporation","4722.T","1397247646","15.7568","Japan"
"5741","Nabors Industries","NBR","1395650816","91.87","Bermuda"
"5742","CONMED","CNMD","1395428608","46.59","United States"
"5743","InterRent Real Estate Investment Trust","IIP-UN.TO","1395049437","9.82313","Canada"
"5744","Hino Motors","7205.T","1394702921","2.42961","Japan"
"5745","Bilia AB","BILI-A.ST","1394686274","15.2047","Sweden"
"5746","Rai Way","RWAY.MI","1394199701","5.19246","Italy"
"5747","Fukuyama Transporting","9075.T","1393769471","39.5706","Japan"
"5748","National Bank of Pakistan","NBP.PK","1392953151","0.654733","Pakistan"
"5749","LOTTE Corporation","004990.KS","1392372773","18.1353","South Korea"
"5750","YONEX Co., Ltd.","7906.T","1391951393","16.2701","Japan"
"5751","Replimune","REPL","1391624064","14.77","United States"
"5752","Aktis Oncology","AKTS","1391599872","25.02","United States"
"5753","Olaplex","OLPX","1391282176","2.07","United States"
"5754","Fresh Del Monte Produce","FDP","1390188416","29.22","Cayman Islands"
"5755","CVR Partners","UAN","1390013056","131.51","United States"
"5756","TriMas","TRS","1389395072","38.73","United States"
"5757","WEBTOON Entertainment","WBTN","1388324224","10.23","United States"
"5758","Siam City Cement (INSEE)","SCCC.BK","1387522841","4.65612","Thailand"
"5759","Takuma Co., Ltd.","6013.T","1386285306","19.1875","Japan"
"5760","Edelweiss Financial Services","EDELWEISS.NS","1385733226","1.46401","India"
"5761","Vossloh AG","VOS.DE","1385178224","71.6944","Germany"
"5762","China Everbright Limited","0165.HK","1384206087","0.821364","Hong Kong"
"5763","Omeros Corporation","OMER","1384064768","19.12","United States"
"5764","Oman Arab Bank","OAB.OM","1383713610","0.690909","Oman"
"5765","Navigator Holdings","NVGS","1383595392","22.5","United Kingdom"
"5766","Newsmax","NMAX","1383310592","10.71","United States"
"5767","Tandem Diabetes Care","TNDM","1383224576","19.88","United States"
"5768","Al Yah Satellite Communications Company","YAHSAT.AE","1381741539","0.57","United Arab Emirates"
"5769","Forestar Group","FOR","1381557376","27.08","United States"
"5770","EXEDY Corporation","7278.T","1381037064","38.4011","Japan"
"5771","Pilot Corporation","7846.T","1381005340","13.1512","Japan"
"5772","Freightways","FRW.NZ","1380761833","7.7047","New Zealand"
"5773","Inox Wind","INOXWIND.NS","1380103861","0.798561","India"
"5774","Zug Estates Holding","ZUGN.SW","1380081503","2706.04","Switzerland"
"5775","Intercos","ICOS.MI","1379454768","14.7692","Italy"
"5776","Trustpilot Group","TRST.L","1378629332","3.58565","Denmark"
"5777","XPEL","XPEL","1376331648","49.92","United States"
"5778","Toenec Corporation","1946.T","1374937484","14.7107","Japan"
"5779","SHIFT Inc.","3697.T","1374835391","5.37875","Japan"
"5780","The Pennant Group","PNTG","1373061888","39.31","United States"
"5781","Barloworld","BAW.JO","1372922800","7.36393","South Africa"
"5782","TOMONY Holdings","8600.T","1372597870","7.14091","Japan"
"5783","Alpha Tau Medical","DRTS","1372375808","14.84","Israel"
"5784","Ricoh Leasing Company","8566.T","1369957408","44.4439","Japan"
"5785","Borr Drilling","BORR","1369796608","4.44","Bermuda"
"5786","Alumis","ALMS","1369424768","10.58","United States"
"5787","Varroc","VARROC.NS","1369034188","8.95969","India"
"5788","Jamieson Wellness","JWEL.TO","1368703284","32.988","Canada"
"5789","Adtran Networks","ADV.DE","1368102974","26.2821","Germany"
"5790","Digital Turbine","APPS","1367483648","11.3","United States"
"5791","PCBL Limited","PCBL.NS","1364552557","3.46806","India"
"5792","Koh Young Technology","098460.KQ","1362805691","20.5981","South Korea"
"5793","Aevis Victoria","AEVS.SW","1361468282","15.7544","Switzerland"
"5794","TS TECH","7313.T","1360282031","11.647","Japan"
"5795","Heiwa Corporation","6412.T","1359226826","13.7815","Japan"
"5796","NSD Co., Ltd.","9759.T","1358814836","17.966","Japan"
"5797","Okumura Corporation","1833.T","1357801787","37.8163","Japan"
"5798","Omada Health","OMDA","1357786496","22.18","United States"
"5799","Elementis","ELM.L","1356369464","2.39133","United Kingdom"
"5800","Morinaga &amp; Company","2201.T","1356366316","16.1531","Japan"
"5801","NHN Corp","181710.KS","1355830927","43.9575","South Korea"
"5802","Celulosa Argentina","CELU.BA","1355685370","0.134304","Argentina"
"5803","First Mid Bancshares","FMBH","1353239296","50.87","United States"
"5804","Domino's Pizza Enterprises (Australia)","DMP.AX","1351962792","14.2692","Australia"
"5805","SHIFT UP","462870.KS","1351132631","23.2848","South Korea"
"5806","ASRock Rack Incorporation","7711.TW","1350945993","18.8542","Taiwan"
"5807","Westamerica Bancorporation","WABC","1350846848","58.45","United States"
"5808","UMH Properties","UMH","1350735744","15.86","United States"
"5809","Azenta","AZTA","1350174592","30.82","United States"
"5810","Dar Global","DAR.L","1350162176","7.5","United Kingdom"
"5811","MONY Group plc","MONY.L","1349860010","2.63643","United Kingdom"
"5812","Norconsult","NORCO.OL","1349454820","4.31127","Norway"
"5813","Izumi Co., Ltd.","8273.T","1349443075","6.41967","Japan"
"5814","Ryerson","RYZ","1348845952","25.99","United States"
"5815","Atresmedia Corporación de Medios de Comunicación, S.A.","A3M.MC","1348609135","5.98907","Spain"
"5816","Hudson Pacific Properties","HPP","1348190336","12.16","United States"
"5817","Empire State Realty Trust","ESRT","1347921792","4.4","United States"
"5818","Ramsay Générale de Santé","GDS.PA","1347689958","12.2107","France"
"5819","Securitize Corp.","SECZ","1346941824","8.25","United States"
"5820","Ramkrishna Forgings","RKFORGE.NS","1344854792","7.39706","India"
"5821","National Vision Holdings","EYE","1344178304","17","United States"
"5822","Sano Bruno's Enterprises","SANO1.TA","1342772527","119.463","Israel"
"5823","JSW Holdings","JSWHL.NS","1342235820","120.939","India"
"5824","Orora Limited","ORA.AX","1340550567","1.09402","Australia"
"5825","Flowers Foods","FLO","1339797248","6.32","United States"
"5826","Noritsu Koki","7744.T","1339531575","12.8069","Japan"
"5827","MannKind Corp","MNKD","1337624960","4.16","United States"
"5828","Alexander's, Inc.","ALX","1335505152","261.49","United States"
"5829","Nippon Soda","4041.T","1333975672","24.886","Japan"
"5830","Karnataka Bank","KTKBANK.NS","1333296320","3.52555","India"
"5831","Cullinan Therapeutics","CGEM","1333025152","21.69","United States"
"5832","Qassim Cement Company","3040.SR","1332327723","12.1385","Saudi Arabia"
"5833","Spire Healthcare Group","SPI.L","1331709575","3.32431","United Kingdom"
"5834","Land and Houses","LH.BK","1330978472","0.111382","Thailand"
"5835","Alma Media","ALMA.HE","1330189579","16.1647","Finland"
"5836","Kerry Logistics Network","0636.HK","1330107508","0.735911","Hong Kong"
"5837","Willdan Group","WLDN","1328999936","87.25","United States"
"5838","HBT Financial","HBT","1328435712","36.53","United States"
"5839","Red Cat Holdings","RCAT","1327851392","8.695","United States"
"5840","Advantage Energy","AAV.TO","1326483285","7.92234","Canada"
"5841","NAPCO Security Technologies","NSSC","1326472448","37.085","United States"
"5842","Corsair Gaming","CRSR","1326249600","12.26","United States"
"5843","Austal Limited","ASB.AX","1325839717","3.14125","Australia"
"5844","Électricite de Strasbourg","ELEC.PA","1325656959","184.905","France"
"5845","Arçelik","ARCLK.IS","1324629126","1.9603","Turkey"
"5846","VA Tech Wabag","WABAG.NS","1323813065","21.1839","India"
"5847","Aichi Steel","5482.T","1323325039","20.5975","Japan"
"5848","The Greenbrier Companies","GBX","1322980864","42.76","United States"
"5849","Televisa","TV","1322920576","2.51","Mexico"
"5850","Boubyan Petrochemical Company","BPCC.KW","1322642691","2360.6","Kuwait"
"5851","Medartis Holding","MED.SW","1322620132","106.265","Switzerland"
"5852","Lightspeed Commerce","LSPD","1321441920","10.22","Canada"
"5853","Betsson AB","BETS-B.ST","1320921544","9.76253","Sweden"
"5854","Laurentian Bank of Canada","LB.TO","1320727287","29.4404","Canada"
"5855","China Lesso Group","2128.HK","1320436959","0.428538","China"
"5856","Seneca Foods","SENEA","1320239104","195","United States"
"5857","Bega Cheese","BGA.AX","1319559879","4.31831","Australia"
"5858","Frontier Airlines","ULCC","1319136384","5.73","United States"
"5859","Imdex Limited","IMD.AX","1318741208","2.53466","Australia"
"5860","Oppenheimer Holdings","OPY","1318476672","123.13","United States"
"5861","SJM Holdings","0880.HK","1317896751","0.185572","Hong Kong"
"5862","ISE Chemicals","4107.T","1317799156","25.8606","Japan"
"5863","Centuria Industrial REIT","CIP.AX","1316589665","2.10861","Australia"
"5864","LG Household &amp; Health Care","051905.KS","1315543062","78.5116","South Korea"
"5865","Redcare Pharmacy","RDC.DE","1315330623","65.182","Netherlands"
"5866","Gulf Insurance Group","GINS.KW","1314956453","4620.81","Kuwait"
"5867","Kato Sangyo","9869.T","1313954023","43.5342","Japan"
"5868","PM Capital Global Opportunities Fund","PGF.AX","1312721473","2.37579","Australia"
"5869","Develia","DVL.WA","1312230986","2.83214","Poland"
"5870","Dole PLC","DOLE","1312032896","13.89","Ireland"
"5871","Tsakos Energy Navigation","TEN","1311153280","43.52","Greece"
"5872","Pursuit Attractions and Hospitality","PRSU","1310427904","47.74","United States"
"5873","Vitrolife AB","VITR.ST","1310292207","9.67382","Sweden"
"5874","ORIC Pharmaceuticals","ORIC","1308096512","12.62","United States"
"5875","PureCycle Technologies","PCT","1307890432","6.51","United States"
"5876","Muninova Holdings","547A.T","1307185890","2.72901","Japan"
"5877","AMN Healthcare Services","AMN","1306362624","33.73","United States"
"5878","Norion Bank","NORION.ST","1306143444","7.41973","Sweden"
"5879","Nutex Health","NUTX","1305634560","190.66","United States"
"5880","Liquidity Services","LQDT","1304961920","41.65","United States"
"5881","Harmonic Inc.","HLIT","1304434688","11.96","United States"
"5882","I.D.I. Insurance Company","IDIN.TA","1304245461","88.1963","Israel"
"5883","Yodogawa Steel Works","5451.T","1300305444","9.07721","Japan"
"5884","SM Entertainment","041510.KQ","1300201463","56.7905","South Korea"
"5885","Orchid Island Capital","ORC","1300199808","6.54","United States"
"5886","Top Glove","BVA.SI","1299716015","0.162098","Malaysia"
"5887","MeiraGTx","MGTX","1299461632","13.53","United States"
"5888","BJ's Restaurants","BJRI","1299401600","61.08","United States"
"5889","Old Second Bancorp","OSBC","1298857088","25.53","United States"
"5890","Unusual Machines","UMAC","1297869952","25.98","United States"
"5891","Saudi Research and Media Group","4210.SR","1297470000","16.2184","Saudi Arabia"
"5892","Zigup","ZIG.L","1297260503","5.78199","United Kingdom"
"5893","Odyssey Therapeutics","ODTX","1296138496","26.97","United States"
"5894","ARCS Company Limited","9948.T","1294775410","24.3012","Japan"
"5895","Rusta AB","RUSTA.ST","1293676314","8.45807","Sweden"
"5896","South Indian Bank","SOUTHBANK.NS","1293516110","0.49384","India"
"5897","Bristow Group","VTOL","1292984064","43.62","United States"
"5898","Creades AB","CRED-A.ST","1292798346","9.52251","Sweden"
"5899","Oil-Dri Corporation Of America","ODC","1291490176","89.14","United States"
"5900","ProAssurance","PRA","1290193152","25","United States"
"5901","Wacoal Holdings","3591.T","1290037312","26.0945","Japan"
"5902","Redox Limited","RDX.AX","1289194817","2.45523","Australia"
"5903","Herbalife","HLF","1288610816","12.43","United States"
"5904","Sprinklr","CXM","1288551040","5.55","United States"
"5905","Birchcliff Energy","BIR.TO","1288262508","4.69392","Canada"
"5906","DFDS A/S","DFDS.CO","1288120587","23.8469","Denmark"
"5907","Seaport Therapeutics","SPTX","1287945088","24.06","United States"
"5908","Retal Urban Development Company","4322.SR","1286469296","2.5779","Saudi Arabia"
"5909","naturenergie holding","NEAG.SW","1285725987","38.9225","Switzerland"
"5910","u-blox","UBXN.SW","1284949029","166.427","Switzerland"
"5911","BMV (Bolsa Mexicana de Valores)","BOLSAA.MX","1284243406","2.32825","Mexico"
"5912","SAN-A CO.,LTD.","2659.T","1284183116","21.6047","Japan"
"5913","Frey SA","FREY.PA","1283468909","40.7024","France"
"5914","Electrica","ECEA.F","1283343722","15.118","Romania"
"5915","Trident","TRIDENT.NS","1282388027","0.251667","India"
"5916","Aker BioMarine","AKBM.OL","1280645241","14.5987","Norway"
"5917","Two Harbors Investment","TWO","1280541440","12.18","United States"
"5918","Fiskars","FSKRS.HE","1280315128","15.8623","Finland"
"5919","IRSA Inversiones y Representaciones","IRS","1278298368","15.11","Argentina"
"5920","Sun Art Retail Group Limited","6808.HK","1277645110","0.133918","China"
"5921","Edgewell Personal Care","EPC","1277123840","27.71","United States"
"5922","Develop Global Limited","DVP.AX","1276048751","3.86698","Australia"
"5923","Japan Securities Finance","8511.T","1275749670","15.7958","Japan"
"5924","PVR INOX","PVRINOX.NS","1275352487","12.9873","India"
"5925","Japan Display","6740.T","1274962950","0.298892","Japan"
"5926","SBS Holdings","2384.T","1274861922","32.0983","Japan"
"5927","Gasco (National Gas and Industrialization Company)","2080.SR","1274300876","16.9907","Saudi Arabia"
"5928","Ategrity Specialty Insurance Company","ASIC","1271501440","26.53","United States"
"5929","MoonLake Immunotherapeutics","MLTX","1271493888","14.94","Switzerland"
"5930","Cadre Holdings, Inc.","CDRE","1270062976","29.66","United States"
"5931","Ameresco","AMRC","1269874432","23.93","United States"
"5932","Sipef","SIP.BR","1268794682","121.409","Belgium"
"5933","La-Z-Boy","LZB","1268471296","31.67","United States"
"5934","EverCommerce","EVCM","1268456448","7.18","United States"
"5935","Everforth","EFOR","1267720064","30.92","United States"
"5936","Société de la Tour Eiffel","EIFF.PA","1267100569","9.53599","France"
"5937","Sun Corp","6736.T","1265935046","58.8037","Japan"
"5938","Integra LifeSciences","IART","1264580992","16.26","United States"
"5939","Spinneys","SPINNEYS.AE","1264499184","0.35125","United Arab Emirates"
"5940","Afya","AFYA","1264353664","14.29","Brazil"
"5941","Takara Standard","7981.T","1261298615","19.9478","Japan"
"5942","Unipar Carbocloro","UNIP6.SA","1258896686","11.2724","Brazil"
"5943","GenusPlus Group Limited","GNP.AX","1258255290","6.18862","Australia"
"5944","GemLife Communities Group","GLF.AX","1257742015","3.30734","Australia"
"5945","Pakistan Tobacco Company","PAKT.PK","1257561687","4.92208","Pakistan"
"5946","Aegean Airlines","AEGN.AT","1257498857","14.0133","Greece"
"5947","Kanadevia Corporation","7004.T","1257216508","7.47229","Japan"
"5948","Leggett &amp; Platt","LEG","1256618752","9.2","United States"
"5949","Abacus Storage King","ASK.AX","1254637887","0.954749","Australia"
"5950","Ingenia Communities Group","INA.AX","1253830749","3.07626","Australia"
"5951","Tennant Company","TNC","1252441856","73.46","United States"
"5952","Lindsay Corporation","LNN","1252196480","123.14","United States"
"5953","M.P. Evans Group PLC","MPE.L","1251718415","24.1029","United Kingdom"
"5954","Noritake","5331.T","1251120547","22.7417","Japan"
"5955","AS LHV Group","LHV1T.TL","1250140978","3.83766","Estonia"
"5956","Yamama Saudi Cement Company","3020.SR","1250053211","6.1731","Saudi Arabia"
"5957","Shoals Technologies","SHLS","1248785664","7.42","United States"
"5958","Blue Dart Express","BLUEDART.NS","1248164254","52.6032","India"
"5959","Umios (Maruha Nichiro Corporation)","1333.T","1247565297","8.25201","Japan"
"5960","Italmobiliare","ITM.MI","1246314524","29.6546","Italy"
"5961","Ceres Power","CWR.L","1244909976","5.82261","United Kingdom"
"5962","Vesuvius plc","VSVS.L","1244710624","5.05572","United Kingdom"
"5963","Jefferson Capital","JCAP","1244411392","21.67","United States"
"5964","Sinarmas Land","A26.SI","1242348621","0.291963","Singapore"
"5965","BCI Minerals Limited","BCI.AX","1240961979","0.422444","Australia"
"5966","Ladder Capital","LADR","1240742656","9.78","United States"
"5967","Jasa Marga","JSMR.JK","1240344732","0.170896","Indonesia"
"5968","Avino Silver &amp; Gold Mines","ASM","1239943424","7.3","Canada"
"5969","Isracard","ISCD.TA","1239686862","3.80637","Israel"
"5970","F.C.C. Co., Ltd.","7296.T","1239337739","26.1205","Japan"
"5971","Asiana Airlines","020560.KS","1238543731","6.01524","South Korea"
"5972","LGI Homes","LGIH","1237040512","53.21","United States"
"5973","Jade Biosciences","JBIO","1236969216","19.45","United States"
"5974","GELEX Group Joint Stock Company","GEX.VN","1236735604","0.945176","Vietnam"
"5975","ARYZTA AG","ARYN.SW","1234637412","49.7343","Switzerland"
"5976","Jastrzebska Spólka Weglowa","JSW.WA","1231928001","10.4924","Poland"
"5977","H.U. Group Holdings","4544.T","1230255862","22.5338","Japan"
"5978","Lahav LR Real Estate","LAHAV.TA","1230158501","3.97215","Israel"
"5979","Saga","SAGA.L","1228485505","8.44956","United Kingdom"
"5980","Toagosei","4045.T","1228079235","11.6178","Japan"
"5981","Leon's Furniture","LNF.TO","1227507405","17.8543","Canada"
"5982","Nestle Pakistan","NESTLE.PK","1227273440","27.0625","Pakistan"
"5983","York Space Systems","YSS","1226603392","8.93","United States"
"5984","Chiyoda Corporation","6366.T","1226011194","4.73028","Japan"
"5985","New Wave Group","NEWA-B.ST","1225435327","9.23553","Sweden"
"5986","J.S.B.Co.","3480.T","1225317305","58.0889","Japan"
"5987","Artivion","AORT","1225243776","25.13","United States"
"5988","Bank of Sharjah","BOS.AE","1225189917","0.41","United Arab Emirates"
"5989","Janux Therapeutics","JANX","1225180928","20.04","United States"
"5990","Donnelley Financial Solutions","DFIN","1224843776","49.82","United States"
"5991","Bangkok Airways","BA.BK","1224632303","0.590383","Thailand"
"5992","Bajaj Mobility AG","BMAG.VI","1224284353","36.2251","Austria"
"5993","MATSUDA SANGYO","7456.T","1224074415","47.3678","Japan"
"5994","Toho Titanium","5727.T","1223631380","17.1892","Japan"
"5995","Alerion Clean Power","ARN.MI","1222073491","22.7468","Italy"
"5996","Universal Insurance Holdings","UVE","1221752704","43.9","United States"
"5997","Bytes Technology","BYIT.L","1218933515","5.29452","United Kingdom"
"5998","Caisse régionale de Crédit Agricole Mutuel Atlantique Vendée","CRAV.PA","1218796608","165.135","France"
"5999","FirstGroup","FGP.L","1218620405","2.33717","United Kingdom"
"6000","Pets at Home","PETS.L","1218341006","2.80569","United Kingdom"
"6001","TF Bank AB","TFBANK.ST","1217506421","18.8323","Sweden"
"6002","Monte Rosa Therapeutics","GLUE","1217422208","14.27","United States"
"6003","Clarivate","CLVT","1215361536","1.9","United Kingdom"
"6004","PROCEPT BioRobotics","PRCT","1215217280","21.35","United States"
"6005","Aamal Company","AHCS.QA","1215000018","0.192857","Qatar"
"6006","Preferred Bank","PFBC","1214470272","102.46","United States"
"6007","OCB (Orient Commercial Joint Stock Bank)","OCB.VN","1214439618","0.39655","Vietnam"
"6008","Willis Lease Finance Corporation","WLFC","1214306304","57.43","United States"
"6009","Danya Cebus","DNYA.TA","1214122512","36.9032","Israel"
"6010","Voltamp Transformers","VOLTAMP.NS","1212778146","119.874","India"
"6011","Clear Channel Outdoor","CCO","1211643392","2.38","United States"
"6012","STAAR Surgical","STAA","1211478656","24.16","United States"
"6013","McEwen Mining","MUX","1210931584","20.27","Canada"
"6014","Columbia Financial","CLBK","1210197248","11.63","United States"
"6015","NTT UD REIT Investment Corporation","8956.T","1209680209","823.901","Japan"
"6016","Cibus Nordic Real Estate","CIBUS.ST","1209546301","14.7351","Sweden"
"6017","Labrador Iron Ore Royalty Corp.","LIF.TO","1209071571","18.8917","Canada"
"6018","Chow Sang Sang Holdings","0116.HK","1208814635","1.7996","Hong Kong"
"6019","Ryman Healthcare","RYM.NZ","1207662633","1.18894","New Zealand"
"6020","Valor Holdings","9956.T","1207465044","20.7925","Japan"
"6021","Makhazen","MKHZN.KW","1207243951","482.482","Kuwait"
"6022","Gentherm","THRM","1205486464","39.26","United States"
"6023","Caisse Régionale de Crédit Agricole Mutuel Sud Rhône Alpes","CRSU.PA","1204650367","265.205","France"
"6024","Fever-Tree Drinks","FEVR.L","1202635831","10.8599","United Kingdom"
"6025","The National Agricultural Development Company","6010.SR","1202543431","3.98668","Saudi Arabia"
"6026","Dream Finders Homes","DFH","1202306432","13.28","United States"
"6027","National Healthcare Properties","NHP","1202201472","16.49","United States"
"6028","Afry AB","AFRY.ST","1201944224","10.613","Sweden"
"6029","NexPoint Residential Trust","NXRT","1201852544","23.29","United States"
"6030","Bonheur ASA","BONHR.OL","1201683546","28.2537","Norway"
"6031","Ominvest","OMVS.OM","1201599544","1.07013","Oman"
"6032","Eximbank (Vietnam Export Import Commercial Joint Stock Bank)","EIB.VN","1201223135","0.644876","Vietnam"
"6033","Saudi Ground Services Company","4031.SR","1201097150","6.38881","Saudi Arabia"
"6034","GoodRx","GDRX","1200831744","3.52","United States"
"6035","Bitfarms","BITF","1199686528","1.98","Canada"
"6036","Myers Industries","MYE","1199264128","31.88","United States"
"6037","Newag","NWG.WA","1199207065","26.649","Poland"
"6038","Red Violet","RDVT","1199030016","74.72","United States"
"6039","Nippon Light Metal Holdings Company","5703.T","1198990932","19.4669","Japan"
"6040","Arhaus","ARHS","1198844416","8.47","United States"
"6041","Apnimed, Inc.","APMD","1198331520","28.79","United States"
"6042","Canfor","CFP.TO","1197791779","10.2078","Canada"
"6043","Lampsa Hellenic Hotels","LAMPS.AT","1197516961","56.053","Greece"
"6044","CVS Group","CVSG.L","1197356719","17.6439","United Kingdom"
"6045","Lassonde Industries","LAS-A.TO","1196423865","175.387","Canada"
"6046","Kanamoto","9678.T","1196234857","35.1522","Japan"
"6047","JOST Werke SE","JST.DE","1195084306","72.9155","Germany"
"6048","Celesc (Centrais Elétricas de Santa Catarina)","CLSC4.SA","1194679309","30.973","Brazil"
"6049","Jazeera Airways","JAZEERA.KW","1194366547","5446.54","Kuwait"
"6050","ACV Auctions","ACVA","1193750144","7.03","United States"
"6051","Sanyo Denki","6516.T","1193049866","33.5928","Japan"
"6052","Cyient","CYIENT.NS","1192785649","11.4579","India"
"6053","Easterly Government Properties","DEA","1192311296","24.33","United States"
"6054","Banco do Estado do Rio Grande do Sul S.A.","BRSR6.SA","1192148363","2.91497","Brazil"
"6055","Sawai Group Holdings","4887.T","1191985399","10.3215","Japan"
"6056","Country Garden","2007.HK","1191918404","0.0255082","China"
"6057","Piedmont Realty Trust","PDM","1190013184","9.51","United States"
"6058","The RealReal","REAL","1189943424","9.78","United States"
"6059","Universal Technical Institute","UTI","1189506048","21.59","United States"
"6060","Abdullah Al-Othaim Markets Company","4001.SR","1188814877","1.32091","Saudi Arabia"
"6061","Hongkong and Shanghai Hotels","0045.HK","1187388216","0.712316","Hong Kong"
"6062","Indus Holding","INH.F","1186784029","44.3656","Germany"
"6063","OPKO Health","OPK","1186661888","1.59","United States"
"6064","Marcus &amp; Millichap","MMI","1186498560","31.33","United States"
"6065","Shikoku Kasei Holdings Corp","4099.T","1185895718","13.71","Japan"
"6066","Carter's","CRI","1185036928","32.28","United States"
"6067","Loma Negra","LOMA","1184470784","10.15","Argentina"
"6068","Data#3 Limited","DTL.AX","1183689187","7.63287","Australia"
"6069","DroneShield","DRO.AX","1182581573","1.27816","Australia"
"6070","Heritage Financial","HFWA","1182459648","28.9","United States"
"6071","Fnac Darty","FNAC.PA","1181759519","40.2372","France"
"6072","Yurtec Corporation","1934.T","1180915749","17.1928","Japan"
"6073","Fortune REIT","0778.HK","1180891815","0.571383","Hong Kong"
"6074","Sakata Seed","1377.T","1180729343","27.9399","Japan"
"6075","Certara","CERT","1180650112","7.74","United States"
"6076","Cracker Barrel","CBRL","1179262976","52.76","United States"
"6077","Radware","RDWR","1177888768","27.99","Israel"
"6078","Musashi Seimitsu Industry","7220.T","1177080091","17.9595","Japan"
"6079","Kri-Kri Milk Industry","KRI.AT","1176941694","35.7018","Greece"
"6080","Komeri Co.,Ltd.","8218.T","1176214273","25.0484","Japan"
"6081","Caisse Régionale de Crédit Agricole Mutuel Alpes Provence","CRAP.PA","1176203897","158.158","France"
"6082","Vistry Group","VTY.L","1175754704","3.7021","United Kingdom"
"6083","2G Energy AG","2GB.DE","1175623885","65.5309","Germany"
"6084","U.S. Physical Therapy, Inc.","USPH","1174565504","78.71","United States"
"6085","Mercialys","MERY.PA","1174290074","12.5596","France"
"6086","EPIC Suisse","EPIC.SW","1174089284","104.782","Switzerland"
"6087","Sigma Lithium","SGML","1174087552","10.43","Canada"
"6088","TeamViewer","TMV.DE","1173732242","7.47761","Germany"
"6089","Cronos Group","CRON","1173394944","3.185","Canada"
"6090","Bank Islam Malaysia","5258.KL","1173180499","0.517624","Malaysia"
"6091","ScanSource","SCSC","1172521984","57.69","United States"
"6092","United Real Estate Company","URC.KW","1171886138","832.2","Kuwait"
"6093","Corvus Pharmaceuticals","CRVS","1171804800","13.93","United States"
"6094","Monex Group","8698.T","1171055349","4.65881","Japan"
"6095","NCR Voyix Corporation","VYX","1170832768","8.48","United States"
"6096","Avanos Medical","AVNS","1170726912","24.99","United States"
"6097","GasLog Partners LP","GLOP-PA","1170184832","25.5","Greece"
"6098","Kuwait Projects Company Holding","KPROJ.KW","1170016000","249.66","Kuwait"
"6099","Nitta Corporation","5186.T","1169325949","42.6245","Japan"
"6100","Altareit","AREIT.PA","1169139038","668.682","France"
"6101","Oakley Capital Investments","OCI.L","1168882482","7.12255","Bermuda"
"6102","Genco Shipping &amp; Trading","GNK","1168556800","26.81","United States"
"6103","Teekay","TK","1168049024","13.32","Canada"
"6104","Ali Al-Ghanim Sons Automotive Company","ALG.KW","1167643201","2975.84","Kuwait"
"6105","Allied Properties REIT","AP-UN.TO","1167449792","5.96352","Canada"
"6106","Iino Kaiun Kaisha","9119.T","1167321783","11.033","Japan"
"6107","thyssenkrupp nucera","NCH2.DE","1167080678","9.23945","Germany"
"6108","Marten Transport","MRTN","1166945280","14.29","United States"
"6109","G-III Apparel Group","GIII","1165303680","27.62","United States"
"6110","Grocery Outlet","GO","1164242816","11.75","United States"
"6111","Precision Drilling Corporation","PDS","1163935360","90.56","Canada"
"6112","edenor","EDN","1163664512","24.46","Argentina"
"6113","Altus Group","AIF.TO","1162403822","33.9674","Canada"
"6114","Polenergia","PEP.WA","1162204605","15.0508","Poland"
"6115","Univest Financial Corporation","UVSP","1160874496","42.09","United States"
"6116","Compagnie des Alpes","CDA.PA","1160747662","22.8399","France"
"6117","MLP SE","MLP.DE","1159616963","10.6175","Germany"
"6118","Fatima Fertilizer","FATIMA.PK","1159551064","0.552167","Pakistan"
"6119","Suburban Propane Partners","SPH","1158794240","17.37","United States"
"6120","Srisawad Corporation","SAWAD.BK","1157897421","0.696896","Thailand"
"6121","BKS Bank","BKS.VI","1157572236","25.3223","Austria"
"6122","Fuji Co., Ltd.","8278.T","1157522596","13.3592","Japan"
"6123","Mezzan Holding Company","MEZZAN.KW","1157505205","3723.85","Kuwait"
"6124","Saudi Cement Company","3030.SR","1157177096","7.56325","Saudi Arabia"
"6125","Obsidian Therapeutics","OBX","1157005952","18.73","United States"
"6126","Cosmo Pharmaceuticals","C43.F","1155495479","67.2171","Ireland"
"6127","XPLR Infrastructure","XIFR","1155175040","12.25","United States"
"6128","Strides Pharma","STAR.NS","1154395024","12.5243","India"
"6129","ARB Corporation Limited","ARB.AX","1153890550","13.7926","Australia"
"6130","Babcock &amp; Wilcox","BW","1152989568","7.74","United States"
"6131","MarineMax","HZO","1152264960","52.17","United States"
"6132","Enovis","ENOV","1152236544","19.98","United States"
"6133","Retail Estates NV","RET.BR","1151573237","76.6368","Belgium"
"6134","Siam Global House","GLOBAL.BK","1150744877","0.205417","Thailand"
"6135","MilDef Group","MILDEF.ST","1149535840","24.4089","Sweden"
"6136","Mahanagar Gas","MGL.NS","1149392882","11.6361","India"
"6137","StorageVault Canada","SVI.TO","1148960284","3.14137","Canada"
"6138","NPK International","NPKI","1146283648","13.5","United States"
"6139","Amerant Bancorp","AMTB","1144735616","29.21","United States"
"6140","Cricut","CRCT","1143947520","5.45","United States"
"6141","Tadano","6395.T","1143457556","9.02522","Japan"
"6142","Five Star Bancorp","FSBC","1142915584","46.58","United States"
"6143","Biglari","BH","1141890048","358.58","United States"
"6144","J D Wetherspoon","JDW.L","1141835051","10.8328","United Kingdom"
"6145","ASA Gold and Precious Metals","ASA","1140876160","62.15","United States"
"6146","Light S.A.","LIGT3.SA","1140508174","0.70809","Brazil"
"6147","Tuya Inc.","TUYA","1140385792","1.86","China"
"6148","Trupanion","TRUP","1139366784","26.12","United States"
"6149","Invisio AB","IVSO.ST","1139131615","24.6674","Sweden"
"6150","KEC International","KEC.NS","1139116332","4.27917","India"
"6151","BellRing Brands","BRBR","1138363520","9.79","United States"
"6152","Universal Corporation","UVV","1137646976","45.69","United States"
"6153","Gerresheimer","GXI.F","1137542508","32.9341","Germany"
"6154","Yelp","YELP","1137365376","20.96","United States"
"6155","Teladoc Health","TDOC","1137341952","6.26","United States"
"6156","United Super Markets Holdings","3222.T","1137090554","5.49051","Japan"
"6157","Terveystalo","TTALO.HE","1136993830","8.96616","Finland"
"6158","Mission Produce","AVO","1136675968","12.87","United States"
"6159","Rhön-Klinikum","RHK.DE","1136529479","16.9787","Germany"
"6160","Summerset Holdings","SUM.NZ","1136413021","4.65035","New Zealand"
"6161","Savara","SVRA","1136193920","5.53","United States"
"6162","Deep Yellow","DYL.AX","1136147279","1.16623","Australia"
"6163","Is Yatirim Menkul Degerler Anonim Sirketi","ISMEN.IS","1135941570","0.757294","Turkey"
"6164","ZoomInfo","GTM","1135329152","3.9","United States"
"6165","Great Lakes Dredge &amp; Dock Corp.","GLDD","1135273600","17","United States"
"6166","Metropolitan Bank Holding","MCB","1133900800","91.46","United States"
"6167","Ferretti","F3T1.F","1133655172","3.34923","Italy"
"6168","Elco Ltd.","ELCO.TA","1133631309","43.3687","Israel"
"6169","Sumitomo Osaka Cement","5232.T","1132757527","35.7435","Japan"
"6170","Aeva Technologies","AEVA","1132718592","16.25","United States"
"6171","WIN Semiconductors","3105.TWO","1132653174","14.0136","Taiwan"
"6172","Gulf Cable and Electrical Industries Company - KPSC","CABLE.KW","1132218760","5459.49","Kuwait"
"6173","Asseco South Eastern Europe","ASE.WA","1130981090","21.794","Poland"
"6174","Chugoku Marine Paints","4617.T","1130861734","22.7742","Japan"
"6175","Saul Centers","BFS","1130429056","32.55","United States"
"6176","Shin-Etsu Polymer","7970.T","1129576261","14.0544","Japan"
"6177","AS ONE Corporation","7476.T","1128736526","15.838","Japan"
"6178","Growthpoint Properties Australia","GOZ.AX","1127989682","1.4948","Australia"
"6179","Nagarro","NA9.DE","1127656558","91.1152","Germany"
"6180","Saudi Reinsurance Company","8200.SR","1125499500","6.72703","Saudi Arabia"
"6181","Oaktree Specialty Lending Corporation","OCSL","1124852096","12.77","United States"
"6182","Vincorion SE","V1NC.DE","1124549369","22.491","Germany"
"6183","Norbit ASA","NORBT.OL","1124177104","17.5704","Norway"
"6184","Prosegur Cash","CASH.MC","1123083227","0.767531","Spain"
"6185","Prospect Capital","PSEC","1122914944","2.19","United States"
"6186","Ichibanya Co., Ltd.","7630.T","1122096886","7.03045","Japan"
"6187","Winmark","WINA","1121690752","312.26","United States"
"6188","Commercial Real Estate Company (Kuwait)","ALTIJARIA.KW","1121471685","602.293","Kuwait"
"6189","engcon AB","ENGCON-B.ST","1121229589","7.36755","Sweden"
"6190","Marcopolo","POMO4.SA","1120748927","0.902815","Brazil"
"6191","Nichicon Corporation","6996.T","1119296206","16.6665","Japan"
"6192","Altri","ALTR.LS","1118813335","5.45412","Portugal"
"6193","Fuji Seal International","7864.T","1117815065","20.9549","Japan"
"6194","Arteris","AIP","1116735744","22.72","United States"
"6195","Daiseki","9793.T","1115297135","23.5864","Japan"
"6196","Towa Pharmaceutical","4553.T","1114729718","22.6443","Japan"
"6197","Leejam Sports Company","1830.SR","1114247636","21.3049","Saudi Arabia"
"6198","Y.D. More Investments","MRIN.TA","1113848603","15.252","Israel"
"6199","Kura Oncology","KURA","1113787008","12.52","United States"
"6200","Mainstreet Equity","MEQ.TO","1113301216","119.844","Canada"
"6201","Mersen","MRN.PA","1113049390","45.796","France"
"6202","DigiCo Infrastructure REIT","DGT.AX","1112233888","1.98946","Australia"
"6203","International General Insurance Holdings Ltd.","IGIC","1112202880","26.19","Jordan"
"6204","AMAG Austria Metall","AM8.F","1111355277","31.5153","Austria"
"6205","Northeast Bank","NBN","1111341184","129.9","United States"
"6206","Kurabo Industries","3106.T","1111074717","70.4994","Japan"
"6207","GrainCorp","GNC.AX","1110976071","4.99711","Australia"
"6208","Hagar hf.","HAGA.IC","1109609815","1.01948","Iceland"
"6209","Lumexa Imaging","LMRI","1108705280","11.54","United States"
"6210","Bowhead Specialty Holdings","BOW","1108202624","33.64","United States"
"6211","Ecovyst","ECVT","1107820160","10.12","United States"
"6212","ARIAKE JAPAN","2815.T","1107120571","34.7624","Japan"
"6213","Heineken Malaysia","3255.KL","1106525977","3.6628","Malaysia"
"6214","Green Plains","GPRE","1106104320","15.78","United States"
"6215","ASTA Energy Solutions AG","1AST.F","1106001724","77.6835","Austria"
"6216","Tejas Networks","TEJASNET.NS","1105983351","6.22363","India"
"6217","Totech Corporation","9960.T","1105741097","26.9652","Japan"
"6218","Plejd AB","PLEJD.ST","1105630370","97.5731","Sweden"
"6219","New Pacific Metals","NEWP","1104271744","5.95","Canada"
"6220","Superior Plus","SPB.TO","1103842227","5.14372","Canada"
"6221","IndiaMART","INDIAMART.NS","1103503556","18.3493","India"
"6222","Inventiva Pharma","IVA","1103150464","4.67","France"
"6223","HSC (Ho Chi Minh City Securities Corporation)","HCM.VN","1101826818","1.02025","Vietnam"
"6224","Chesnara plc","CSN.L","1101112938","4.75965","United Kingdom"
"6225","Supply Network Limited","SNL.AX","1099863974","25.0722","Australia"
"6226","Middlesex Water Company","MSEX","1099073152","58.325","United States"
"6227","Abu Dhabi National Insurance Company","ADNIC.AE","1098750318","1.93","United Arab Emirates"
"6228","KITZ Corporation","6498.T","1097895722","12.6184","Japan"
"6229","Vitec Software Group","VIT-B.ST","1097845133","27.7379","Sweden"
"6230","Service Stream Limited","SSM.AX","1097647174","1.79087","Australia"
"6231","Plazza AG","PLAN.SW","1097281614","530.088","Switzerland"
"6232","Arendals Fossekompani","AFK.OL","1097260429","19.9566","Norway"
"6233","Auto Partner","APR.WA","1095935239","8.39026","Poland"
"6234","MBB SE","MBB.DE","1095866369","210.722","Germany"
"6235","United Arab Bank","UAB.AE","1095100020","0.35","United Arab Emirates"
"6236","Finnair","FIA1S.HE","1094883706","5.34481","Finland"
"6237","REE (Refrigeration Electrical Engineering Corporation)","REE.VN","1094775514","1.75753","Vietnam"
"6238","Indian Energy Exchange","IEX.NS","1093146758","1.22922","India"
"6239","BKI Investment Company","BKI.AX","1092848561","1.35399","Australia"
"6240","Inwido AB","INWI.ST","1091383153","18.8259","Sweden"
"6241","CJ Logistics Corporation","000120.KS","1091085218","54.7043","South Korea"
"6242","Versamet Royalties Corporation","VMET","1090471680","10.02","Canada"
"6243","JACCS Co., Ltd.","8584.T","1089614510","24.3337","Japan"
"6244","Waypoint REIT","WPR.AX","1089399826","1.66811","Australia"
"6245","Lithium Americas","LAC","1089128832","3","Canada"
"6246","Bombay Burmah","BBTC.NS","1087334299","15.5841","India"
"6247","Afcons Infrastructure","AFCONS.NS","1087161918","2.95597","India"
"6248","Capitol Federal Financial","CFFN","1085651200","8.8","United States"
"6249","Pacific Industrial","7250.T","1085177169","18.816","Japan"
"6250","AGI Inc (Agibank)","AGBK","1083686912","6.78","Brazil"
"6251","Phoenix Power Company","PHPC.OM","1082705004","0.74026","Oman"
"6252","Compass Minerals","CMP","1082686720","25.79","United States"
"6253","Aavas Financiers","AAVAS.NS","1081841369","13.6434","India"
"6254","Afcon Holdings","AFHL.TA","1081785028","178.349","Israel"
"6255","Life Healthcare Group","LHC.JO","1080548600","0.755085","South Africa"
"6256","Attovia Therapeutics","ATTO","1080108928","23.66","United States"
"6257","Specialized Medical Company","4019.SR","1079893391","4.31957","Saudi Arabia"
"6258","The Foschini Group","TFG.JO","1079626800","3.42414","South Africa"
"6259","RITES","RITES.NS","1079594462","2.24633","India"
"6260","IRadimed","IRMD","1079222016","84.4","United States"
"6261","Frequentis","FQT.VI","1079098577","81.2885","Austria"
"6262","Fujita Kanko","9722.T","1078797591","17.9985","Japan"
"6263","Mitsui High-tec","6966.T","1078195574","5.89986","Japan"
"6264","Zensar","ZENSARTECH.NS","1077804558","4.75224","India"
"6265","Whirlpool India","WHIRLPOOL.NS","1077660951","8.49084","India"
"6266","TOWA Corporation","6315.T","1076951301","14.3533","Japan"
"6267","Jupiter Fund Management","JUP.L","1076270279","2.1476","United Kingdom"
"6268","Upbound Group","UPBD","1075624064","18.45","United States"
"6269","TOCALO Co.,Ltd.","3433.T","1075368705","18.0829","Japan"
"6270","Deluxe Corporation","DLX","1075330048","23.45","United States"
"6271","Kissei Pharmaceutical","4547.T","1075179318","25.9256","Japan"
"6272","Qfin Holdings","QFIN","1074792320","8.84","China"
"6273","LX International","001120.KS","1073724803","29.8523","South Korea"
"6274","BayWa","BYW.F","1073430718","10.6989","Germany"
"6275","Diversified Energy","DEC.L","1072112749","15.5179","United States"
"6276","Zhongsheng Group","0881.HK","1071704565","0.45277","China"
"6277","Hyosung TNC Corporation","298020.KS","1071421239","249.64","South Korea"
"6278","Aktia Bank","AKTIA.HE","1071190458","14.5598","Finland"
"6279","Elopak ASA","ELO.OL","1071154067","3.98589","Norway"
"6280","Polar Capital Holdings","POLR.L","1070723468","11.3609","United Kingdom"
"6281","Emirates Driving Company","DRIVE.AE","1070719149","0.99","United Arab Emirates"
"6282","Corticeira Amorim","COR.LS","1069862750","8.11722","Portugal"
"6283","Neo Performance Materials","NEO.TO","1069490572","23.1504","Canada"
"6284","Rosetti Marino","YRM.MI","1069426680","281.428","Italy"
"6285","Aedas Homes","AEDAS.MC","1067217084","24.4214","Spain"
"6286","Toyo Construction","1890.T","1067163763","11.3574","Japan"
"6287","HTC Corporation","2498.TW","1066890628","1.27599","Taiwan"
"6288","Lufax","LU","1066027328","1.23","China"
"6289","Resolute Holdings Management","RHLD","1065967232","136.32","United States"
"6290","Tosei Corporation","8923.T","1065855676","10.9875","Japan"
"6291","Solid Biosciences","SLDB","1064746688","9.93","United States"
"6292","Japan Aviation Electronics Industry","6807.T","1062452127","15.7568","Japan"
"6293","Toyo Engineering Corporation","6330.T","1060375038","18.0959","Japan"
"6294","Banca IFIS","IF.MI","1059074221","17.3392","Italy"
"6295","BILDCO (Abu Dhabi National Building Materials Co.)","BILDCO.AE","1057747295","0.71","United Arab Emirates"
"6296","TripAdvisor","TRIP","1057141184","9.085","United States"
"6297","Avalo Therapeutics","AVTX","1057047040","19.71","United States"
"6298","Okinawa Financial Group","7350.T","1056915493","49.512","Japan"
"6299","Tetra Technologies","TTI","1055758976","7.13","United States"
"6300","Grupa Pracuj","GPP.WA","1055554979","15.3205","Poland"
"6301","Precinct Properties","PCT.NZ","1055408376","0.56958","New Zealand"
"6302","Noevir Holdings","4928.T","1055300002","30.8963","Japan"
"6303","CRA International","CRAI","1054889088","168.06","United States"
"6304","Vivara","VIVA3.SA","1054479562","4.48457","Brazil"
"6305","Virtus Investment Partners","VRTS","1053436480","157.65","United States"
"6306","Navigator Global Investments","NGI.AX","1053129553","1.72588","Australia"
"6307","Mips AB","MIPS.ST","1052727006","39.7389","Sweden"
"6308","Gielda Papierów Wartosciowych w Warszawie","GPW.WA","1051719934","25.0577","Poland"
"6309","Al Seer Marine Supplies &amp; Equipment Company","ASM.AE","1050977872","1.05","United Arab Emirates"
"6310","Olectra Greentech","OLECTRA.NS","1050769869","12.8017","India"
"6311","Smartgroup Corporation","SIQ.AX","1050768005","8.0842","Australia"
"6312","Exmar","EXM.BR","1049551030","13.1992","Belgium"
"6313","Mercantile Bank","MBWM","1049428672","60.71","United States"
"6314","Whirlpool S.A.","WHRL3.SA","1049328443","0.698255","Brazil"
"6315","PagerDuty","PD","1047616256","13.32","United States"
"6316","Al-Babtain Power and Telecommunications","2320.SR","1047333806","16.3782","Saudi Arabia"
"6317","National Presto Industries","NPK","1045576576","146.52","United States"
"6318","Sonaecom","SNC.LS","1045425006","3.419","Portugal"
"6319","Dan Hotels","DANH.TA","1043304986","9.0252","Israel"
"6320","Zeal Network","TIMA.F","1042851460","49.4244","Germany"
"6321","Colgate-Palmolive (Pakistan)","COLG.PK","1042596028","4.29453","Pakistan"
"6322","Graham Corporation","GHM","1041544256","88.74","United States"
"6323","RAIZNEXT Corporation","6379.T","1040956683","19.2915","Japan"
"6324","Elders Limited","ELD.AX","1040596589","4.83102","Australia"
"6325","NorthWest Healthcare Properties REIT","NWH-UN.TO","1040374704","4.13335","Canada"
"6326","Safehold","SAFE","1040291136","14.69","United States"
"6327","Upwork","UPWK","1039195968","8.32","United States"
"6328","NANO Nuclear Energy","NNE","1039059136","19.35","United States"
"6329","Helia Group","HLI.AX","1038778172","3.79116","Australia"
"6330","O-I Glass","OI","1037203264","6.75","United States"
"6331","Africa Israel Residences","AFRE.TA","1035887692","81.7639","Israel"
"6332","Waha Capital Company","WAHA.AE","1035883781","0.55","United Arab Emirates"
"6333","Sify Technologies","SIFY","1035815040","14.3","India"
"6334","B2 Impact ASA","B2I.OL","1035779201","2.79283","Norway"
"6335","GVS S.p.A.","GVS.MI","1035512709","5.5239","Italy"
"6336","BrightView","BV","1035268032","11.18","United States"
"6337","Al Hammadi Holding Company","4007.SR","1034567212","6.46604","Saudi Arabia"
"6338","Anglo-Eastern Plantations","AEP.L","1033209848","2.70819","United Kingdom"
"6339","Sana Biotechnology","SANA","1032794240","3.45","United States"
"6340","Canaccord Genuity Group","CF.TO","1032328708","10.1206","Canada"
"6341","Equity Bancshares","EQBK","1032301568","50.13","United States"
"6342","QuinStreet","QNST","1032122240","18.08","United States"
"6343","Cobram Estate Olives","CBO.AX","1032056415","2.15555","Australia"
"6344","Taboola.com","TBLA","1031993600","3.82","United States"
"6345","BLS International","BLS.NS","1031757219","2.50717","India"
"6346","Pacira Biosciences","PCRX","1031227072","25.87","United States"
"6347","LegalZoom","LZ","1031014208","6.02","United States"
"6348","HighPeak Energy","HPK","1030590272","8.15","United States"
"6349","Moonpig Group","MOON.L","1030291154","3.51794","United Kingdom"
"6350","Scandi Standard AB","SCST.ST","1029918423","15.6534","Sweden"
"6351","Kingsgate Consolidated Limited","KCN.AX","1029764746","3.8706","Australia"
"6352","Finolex Industries","FINPIPE.NS","1029523186","1.66505","India"
"6353","Yulon Motor Company","2201.TW","1026896220","0.966513","Taiwan"
"6354","Arbutus Biopharma","ABUS","1026187712","5.18","United States"
"6355","Northwest Pipe Company","NWPX","1026169280","106.48","United States"
"6356","Sudarshan Chemical","SUDARSCHEM.NS","1025826642","12.886","India"
"6357","Happinet","7552.T","1025811207","23.6839","Japan"
"6358","Victrex","VCT.L","1025222631","11.7671","United Kingdom"
"6359","American Bitcoin Corp","ABTC","1024503744","8.41","United States"
"6360","Ituran","ITRN","1024413568","51.79","Israel"
"6361","Qt Group","QTCOM.HE","1024034463","40.3303","Finland"
"6362","Heritage Insurance","HRTG","1023984384","34.44","United States"
"6363","Dexco","DXCO3.SA","1023209403","1.12704","Brazil"
"6364","PHC Holdings Corporation","6523.T","1022632284","8.08307","Japan"
"6365","Union Coop","UNIONCOOP.AE","1021885339","0.585416","United Arab Emirates"
"6366","Lindab International","LIAB.ST","1021780011","13.2637","Sweden"
"6367","Business First Bancshares","BFST","1021415360","31.38","United States"
"6368","Elecom","6750.T","1020456615","12.6704","Japan"
"6369","CNB Financial Corp","CCNE","1020439488","34.45","United States"
"6370","SPIMACO (Saudi Pharmaceutical Industries and Medical Appliances Corporation)","2070.SR","1020318273","8.5486","Saudi Arabia"
"6371","Lenzing","LEN.F","1019458898","26.3984","Austria"
"6372","MetroCity Bankshares","MCBS","1018279872","35.38","United States"
"6373","Quanex Building Products","NX","1018258304","22.22","United States"
"6374","discoverIE Group plc","DSCV.L","1016588307","10.5755","United Kingdom"
"6375","The Shikoku Bank","8387.T","1016469148","24.2687","Japan"
"6376","Sichuan Xunyou Network Technology","300467.SZ","1015721694","4.99851","China"
"6377","Villar International","VILR.TA","1015670737","57.6592","Israel"
"6378","Arbor Realty Trust","ABR","1015668608","5.01","United States"
"6379","Raito Kogyo","1926.T","1014970015","24.7235","Japan"
"6380","Pacific Century Regional Developments","P15.SI","1014891804","0.383499","Singapore"
"6381","Princes Group plc","PRN.L","1013935059","4.14353","United Kingdom"
"6382","Humansoft Holding Company","HUMANSOFT.KW","1013243050","7554.56","Kuwait"
"6383","Horizon Bancorp","HBNC","1013027328","19.73","United States"
"6384","Regis Healthcare","REG.AX","1010928558","3.34344","Australia"
"6385","Mitsubishi Logisnext","7105.T","1010891788","9.45216","Japan"
"6386","Bestway Cement","BWCL.PK","1010825900","1.6953","Pakistan"
"6387","ITOCHU-SHOKUHIN","2692.T","1010529522","79.6514","Japan"
"6388","LuxExperience","LUXE","1010245376","7.36","Germany"
"6389","Manitou Group","MTU.PA","1010170823","26.3984","France"
"6390","Montepino Logística","MLMTP.PA","1009977014","11.7456","Spain"
"6391","Silex Systems Limited","SLX.AX","1009358968","3.62507","Australia"
"6392","Mitsubishi Pencil","7976.T","1008945167","20.1752","Japan"
"6393","BTS Group","BTS.BK","1008923747","0.0626902","Thailand"
"6394","NB Bancorp","NBBK","1007606144","22.995","United States"
"6395","Heiwa Real Estate","8803.T","1007569099","15.25","Japan"
"6396","Superloop Limited","SLC.AX","1007275178","1.95696","Australia"
"6397","OCI","OCI.AS","1005879261","4.76789","Netherlands"
"6398","Ohsho Food Service","9936.T","1005214795","19.1356","Japan"
"6399","Ventyx Biosciences","VTYX","1004502016","14","United States"
"6400","Gr. Sarantis S.A.","SAR.AT","1003021266","15.746","Greece"
"6401","United Gulf Holding Company","UGH.BH","1001646923","0.594164","Bahrain"
"6402","Sun Hung Kai &amp; Co.","0086.HK","1001210809","0.512715","Hong Kong"
"6403","Castle Biosciences","CSTL","1000801856","32.76","United States"
"6404","MMTC","MMTC.NS","999757369","0.666505","India"
"6405","Major Drilling Group International","MDI.TO","999439728","12.1533","Canada"
"6406","Phoenix Education Partners","PXED","998872768","27.71","United States"
"6407","Adlai Nortye","ANL","998812032","15.51","Cayman Islands"
"6408","Macquarie Technology Group","MAQ.AX","997596796","38.706","Australia"
"6409","Emerald Holding","EEX","997505920","5.04","United States"
"6410","Tsuburaya Fields Holdings","2767.T","997482371","16.0232","Japan"
"6411","Bravura Solutions","BVS.AX","997085461","2.22415","Australia"
"6412","Sinclair, Inc.","SBGI","995885056","13.8","United States"
"6413","Filtronic","FTC.L","995726907","3.04672","United Kingdom"
"6414","Zehnder Group","ZEHN.SW","993952258","89.3365","Switzerland"
"6415","Pierre et Vacances","VAC.PA","993748001","2.15141","France"
"6416","ITM Power","ITM.L","993479324","1.4394","United Kingdom"
"6417","Kronos Worldwide","KRO","993291584","8.63","United States"
"6418","Amerigo Resources","ARG.TO","993213850","6.15215","Canada"
"6419","Douglas Group","DOU.DE","993138665","9.222","Germany"
"6420","Lexicon Pharmaceuticals","LXRX","992251776","2.23","United States"
"6421","Prashkovsky Investments and Construction","PRSK.TA","991636021","46.3528","Israel"
"6422","Southern Cross Electrical Engineering","SXE.AX","991318898","3.21346","Australia"
"6423","McMillan Shakespeare","MMS.AX","990733433","14.2259","Australia"
"6424","Neurones","NRO.PA","988467983","41.4583","France"
"6425","Whitestone REIT","WSR","988012416","18.99","United States"
"6426","ProFrac","ACDC","987105408","5.42","United States"
"6427","Nine Entertainment Co. Holdings","NEC.AX","987093456","0.622473","Australia"
"6428","Konoike Transport","9025.T","986763712","18.5833","Japan"
"6429","Basilea Pharmaceutica","BSLN.SW","986399815","79.6985","Switzerland"
"6430","Astec Industries","ASTE","986383872","42.9","United States"
"6431","Allied Group Limited","0373.HK","985904918","0.28059","Hong Kong"
"6432","Amanat Holdings","AMANAT.AE","985502544","0.394816","United Arab Emirates"
"6433","ESAB India","ESABINDIA.NS","985037726","63.9925","India"
"6434","Unitil Corporation","UTL","984598080","53.99","United States"
"6435","NCC Limited","NCC.NS","984404195","1.56791","India"
"6436","Hanza AB","HANZA.ST","982117877","15.6534","Sweden"
"6437","Arriyadh Development Company","4150.SR","979955153","4.18908","Saudi Arabia"
"6438","Global Medical REIT","GMRE","979776256","35.98","United States"
"6439","CTT - Correios De Portugal","CTT.LS","978522566","7.46017","Portugal"
"6440","Trustco Bank","TRST","978243648","57.45","United States"
"6441","Riken Keiki","7734.T","977626370","21.5072","Japan"
"6442","Trican Well Service","TCW.TO","976625910","4.6654","Canada"
"6443","Prodea Real Estate Investment Company","PRODEA.AT","975651534","3.67485","Greece"
"6444","Amphastar Pharmaceuticals","AMPH","975395072","22.93","United States"
"6445","ProSiebenSat.1 Media","PSM.F","975215688","4.18886","Germany"
"6446","Juventus Turin","JUVE.MI","974809018","2.33748","Italy"
"6447","ACLEDA Bank","ABC.KH","974001235","2.25","Cambodia"
"6448","Ardelyx","ARDX","973367104","3.77","United States"
"6449","Burford Capital","BUR","972759296","4.43","Guernsey"
"6450","Investcorp Capital","ICAP.AE","972568896","0.44","United Arab Emirates"
"6451","Shochiku","9601.T","972493741","70.7593","Japan"
"6452","Gulf Investment House Company","GIH.KW","971881792","2402.69","Kuwait"
"6453","Placoplatre","MLPLC.PA","971774395","744.273","France"
"6454","Time Technoplast","TIMETECHNO.NS","971254984","1.96756","India"
"6455","Arzan Financial Group for Financing and Investment","ARZAN.KW","971165776","1010.3","Kuwait"
"6456","Harvia Oyj","HARVIA.HE","970474300","51.9246","Finland"
"6457","Central Pacific Financial","CPF","970420672","37.69","United States"
"6458","Generation Development Group","GDG.AX","970337084","2.42634","Australia"
"6459","Geron","GERN","970134848","1.51","United States"
"6460","Renew Holdings plc","RNWH.L","970114948","12.2546","United Kingdom"
"6461","Rockhopper Exploration","RKH.L","970104635","0.924848","United Kingdom"
"6462","Chimera Investment Corporation","CIM","969457344","11.59","United States"
"6463","Fastned","FAST.AS","968620986","49.5406","Netherlands"
"6464","Camden National Corporation","CAC","968200832","57.3","United States"
"6465","JYP Entertainment","035900.KQ","968079854","29.2179","South Korea"
"6466","Troax Group AB","TROAX.ST","968011396","16.1752","Sweden"
"6467","Wave Life Sciences","WVE","967506496","4.91","Singapore"
"6468","Jumia","JMIA","967451072","7.24","Germany"
"6469","SAKURA Internet","3778.T","967445107","24.1712","Japan"
"6470","San-Ai Obbli","8097.T","967427116","15.6333","Japan"
"6471","SpyGlass Pharma","SGP","967315584","28.92","United States"
"6472","X-FAB","XFAB.PA","966940493","7.40202","Belgium"
"6473","Almunajem Foods Company","4162.SR","966711057","16.1119","Saudi Arabia"
"6474","AEVEX Corp.","AVEX","966207424","17.11","United States"
"6475","RS Technologies","3445.T","966029969","36.3218","Japan"
"6476","Cogna Educação","COGN3.SA","965823526","0.481895","Brazil"
"6477","Crédit Agricole Mutuel de la Touraine et du Poitou","CRTO.PA","965797291","154.669","France"
"6478","Nippon Seiki","7287.T","965497896","16.7964","Japan"
"6479","Webjet Limited","WEB.AX","964567193","2.66464","Australia"
"6480","The Hub Power Company","HUBC.PK","964029771","0.743188","Pakistan"
"6481","Quantum Corporation","QMCO","963968576","24.46","United States"
"6482","SML MAHINDRA LIMITED","SMLMAH.NS","963702822","66.5925","India"
"6483","Karat Packaging","KRT","963499328","48.34","United States"
"6484","Adastria","2685.T","962115532","20.8574","Japan"
"6485","Olema Pharmaceuticals","OLMA","961161216","10.985","United States"
"6486","Toshiba Tec Corporation","6588.T","960581588","18.1284","Japan"
"6487","Forbright, Inc.","FRBT","959954432","18.91","United States"
"6488","Douglas Dynamics","PLOW","959774336","41.59","United States"
"6489","Nippon Paper Industries","3863.T","959018688","8.31698","Japan"
"6490","Melco International Development","0200.HK","958927459","0.421523","Hong Kong"
"6491","Vietcap Securities","VCI.VN","958789974","0.835451","Vietnam"
"6492","Southside Bancshares","SBSI","958326592","32.15","United States"
"6493","MNTN, Inc.","MNTN","958228480","12.81","United States"
"6494","SIMPAR","SIMH3.SA","956455440","1.63844","Brazil"
"6495","Service Properties Trust","SVC","955132480","7.375","United States"
"6496","Metalla Royalty & Streaming","MTA","954592832","10.21","Canada"
"6497","Kaken Pharmaceutical Co., Ltd.","4521.T","953462146","25.1784","Japan"
"6498","Design Therapeutics","DSGN","953118528","15.23","United States"
"6499","Heartland Express","HTLD","952737728","12.32","United States"
"6500","Zad Holding Company","ZHCD.QA","952270742","3.31319","Qatar"
"6501","Simply Good Foods","SMPL","951627392","10.76","United States"
"6502","Shin Nippon Air Technologies","1952.T","951547829","20.8899","Japan"
"6503","Abacus Global Management","ABX","951518528","9.73","United States"
"6504","Reliance Power","RPOWER.NS","950771989","0.22989","India"
"6505","Formosa Taffeta","1434.TW","950579242","0.56499","Taiwan"
"6506","Accel Entertainment","ACEL","949963584","11.7","United States"
"6507","iQIYI","IQ","949101824","0.9835","China"
"6508","Sedlmayr Grund und Immobilien AG","SPB.F","947834644","1290.85","Germany"
"6509","Yellow Hat","9882.T","946671444","11.2149","Japan"
"6510","Daktronics","DAKT","945982400","19.67","United States"
"6511","Lectra SA","LSS.PA","945305382","25.4681","France"
"6512","Bioventus","BVS","944660160","13.83","United States"
"6513","Kuros Biosciences","KURN.SW","944611841","23.8107","Switzerland"
"6514","Daio Paper Corporation","3880.T","943967427","6.12078","Japan"
"6515","Immix Biopharma","IMMX","943266880","13.25","United States"
"6516","Aussie Broadband Limited","ABB.AX","942995200","2.9896","Australia"
"6517","Postal Realty Trust","PSTL","942872832","23.69","United States"
"6518","PEXA Group","PXA.AX","942696921","5.35817","Australia"
"6519","Mishra Dhatu Nigam","MIDHANI.NS","942548940","5.03122","India"
"6520","Eurowag (W.A.G payment solutions)","EWG.L","942113799","1.3541","United Kingdom"
"6521","Oxford Lane Capital","OXLC","942070656","9.61","United States"
"6522","Canadian Solar","CSIQ","941727936","13.87","Canada"
"6523","Einhell Germany","EIN.DE","941695893","82.9166","Germany"
"6524","USA TODAY Co.","TDAY","941102976","6.41","United States"
"6525","Orient Corporation","8585.T","941009509","5.49701","Japan"
"6526","Engro Corporation","ENGRO.PK","940011399","1.75171","Pakistan"
"6527","Hanmi Financial","HAFC","939584960","31.69","United States"
"6528","NEUCA","NEU.WA","939340388","207.69","Poland"
"6529","Phoenix Group","PHX.AE","938721296","0.16","United Arab Emirates"
"6530","Riverstone Holdings","AP4.SI","937584124","0.632576","Singapore"
"6531","Mid Penn Bancorp","MPB","935376128","36.92","United States"
"6532","innoscripta SE","1INN.DE","934992443","93.4992","Germany"
"6533","Voyageurs du Monde","ALVDM.PA","934030694","208.164","France"
"6534","Worldline","WLN.PA","933838077","16.5112","France"
"6535","Gulf International Services","GISS.QA","933799287","0.502472","Qatar"
"6536","Savencia Fromage &amp; Dairy","SAVE.PA","933122682","72.334","France"
"6537","CeriBell","CBLL","932971584","24.31","United States"
"6538","GL Events SA","GLO.PA","932948299","31.806","France"
"6539","Centerspace","CSR","932711424","52.71","United States"
"6540","Sivers Semiconductors AB","SIVE.ST","932261969","3.15573","Sweden"
"6541","Astra Agro Lestari","AALI.JK","931582828","0.484017","Indonesia"
"6542","Sequent Scientific","SEQUENT.NS","931273369","2.13731","India"
"6543","AOKI Holdings","8214.T","930900957","11.0525","Japan"
"6544","Sable Offshore","SOC","930567360","4.85","United States"
"6545","Boozt","BOOZT.ST","930283228","15.9561","Sweden"
"6546","Riley Exploration Permian","REPX","929237504","42.83","United States"
"6547","Compañía de Acero del Pacífico","CAP.SN","928745779","6.2145","Chile"
"6548","Deyaar Development","DEYAAR.AE","928164636","0.212111","United Arab Emirates"
"6549","Barings BDC","BBDC","927702912","8.86","United States"
"6550","Restar Corporation","3156.T","926283581","32.943","Japan"
"6551","First Financial","THFF","926140800","77.88","United States"
"6552","Religare","RELIGARE.NS","925793739","2.68553","India"
"6553","YIT","YIT.HE","925664698","4.01209","Finland"
"6554","Toyobo Co., Ltd.","3101.T","924866634","10.4807","Japan"
"6555","Scanfil","SCANFL.HE","924487855","14.0714","Finland"
"6556","Sri Trang Gloves","STGT.BK","922413262","0.334753","Thailand"
"6557","Morgan Advanced Materials","MGAM.L","920758772","3.33108","United Kingdom"
"6558","Canon Electronics Inc.","7739.T","920553236","22.5062","Japan"
"6559","Star Asia Investment Corporation","3468.T","920097877","342.426","Japan"
"6560","Mader Group Limited","MAD.AX","919750462","4.52051","Australia"
"6561","Caisse Régionale de Crédit Agricole Mutuel Loire Haute-Loire","CRLO.PA","919347238","113.967","France"
"6562","Mani, Inc.","7730.T","919089725","9.33061","Japan"
"6563","QuidelOrtho","QDEL","917539200","13.38","United States"
"6564","Bank ABC (Arab Banking Corporation)","ABC.BH","917449990","0.86","Bahrain"
"6565","China Resources Building Materials Technology","1313.HK","917328660","0.131367","Hong Kong"
"6566","Forum Energy Technologies","FET","916209728","79.86","United States"
"6567","Eckert &amp; Ziegler","EUZ.F","916197774","14.6412","Germany"
"6568","Kforce","KFRC","915866240","51.14","United States"
"6569","Greenfire Resources","GFR","915862656","6.23","Canada"
"6570","Renta 4 Banco","R4.MC","915703577","22.5026","Spain"
"6571","Climb Bio","CLYM","913236480","15.9","United States"
"6572","Karoon Energy","KAR.AX","912545008","1.30705","Australia"
"6573","Sabre","SABR","912098048","2.26","United States"
"6574","Evolv Technologies","EVLV","911948096","5.07","United States"
"6575","Ridgepost Capital","RPC","911671936","8.27","United States"
"6576","Vetoquinol","VETO.PA","911151681","78.3812","France"
"6577","BitGo","BTGO","909803072","7.74","United States"
"6578","Safe Bulkers","SB","909372928","8.93","Monaco"
"6579","Eastman Kodak Company","KODK","908512000","9.28","United States"
"6580","Angel Studios","ANGX","907635712","4.86","United States"
"6581","Helus Pharma","HELP","905215616","12.39","Canada"
"6582","Engro Fertilizers","EFERT.PK","904576307","0.677433","Pakistan"
"6583","NTG Nordic Transport Group A/S","NTG.CO","904262407","41.6893","Denmark"
"6584","Vulcan Energy Resources","VUL.AX","903883471","1.88836","Australia"
"6585","Alkhorayef Water and Power Technologies Company","2081.SR","903661701","25.8189","Saudi Arabia"
"6586","BlackSky Technology","BKSY","903620672","22.08","United States"
"6587","AG Barr","BAG.L","903132990","8.13812","United Kingdom"
"6588","Vesuvius India","VESUVIUS.NS","903077978","4.44952","India"
"6589","Scandinavian Tobacco Group","STG.CO","902971119","11.4646","Denmark"
"6590","Mitani Sekisan","5273.T","902869456","12.8848","Japan"
"6591","Hexatronic Group AB","HTRO.ST","902466293","4.08555","Sweden"
"6592","Beijing Airport","0694.HK","902330597","0.197051","China"
"6593","ATRenew","RERE","901467840","4.07","China"
"6594","GAG Immobilien","GWK3.HM","901298553","55.8204","Germany"
"6595","Genuit Group","GEN.L","901126674","3.57481","United Kingdom"
"6596","PeptiDream","4587.T","900964934","7.00771","Japan"
"6597","Bata India","BATAINDIA.NS","899955689","7.00205","India"
"6598","UP Fintech (Tiger Brokers)","TIGR","899226816","5","China"
"6599","Total Energy Services","TOT.TO","899186063","24.7029","Canada"
"6600","Arafura Rare Earths","ARU.AX","898946486","0.148036","Australia"
"6601","Nick Scali Limited","NCK.AX","898665308","10.5069","Australia"
"6602","Viant Technology","DSP","898406080","13.48","United States"
"6603","Pet Valu","PET.TO","897271699","13.349","Canada"
"6604","Sun Frontier Fudousan","8934.T","896577187","15.6788","Japan"
"6605","JCU Corporation","4975.T","895832837","36.3868","Japan"
"6606","MFA Financial","MFA","895639104","8.86","United States"
"6607","World Acceptance Corporation","WRLD","895330560","192","United States"
"6608","Fuji Kyuko","9010.T","894613901","16.8484","Japan"
"6609","Covenant Logistics","CVLG","894566656","35.25","United States"
"6610","Kura Sushi,Inc.","2695.T","894531822","11.2539","Japan"
"6611","Furukawa Co.,Ltd.","5715.T","894523731","27.5825","Japan"
"6612","Autoneum Holding","AUTN.SW","893699932","153.96","Switzerland"
"6613","Dor Alon Energy In Israel","DRAL.TA","893661020","56.4655","Israel"
"6614","Nufarm","NUF.AX","893493268","2.32525","Australia"
"6615","Aclaris Therapeutics","ACRS","892025280","6.06","United States"
"6616","Ibotta","IBTA","891414912","38.38","United States"
"6617","Koppers Holdings","KOP","891113088","47.12","United States"
"6618","Miramar Hotel and Investment","0071.HK","890950207","1.28944","Hong Kong"
"6619","National Real Estate Company - K.P.S.C.","NRE.KW","889924616","427.433","Kuwait"
"6620","Magazine Luíza","MGLU3.SA","889457063","1.14671","Brazil"
"6621","Kuwait Cement Company","KCEM.KW","888850696","1246.68","Kuwait"
"6622","Navient","NAVI","888132864","9.47","United States"
"6623","Wavestone SA","WAVE.PA","887404845","36.167","France"
"6624","Beazer Homes USA","BZH","887097472","33.25","United States"
"6625","Morguard","MRC.TO","886873127","83.054","Canada"
"6626","Marimaca Copper","MARI.TO","886416428","6.55842","Canada"
"6627","Theravance Biopharma","TBPH","885733888","17.06","Cayman Islands"
"6628","Senshu Electric","9824.T","885615273","51.9811","Japan"
"6629","Annexon","ANNX","885334592","4.67","United States"
"6630","Rigel Pharmaceuticals","RIGL","884865152","47.37","United States"
"6631","Arabian Contracting Services Company","4071.SR","884687091","16.0852","Saudi Arabia"
"6632","Sanken Electric Co., Ltd.","6707.T","884303399","44.2359","Japan"
"6633","Krosaki Harima","5352.T","883732789","26.2423","Japan"
"6634","Employers Holdings","EIG","882938496","49.16","United States"
"6635","Flotek Industries","FTK","882691840","24.37","United States"
"6636","JBG SMITH","JBGS","881971072","11.42","United States"
"6637","Pharmanutra","PHN.MI","881910104","92.1037","Italy"
"6638","Vital Healthcare Property Trust","VHP.NZ","881628244","1.0923","New Zealand"
"6639","Standard Motor Products","SMP","881547904","39.46","United States"
"6640","Delta Israel Brands","DLTI.TA","881278293","35.2122","Israel"
"6641","Yuasa Trading","8074.T","881164184","41.8448","Japan"
"6642","Daily Journal","DJCO","879160960","638.02","United States"
"6643","EverQuote","EVER","878879424","24.94","United States"
"6644","JVCKENWOOD Corporation","6632.T","878020392","6.21175","Japan"
"6645","CrossAmerica Partners","CAPL","877984896","23","United States"
"6646","Royal holdings","8179.T","876498797","8.89527","Japan"
"6647","SmartFinancial (SmartBank)","SMBK","876296704","51.25","United States"
"6648","Relaxo Footwear","RELAXO.NS","876200461","3.51975","India"
"6649","FACC AG","FACC.VI","875436272","19.1185","Austria"
"6650","Mattr Corp.","MATR.TO","874947149","14.2704","Canada"
"6651","Zee Entertainment","ZEEL.NS","874424382","0.910366","India"
"6652","RAK Properties","RAKPROP.AE","873968808","0.29","United Arab Emirates"
"6653","Topsports International","6110.HK","873955176","0.140933","Hong Kong"
"6654","Lesha Bank","QFBQ.QA","873230744","0.77967","Qatar"
"6655","EuroTeleSites","ETS.VI","873223624","5.25643","Austria"
"6656","BML, Inc.","4694.T","873144698","23.294","Japan"
"6657","Apollo Commercial Real Estate Finance","ARI","872816128","6.79","United States"
"6658","Ferroglobe","GSM","872638592","4.67","United Kingdom"
"6659","ADS-TEC Energy","ADSE","871405568","11.59","Ireland"
"6660","Budget Saudi (United International Transportation Company)","4260.SR","870860364","8.33023","Saudi Arabia"
"6661","Talkspace","TALK","870574976","5.25","United States"
"6662","Kiwi Property","KPG.NZ","870028928","0.527117","New Zealand"
"6663","Beta Bionics","BBNX","869650688","19.33","United States"
"6664","Al-Dawaa Medical Services Company","4163.SR","869241054","10.2264","Saudi Arabia"
"6665","Criteo","CRTO","869216704","17.74","France"
"6666","SunCoke Energy","SXC","868269632","10.23","United States"
"6667","HSBC Oman","HBMO.OM","867668167","0.433766","Oman"
"6668","Japan Pulp and Paper Company","8032.T","867667573","7.86864","Japan"
"6669","Compass Diversified Holdings","CODI","867470720","11.53","United States"
"6670","Capital City Bank Group","CCBG","867130688","50.67","United States"
"6671","Pick n Pay Stores","PIK.JO","867128900","1.18076","South Africa"
"6672","Great Southern Bancorp","GSBC","866242816","79.49","United States"
"6673","RFA Financial Inc.","RFA.TO","865794236","18.9208","Canada"
"6674","SP Group A/S","SPG.CO","865465317","73.8896","Denmark"
"6675","National Corporation for Tourism &amp; Hotels","NCTH.AE","865344217","0.4","United Arab Emirates"
"6676","IQE plc","IQE.L","864262934","0.649289","United Kingdom"
"6677","HIVE Digital Technologies","HIVE","863973632","3.15","Canada"
"6678","Takara Bio","4974.T","863722455","7.17286","Japan"
"6679","Bunka Shutter","5930.T","863339443","12.274","Japan"
"6680","Lightwave Logic","LWLG","863336576","5.6","United States"
"6681","Xvivo Perfusion AB","XVIVO.ST","863209962","27.404","Sweden"
"6682","Kingfa Science & Technology","KINGFA.NS","862898571","63.6761","India"
"6683","Black Diamond Group","BDI.TO","862795237","12.6308","Canada"
"6684","Trainline","TRN.L","862613927","2.53893","United Kingdom"
"6685","Hippo Holdings","HIPO","861877120","32.66","United States"
"6686","Mitsuuroko Group Holdings","8131.T","861382330","15.7633","Japan"
"6687","PageGroup","PAGE.L","860940307","2.76506","United Kingdom"
"6688","Vishay Precision Group","VPG","860308672","64.68","United States"
"6689","Heiwado","8276.T","859905927","17.3877","Japan"
"6690","Backblaze","BLZE","859791040","13.89","United States"
"6691","Nextdoor","NXDR","858803520","2.22","United States"
"6692","Cybozu","4776.T","857846349","19.0381","Japan"
"6693","XPS Pensions Group","XPS.L","857758766","4.22478","United Kingdom"
"6694","Kvutzat Acro","ACRO.TA","857328627","13.5942","Israel"
"6695","Telecom Plus PLC","TEP.L","857284724","11.0359","United Kingdom"
"6696","MedCap","MCAP.ST","856416073","57.1872","Sweden"
"6697","Himalaya Shipping","HSHP","856153216","18.16","Bermuda"
"6698","Ottogi","007310.KS","854743022","248.52","South Korea"
"6699","Skellerup Holdings","SKL.NZ","854382475","4.3575","New Zealand"
"6700","CEWE","CWC.F","854265438","126.759","Germany"
"6701","Bank Nizwa","BKNZ.OM","854109361","0.381818","Oman"
"6702","South Plains Financial","SPFI","853693952","45.315","United States"
"6703","JM AB","JM.ST","852878927","13.2219","Sweden"
"6704","Yokorei Co.,Ltd.","2874.T","852685935","14.4053","Japan"
"6705","InMode","INMD","852229184","14.81","Israel"
"6706","Fox Factory Holding","FOXF","851548096","20.26","United States"
"6707","Anteris Technologies","AVR.AX","851252158","8.74495","Australia"
"6708","Silence Therapeutics","SLN","850889408","13.69","United Kingdom"
"6709","B Communications","BCOM.TA","850162312","8.08819","Israel"
"6710","Saudi Automotive Services Company","4050.SR","850066552","12.1438","Saudi Arabia"
"6711","Ferrari Group PLC","046.F","849401095","9.30341","United Kingdom"
"6712","Northern Dynasty Minerals","NAK","848803712","1.51","Canada"
"6713","Vamos Locação de Caminhões, Máquinas e Equipamentos S.A.","VAMO3.SA","848280744","0.694322","Brazil"
"6714","Construtora Tenda S.A.","TEND3.SA","848161609","6.91568","Brazil"
"6715","Sanyo Chemical Industries","4471.T","848042957","38.3361","Japan"
"6716","Kopin Corporation","KOPN","847579072","4.56","United States"
"6717","KOMEDA Holdings","3543.T","847501994","18.6222","Japan"
"6718","Hibiya Engineering","1982.T","847276411","20.5325","Japan"
"6719","Playtika","PLTK","846748352","2.22","Israel"
"6720","Root Insurance","ROOT","846706240","54.65","United States"
"6721","PSI Software","PSAN.DE","846489054","52.448","Germany"
"6722","Basler Aktiengesellschaft","BSL.DE","845930403","27.5032","Germany"
"6723","Eagle Bancorp","EGBN","845930240","27.75","United States"
"6724","Menicon Co., Ltd.","7780.T","845802615","11.3904","Japan"
"6725","Sky Harbour Group","SKYH","845681664","10.36","United States"
"6726","Daqo New Energy","DQ","844473344","12.48","China"
"6727","Caisse régionale de Crédit Agricole Mutuel d'Ille-et-Vilaine","CIV.PA","844468950","140.435","France"
"6728","Stingray Group","RAY-A.TO","843548063","12.3987","Canada"
"6729","Petco","WOOF","842946368","2.6","United States"
"6730","Galaxy Surfactants","GALAXYSURF.NS","842128850","23.7522","India"
"6731","Recticel","RECT.BR","841109899","14.8157","Belgium"
"6732","PennyMac Mortgage Investment Trust","PMT","840630784","9.64","United States"
"6733","Sparebanken Sør","SOR.OL","840479500","20.1631","Norway"
"6734","Winnebago Industries","WGO","840434176","29.73","United States"
"6735","HealthStream","HSTM","839771520","28.72","United States"
"6736","Synsam","SYNSAM.ST","838735633","5.94831","Sweden"
"6737","Standard Chartered Bank (Pakistan)","SCBPL.PK","838338101","0.216536","Pakistan"
"6738","TXO Partners, L.P.","TXO","836686336","15.09","United States"
"6739","Marcus Corporation","MCS","834934912","27.08","United States"
"6740","Channel Infrastructure NZ Limited","CHI.NZ","834894449","2.01476","New Zealand"
"6741","SI-BONE","SIBN","834521920","18.62","United States"
"6742","GungHo Online Entertainment","3765.T","833980312","15.9257","Japan"
"6743","DBV Technologies","DBVT","833963968","13.27","France"
"6744","ASGN","ASGN","833931008","19.53","United States"
"6745","Noor Financial Investment Company","NOOR.KW","833677379","1638.49","Kuwait"
"6746","The Japan Wool Textile Co., Ltd. (Nikke Group)","3201.T","833302924","12.7939","Japan"
"6747","Evertz Technologies","ET.TO","832948999","11.0202","Canada"
"6748","Wiit S.p.A.","WIIT.MI","832633006","33.4341","Italy"
"6749","Al Majed for Oud Company","4165.SR","832223659","33.2889","Saudi Arabia"
"6750","Vitasoy","0345.HK","832080087","0.818813","Hong Kong"
"6751","Agrana","AGR.VI","832072048","13.3155","Austria"
"6752","Pason Systems","PSI.TO","830826252","10.701","Canada"
"6753","Orrstown Financial Services","ORRF","830648320","42.23","United States"
"6754","Yalla Group","YALA","830504576","5.47","United Arab Emirates"
"6755","American Public Education","APEI","830158016","45.36","United States"
"6756","REVO Insurance S.p.A.","REVO.MI","830127338","28.5498","Italy"
"6757","Core Lithium Ltd","CXO.AX","829769269","0.256355","Australia"
"6758","Solstad Offshore","SOFF.OL","829258950","7.63555","Norway"
"6759","Pexip","PEXIP.OL","828904549","7.92839","Norway"
"6760","Heritage Commerce","HTBK","828429632","13.45","United States"
"6761","Alerus Financial","ALRS","828341696","33.23","United States"
"6762","Close Brothers Group","CBG.L","828194579","5.49492","United Kingdom"
"6763","John B. Sanfilippo & Son","JBSS","828089472","70.84","United States"
"6764","Advanced Medical Solutions Group","AMS.L","827986503","3.80501","United Kingdom"
"6765","Republic Airways","RJET","827768768","17.68","United States"
"6766","Sweetgreen","SG","827337088","6.95","United States"
"6767","Cantaloupe","CTLP","825815936","11.2","United States"
"6768","AdaptHealth","AHCO","825802688","6.19","United States"
"6769","Hilton Food Group plc","HFG.L","825253786","9.174","United Kingdom"
"6770","Mahindra Lifespaces","MAHLIFE.NS","824866185","3.86202","India"
"6771","Cathay Real Estate Development","2501.TW","824445840","0.710998","Taiwan"
"6772","Kohnan Shoji","7516.T","823937870","28.5246","Japan"
"6773","R&S Group","RSGN.SW","823568412","22.1673","Switzerland"
"6774","Rackspace Technology","RXT","823239296","3.23","United States"
"6775","Judo Capital Holdings","JDO.AX","822637946","0.732958","Australia"
"6776","Satellogic","SATL","822508480","5.35","United States"
"6777","Surge Energy","SGY.TO","822503623","8.29234","Canada"
"6778","Grupo Supervielle","SUPV","822221376","8.7","Argentina"
"6779","Paul Hartmann","PHH2.F","821952173","231.422","Germany"
"6780","Dynavox Group","DYVOX.ST","821841634","7.74845","Sweden"
"6781","Tokyu Construction","1720.T","821034405","7.7257","Japan"
"6782","Bloomin' Brands","BLMN","820248384","9.58","United States"
"6783","Tuas Limited","TUA.AX","819742972","1.4948","Australia"
"6784","Aisan Industry","7283.T","819122750","14.2948","Japan"
"6785","Cargojet","CJT.TO","818706934","55.3186","Canada"
"6786","LSB Industries","LXU","817171712","11.35","United States"
"6787","Sustained Infrastructure Holding Company (sisco)","2190.SR","815737601","10.0293","Saudi Arabia"
"6788","FRoSTA AG","NLM.F","815425945","119.781","Germany"
"6789","Takasago International Corporation","4914.T","814673791","8.35597","Japan"
"6790","Peapack-Gladstone Financial","PGC","814422080","45.94","United States"
"6791","Minto Apartment Real Estate Investment Trust","MI-UN.TO","814261693","13.0516","Canada"
"6792","Ryoyo Ryosan Holdings","167A.T","814254881","20.3051","Japan"
"6793","United States Antimony Corporation","UAMY","814201408","5.44","United States"
"6794","Pharming Group","PHAR","813948480","11.5","Netherlands"
"6795","The Ehime Bank","8541.T","813751231","20.8249","Japan"
"6796","Riskified","RSKD","813352448","6.16","Israel"
"6797","Jensen-Group","JEN.BR","812967091","87.2194","Belgium"
"6798","Hosiden Corporation","6804.T","812536500","16.504","Japan"
"6799","IMC Rare Earths","IMC","811776000","7.68","Brazil"
"6800","Safilo Group","SFL.MI","811601426","2.07931","Italy"
"6801","Financial Institutions","FISI","811113792","41.16","United States"
"6802","IperionX","IPX","810093952","22.37","United States"
"6803","Bliss GVS Pharma","BLISSGVS.NS","810084588","7.61856","India"
"6804","Southern Missouri Bancorp","SMBC","809536704","73.52","United States"
"6805","Yanlord","Z25.SI","809470971","0.419082","Singapore"
"6806","IP Group","IPO.L","808662230","0.915369","United Kingdom"
"6807","Apogee Enterprises","APOG","808437760","38.74","United States"
"6808","IDOM Inc.","7599.T","808336278","8.05058","Japan"
"6809","4D Molecular Therapeutics","FDMT","808222848","14.63","United States"
"6810","Showa Sangyo","2004.T","807659528","24.8535","Japan"
"6811","Ålandsbanken","ALBAV.HE","807584289","52.3317","Finland"
"6812","Achieve Life Sciences","ACHV","806755520","7.84","Canada"
"6813","Bank Jago","ARTO.JK","806669166","0.0581957","Indonesia"
"6814","Abraj Energy Services","ABRJ.OM","806209371","1.04675","Oman"
"6815","Egypt Kuwait Holding Company","EKHOLDING.KW","805906644","685.921","Egypt"
"6816","GCM Grosvenor","GCMG","805644224","13.18","United States"
"6817","Thurgauer Kantonalbank","TKBP.SW","805634494","201.409","Switzerland"
"6818","CTO Realty Growth","CTO","805562432","21.49","United States"
"6819","Power Mech Projects","POWERMECH.NS","805380461","25.4736","India"
"6820","Funding Circle","FCH.L","804952396","2.8436","United Kingdom"
"6821","Metallus","MTUS","804945088","19.42","United States"
"6822","Piaggio","PIA.MI","804671578","2.28748","Italy"
"6823","Mitek Systems","MITK","804531968","17.83","United States"
"6824","LEM Holding","LEHN.SW","803284769","705.548","Switzerland"
"6825","Costain Group","COST.L","802653509","3.04672","United Kingdom"
"6826","Kelsian Group","KLS.AX","802643491","2.9535","Australia"
"6827","Dakota Gold","DC","802354496","5.98","United States"
"6828","Tinexta","TNXT.MI","801598104","17.4671","Italy"
"6829","Reformation Inc.","REF","801073408","13.56","United States"
"6830","Galliford Try","GFRD.L","800969837","7.935","United Kingdom"
"6831","Montrose Environmental","MEG","800798912","22.14","United States"
"6832","Kirloskar Ferrous Industries","KIRLFER.NS","800527197","4.85086","India"
"6833","SKF India","SKFINDIA.NS","800326908","16.1885","India"
"6834","Anan Investment Holding","ANAN.AE","799177520","0.32","United Arab Emirates"
"6835","Burelle","BUR.PA","799174902","455.867","France"
"6836","Oman Cables Industry","OCAI.OM","799145474","8.90909","Oman"
"6837","WhiteFiber","WYFI","799105792","20.57","United States"
"6838","Obsidian Energy","OBE","798705088","11.97","Canada"
"6839","Hunting PLC","HTG.L","798254279","5.49763","United Kingdom"
"6840","Hartalega","5168.KL","797902056","0.234163","Malaysia"
"6841","HiteJinro","000080.KS","797334304","11.426","South Korea"
"6842","DoubleUGames","192080.KS","797144729","41.3454","South Korea"
"6843","Hallador Energy Company","HNRG","796722688","16.9","United States"
"6844","Middle East Healthcare Company","4009.SR","796617844","8.65513","Saudi Arabia"
"6845","Itoki Corporation","7972.T","796507055","16.1012","Japan"
"6846","Yubico","YUBICO.ST","796203777","9.28278","Sweden"
"6847","CytomX Therapeutics","CTMX","795332416","3.65","United States"
"6848","CEVA","CEVA","795070976","28.24","United States"
"6849","ProKidney","PROK","794373312","1.99","United States"
"6850","Ramaco Resources","METC","794254656","12.53","United States"
"6851","JK Paper","JKPAPER.NS","794254538","4.38043","India"
"6852","Latham Group","SWIM","794111104","6.75","United States"
"6853","Autobacs Seven","9832.T","793945584","10.1103","Japan"
"6854","Aspen Group","APZ.AX","792917321","3.45898","Australia"
"6855","Safari Industries India","SAFARI.NS","792624744","16.1769","India"
"6856","Aubay","AUB.PA","792543209","62.2165","France"
"6857","Lucky Strike Entertainment","LUCK","792065792","5.81","United States"
"6858","Archicom","ARH.WA","792054262","13.5403","Poland"
"6859","Sakata INX Corporation","4633.T","791918530","16.2441","Japan"
"6860","Nissan Shatai","7222.T","791230496","5.84138","Japan"
"6861","Carlyle Secured Lending","CGBD","790564672","11.49","United States"
"6862","BASSAC","BASS.PA","790120230","49.1918","France"
"6863","Thermador Groupe","THEP.PA","789199714","86.0565","France"
"6864","Viridien","VIRI.PA","789199714","109.315","France"
"6865","Phnom Penh Water Supply Authority","PWSA.KH","789111688","1.65","Cambodia"
"6866","Barrett Business Services","BBSI","788855104","32.55","United States"
"6867","Arjo AB","ARJO-B.ST","788466976","2.89484","Sweden"
"6868","Clairvest Group","CVG.TO","787878860","58.8807","Canada"
"6869","Glass House Brands","GLAS","787867328","8.36","United States"
"6870","Prima Meat Packers","2281.T","787727197","15.6723","Japan"
"6871","Lincoln Educational Services","LINC","787009920","24.81","United States"
"6872","Baladna","BLDN.QA","786627775","0.351648","Qatar"
"6873","HomeTrust Bancshares","HTB","785681728","47.52","United States"
"6874","Energy Vault","NRGV","785546944","4.32","United States"
"6875","Logistea AB","LOGI-A.ST","785361302","1.53824","Sweden"
"6876","Ubisoft","UBI.PA","785303315","5.77661","France"
"6877","Hemnet Group AB","HEM.ST","785087075","8.76593","Sweden"
"6878","Iguatemi","IGTI3.SA","784233007","0.651049","Brazil"
"6879","Eve Holding, Inc.","EVEX","784094272","2.25","United States"
"6880","Transcat","TRNS","783790720","83.74","United States"
"6881","Cera Sanitaryware","CERA.NS","783630117","60.7702","India"
"6882","CryoPort","CYRX","783541568","15.47","United States"
"6883","Nuvectis Pharma","NVCT","783131136","23.99","United States"
"6884","NewPrinces S.p.A.","NWL.MI","782505875","18.7813","Italy"
"6885","Iress Limited","IRE.AX","782336061","4.18833","Australia"
"6886","Borosil","BORORENEW.NS","781420624","5.30915","India"
"6887","Ponsse","PON1V.HE","781336474","27.9102","Finland"
"6888","Karnov Group","KAR.ST","781264451","8.12935","Sweden"
"6889","Cardinal Infrastructure Group","CDNL","780781504","38.22","United States"
"6890","Peakstone Realty Trust","PKST","780562688","20.99","United States"
"6891","Volaris","VLRS","780519808","6.79","Mexico"
"6892","Kodiak AI","KDK","780404736","3.89","United States"
"6893","World Co., Ltd.","3612.T","779822738","10.2338","Japan"
"6894","Ethos Watches","ETHOSLTD.NS","779379018","29.1273","India"
"6895","Varex Imaging","VREX","779321216","18.49","United States"
"6896","Skipper Limited","SKIPPER.NS","779159287","6.37815","India"
"6897","Hertz","HTZ","778846272","2.185","United States"
"6898","Olvi plc","OLVAS.HE","778703535","37.7369","Finland"
"6899","Sheela Foam","SFL.NS","778583908","7.12967","India"
"6900","Harworth Group","HWG.L","777719508","2.39133","United Kingdom"
"6901","Synektik Spólka Akcyjna","SNT.WA","777581832","91.1678","Poland"
"6902","Sakai Moving Service Co.,Ltd.","9039.T","777193667","19.3045","Japan"
"6903","Dometic Group","DOM.ST","776864457","2.4315","Sweden"
"6904","Shenzhen Bingchuan Network","300533.SZ","776834323","2.36662","China"
"6905","Rosenbauer International","ROS.VI","775764626","76.0554","Austria"
"6906","Festi hf.","FESTI.IC","775694325","2.5114","Iceland"
"6907","Geopark","GPRK","775504256","11.95","Chile"
"6908","Strawberry Fields REIT","STRW","774880896","13.71","United States"
"6909","Aeon Hokkaido Corporation","7512.T","774722845","5.56848","Japan"
"6910","Mutares","MUX.DE","774584954","30.2361","Germany"
"6911","WELL Health Technologies","WELL.TO","774314182","3.02529","Canada"
"6912","Shore Bancshares","SHBI","773903104","23.19","United States"
"6913","Voltalia","VLTSA.PA","773723830","5.90766","France"
"6914","Sukoon Insurance","SUKOON.AE","773433947","1.67456","United Arab Emirates"
"6915","MLP Group S.A.","MLG.WA","773415829","32.2324","Poland"
"6916","Rain Industries","RAIN.NS","772713815","2.29738","India"
"6917","Minerva S.A.","BEEF3.SA","772000435","0.778899","Brazil"
"6918","Alpha &amp; Omega Semiconductor","AOSL","771913600","25.51","United States"
"6919","Mitsuboshi Belting","5192.T","771685137","27.6475","Japan"
"6920","Senvest Capital","SEC.TO","771455359","319.215","Canada"
"6921","Groupon","GRPN","770607360","18.95","United States"
"6922","Tokyo Electron Device Limited","2760.T","770192499","26.153","Japan"
"6923","Basellandschaftliche Kantonalbank","BLKB.SW","769063867","1365.38","Switzerland"
"6924","GO (Etihad Atheeb Telecommunication Company)","7040.SR","767827287","22.5832","Saudi Arabia"
"6925","Monopar Therapeutics","MNPR","767738240","114.38","United States"
"6926","EIZO Corporation","6737.T","767225213","19.4929","Japan"
"6927","Oxford Biomedica","OXB.L","767104781","6.33717","United Kingdom"
"6928","Entravision Communications","EVC","766915840","8.31","United States"
"6929","Tronox","TROX","766560192","4.8","United States"
"6930","Westrock Coffee","WEST","766374976","7.85","United States"
"6931","Westlake Chemical Partners","WLKP","766245440","21.74","United States"
"6932","Gilat Satellite Networks","GILT","765674752","9.94","Israel"
"6933","Pakuwon Jati Tbk","PWON.JK","765609970","0.0158973","Indonesia"
"6934","Braskem","BAK","765089600","1.92","Brazil"
"6935","Arclands Corporation","9842.T","764153119","12.1636","Japan"
"6936","WH Smith","SMWH.L","763403267","5.07244","United Kingdom"
"6937","Aura Biosciences","AURA","763267392","7.36","United States"
"6938","Neurogene","NGNE","763034048","38.13","United States"
"6939","Nissin Corporation","9066.T","762935226","51.9081","Japan"
"6940","Phathom Pharmaceuticals","PHAT","762895872","9.43","United States"
"6941","MA Financial Group","MAF.AX","762135529","3.86337","Australia"
"6942","Independent Bank Corporation","IBCP","762087872","36.99","United States"
"6943","United Development Company","UDCD.QA","761674527","0.21511","Qatar"
"6944","Enovix","ENVX","761486400","3.47","United States"
"6945","PAR Technology","PAR","760660160","18.39","United States"
"6946","Gyre Therapeutics","GYRE","760262080","7.17","United States"
"6947","Crescent Biopharma","CBIO","760024128","20.46","United States"
"6948","Gold Royalty Corp","GROY","759912768","3.28","Canada"
"6949","Asseco Business Solutions","ABS.WA","759414252","23.1426","Poland"
"6950","Vitesse Energy","VTS","759140864","18.03","United States"
"6951","Tron Inc.","TRON","759011328","1.6","United States"
"6952","First Milling Company","2283.SR","758967983","13.6751","Saudi Arabia"
"6953","Washington Trust Bancorp","WASH","758776448","39.78","United States"
"6954","First Watch Restaurant","FWRG","758445824","12.29","United States"
"6955","Third Coast Bancshares","TCBX","757301504","45.47","United States"
"6956","The Manitowoc Company","MTW","756940672","20.99","United States"
"6957","Shen Zhen Shengxunda Technology (gamexun)","300518.SZ","756931868","3.79583","China"
"6958","Canada Goose","GOOS","756869696","7.75","Canada"
"6959","Sanofi India Limited","SANOFI.NS","756666972","32.8548","India"
"6960","Phu Nhuan Jewelry (PNJ)","PNJ.VN","756533010","1.4784","Vietnam"
"6961","Coastal Financial Corporation","CCB","756214592","49.47","United States"
"6962","Saudi Steel Pipes","1320.SR","755779198","14.9534","Saudi Arabia"
"6963","National Investments Company (Kuwait)","NINV.KW","755698961","948.773","Kuwait"
"6964","Yesway, Inc.","YSWY","755314240","24.22","United States"
"6965","Green Dot","GDOT","755053632","13.25","United States"
"6966","Bain Capital Specialty Finance","BCSF","754420736","11.63","United States"
"6967","Golden Entertainment","GDEN","753686080","28.55","United States"
"6968","Agthia Group","AGTHIA.AE","753559669","0.91","United Arab Emirates"
"6969","IsoEnergy","ISO.TO","753224658","11.5425","Canada"
"6970","Zevra Therapeutics","ZVRA","752689408","12.675","United States"
"6971","Tata Teleservices","TTML.NS","752418724","0.384883","India"
"6972","Nachi-Fujikoshi","6474.T","752024113","34.5025","Japan"
"6973","Liberty Financial Group","LFG.AX","751984448","2.47689","Australia"
"6974","Riyadh Cement Company","3092.SR","750998646","6.25832","Saudi Arabia"
"6975","PVA TePla AG","TPE.DE","750973725","36.7717","Germany"
"6976","Pantoro Limited","PNR.AX","750016291","1.92447","Australia"
"6977","2CRSI","AL2SI.PA","749883142","33.1899","France"
"6978","Paisalo Digital","PAISALO.NS","749384743","0.819762","India"
"6979","Papa John's Pizza","PZZA","749297600","22.76","United States"
"6980","Emirates Stallions Group (ESG)","ESG.AE","748727172","2.99","United Arab Emirates"
"6981","Evli","EVLI.HE","748439402","28.2591","Finland"
"6982","Ghitha","GHITHA.AE","747250409","3.09","United Arab Emirates"
"6983","Viña Concha y Toro","CONCHATORO.SN","747209342","1.0111","Chile"
"6984","TXT e-solutions","TXT.MI","746995736","59.1929","Italy"
"6985","Sto SE &amp; Co. KGaA","STO3.DE","745801625","116.06","Germany"
"6986","GMR Solutions Inc.","GMRS","745499648","13.8","United States"
"6987","Pakistan Oilfields Limited","POL.PK","744964715","2.62445","Pakistan"
"6988","Fidus Investment Corporation","FDUS","744664640","19.62","United States"
"6989","Daiichi Jitsugyo","8059.T","744080424","23.424","Japan"
"6990","Indian Metals &amp; Ferro Alloys","IMFA.NS","743627411","13.7826","India"
"6991","KDH (Khang Dien House Trading and Investment)","KDH.VN","743131471","0.662201","Vietnam"
"6992","PubMatic","PUBM","742010496","16.29","United States"
"6993","Al Meera Consumer Goods Company","MERS.QA","741939530","3.60165","Qatar"
"6994","GFT Technologies","GFT.DE","741762979","29.015","Germany"
"6995","River City Bank","RCBC","741728384","53","United States"
"6996","LINK Mobility Group","LINK.OL","741009538","2.62472","Norway"
"6997","VP Bank","VPBN.SW","740158374","117.756","Liechtenstein"
"6998","Similarweb","SMWB","739524160","8.38","Israel"
"6999","indie Semiconductor","INDI","739510080","3.5","United States"
"7000","Genomma Lab Internacional","LABB.MX","738200970","0.754998","Mexico"
"7001","Bowman Consulting Group","BWMN","737897792","42.57","United States"
"7002","Halfords Group","HFD.L","737581932","3.40555","United Kingdom"
"7003","IFA Hotels and Resorts","IFAHR.KW","737498689","2027.07","Kuwait"
"7004","Movado Group","MOV","737419648","33.05","United States"
"7005","Warteck Invest","WARN.SW","735879002","2378.6","Switzerland"
"7006","APG|SGA","APGN.SW","735270950","245.274","Switzerland"
"7007","Synergie SE","SDG.PA","734933683","32.3293","France"
"7008","Ardmore Shipping","ASC","734925184","17.99","Bermuda"
"7009","Agomab Therapeutics","AGMB","734287296","14.91","Belgium"
"7010","Avon Protection","AVON.L","733798609","24.9154","United Kingdom"
"7011","Southern Province Cement Company","3050.SR","733741655","5.24101","Saudi Arabia"
"7012","Südwestdeutsche Salzwerke","SSH.F","733166631","69.7756","Germany"
"7013","Mochida Pharmaceutical","4534.T","732231134","20.76","Japan"
"7014","Verastem Oncology","VSTM","731752576","8.08","United States"
"7015","Mama's Creations","MAMA","730785728","15.5","United States"
"7016","Merida Industry","9914.TW","730733830","2.44406","Taiwan"
"7017","Frequency Electronics","FEIM","729669120","65.28","United States"
"7018","Super Hi International","9658.HK","729396094","1.2397","Singapore"
"7019","LSI Industries","LYTS","729204352","19.57","United States"
"7020","Air New Zealand","AIR.NZ","729132816","0.225489","New Zealand"
"7021","Cancom","COK.F","728602751","25.3518","Germany"
"7022","N-Able","NABL","727286208","3.85","United States"
"7023","Paysign","PAYS","727232576","12.88","United States"
"7024","Carter Bankshares","CARE","726420928","31.36","United States"
"7025","The Shibusawa Warehouse","9304.T","726295870","13.1057","Japan"
"7026","Bergman &amp; Beving","BERG-B.ST","726143405","27.1848","Sweden"
"7027","SF Urban Properties (SFP)","SFPN.SW","725398913","124.181","Switzerland"
"7028","Fujibo Holdings","3104.T","725172852","21.5072","Japan"
"7029","Lifenet Insurance Company","7157.T","725089389","9.02522","Japan"
"7030","CIR S.p.A. - Compagnie Industriali Riunite","CIR.MI","724839411","0.876846","Italy"
"7031","Collegium Pharmaceutical","COLL","724451136","23.37","United States"
"7032","Fundamenta Real Estate AG","FREN.SW","724368254","21.1912","Switzerland"
"7033","Arrow Financial","AROW","724092352","39.09","United States"
"7034","Array Technologies","ARRY","722984000","4.7","United States"
"7035","Axial Retailing","8255.T","722824775","8.32348","Japan"
"7036","Propel Holdings","PRL.TO","722398255","18.3476","Canada"
"7037","Once Upon A Farm","OFRM","721819328","17.19","United States"
"7038","PennantPark Floating Rate Capital Ltd.","PFLT","721314112","7.27","United States"
"7039","Barco NV","BAR.BR","721084545","8.8598","Belgium"
"7040","Truecaller","TRUE-B.ST","719667801","2.33758","Sweden"
"7041","Mühlbauer Holding","MUB.DE","719576957","50.7036","Germany"
"7042","PRA Group","PRAA","719453440","19.11","United States"
"7043","Lotus Technology","LOT","719429184","1.11","China"
"7044","Caisse Régionale de Crédit Agricole du Morbihan","CMO.PA","719352187","137.202","France"
"7045","The Star Entertainment Group","SGR.AX","718826180","0.108319","Australia"
"7046","Assembly Biosciences","ASMB","718321792","35.28","United States"
"7047","Salhia Real Estate Company","SRE.KW","717881618","1194.87","Kuwait"
"7048","Ridley Corporation","RIC.AX","717331553","1.91363","Australia"
"7049","Foresight Group","FSG.L","716892859","6.48612","United Kingdom"
"7050","Waga Energy","WAGA.PA","716813622","26.8054","France"
"7051","Velocity Financial","VEL","715404032","18.12","United States"
"7052","VersaBank","VBNK","715164864","22.06","Canada"
"7053","Nxera Pharma","4565.T","714647359","7.79067","Japan"
"7054","Ballard Power Systems","BLDP","714570368","2.37","Canada"
"7055","TANLA","TANLA.NS","714448335","5.41041","India"
"7056","Hyliion","HYLN","714388864","4","United States"
"7057","Community West Bancshares","CWBC","714089984","26.32","United States"
"7058","Séché Environnement","SCHP.PA","712497288","91.7549","France"
"7059","SOPHiA GENETICS","SOPH","711668608","8.36","Switzerland"
"7060","Peoples Financial Services","PFIS","711236608","71.05","United States"
"7061","BridgeBio Oncology Therapeutics","BBOT","710343936","8.86","United States"
"7062","XOMA Royalty","XOMA","710155008","40.17","United States"
"7063","Collins Foods Limited","CKF.AX","709891507","5.99365","Australia"
"7064","Momentum Group AB","MMGR-B.ST","709881382","14.3594","Sweden"
"7065","DRI Healthcare Trust","DHT-UN.TO","709850469","12.6163","Canada"
"7066","Pinewood Technologies Group","PINE.L","709600456","6.07989","United Kingdom"
"7067","Kakao Games","293490.KQ","708253368","6.65706","South Korea"
"7068","ENCE Energía y Celulosa","ENC.MC","707329877","2.92127","Spain"
"7069","Transport Corporation of India","TCI.NS","707062419","9.20281","India"
"7070","Cass Information Systems","CASS","707023872","55.34","United States"
"7071","Enhabit","EHAB","706913408","13.8","United States"
"7072","Doman Building Materials Group","DBM.TO","706532998","8.03842","Canada"
"7073","Catapult Group International","CAT.AX","706198936","2.23498","Australia"
"7074","Patrizia Immobilien","P1Z.VI","705812008","8.16374","Germany"
"7075","Latitude Group Holdings","LFS.AX","705769034","0.678798","Australia"
"7076","K-Electric","KEL.PK","705603154","0.0255513","Pakistan"
"7077","Hovnanian Enterprises","HOV","705352960","118.35","United States"
"7078","Donegal Group","DGICA","705266304","19","United States"
"7079","Rapid7","RPD","705010688","10.46","United States"
"7080","Better Collective A/S","BETCO-DKK.CO","704011588","12.3512","Denmark"
"7081","THG (The Hut Group)","THG.L","703931538","0.443602","United Kingdom"
"7082","DATAGROUP SE","D6H.DE","703390793","84.8","Germany"
"7083","Maxvalu Tokai","8198.T","703389919","22.0595","Japan"
"7084","New Era Energy & Digital","NUAI","703291584","6.6","United States"
"7085","Ackerstein Group","ACKR.TA","702598104","2.43534","Israel"
"7086","Aoyama Trading","8219.T","702367913","4.94807","Japan"
"7087","Kornit Digital","KRNT","702073216","16.34","Israel"
"7088","Doshisha Co.","7483.T","701994263","19.5579","Japan"
"7089","Cicor Technologies","CICN.SW","701976321","160.88","Switzerland"
"7090","TaskUs","TASK","701405760","7.65","United States"
"7091","Park Aerospace","PKE","701041536","32.23","United States"
"7092","Uchida Yoko Co., Ltd.","8057.T","700861344","14.2103","Japan"
"7093","Funai Soken Holdings Incorporated","9757.T","700717094","7.50478","Japan"
"7094","Hutchison Telecommunications Hong Kong Holdings","0215.HK","700680455","0.145397","Hong Kong"
"7095","American Woodmark","AMWD","700651840","48.09","United States"
"7096","Allied Bank (Pakistan)","ABL.PK","699259971","0.610668","Pakistan"
"7097","Campus Activewear","CAMPUS.NS","699038263","2.28683","India"
"7098","California BanCorp","BCAL","698631232","21.73","United States"
"7099","SNP Schneider-Neureither &amp; Partner","SHF.DE","698499827","95.8251","Germany"
"7100","Zignago Vetro","ZV.MI","697992755","7.9079","Italy"
"7101","Jahez International Company for Information Systems Technology","6017.SR","696815617","3.41411","Saudi Arabia"
"7102","Shoei Co., Ltd.","7839.T","696642330","13.6056","Japan"
"7103","Ricegrowers Limited","SGLLV.AX","696589461","10.0592","Australia"
"7104","Dubai Refreshment","DRC.AE","696454804","7.73839","United Arab Emirates"
"7105","Ascopiave","ASC.MI","695953820","3.21549","Italy"
"7106","SPARC","SPARC.NS","695779971","2.14402","India"
"7107","Hello Group Inc.","MOMO","695455872","5.26","China"
"7108","New Mountain Finance Corporation","NMFC","695169600","7.36","United States"
"7109","Credit Corp Group","CCP.AX","695022690","10.2109","Australia"
"7110","ASOS","ASC.L","693427998","5.79553","United Kingdom"
"7111","IDEC Corporation","6652.T","693325866","23.3915","Japan"
"7112","Metals Exploration","MTL.L","693287086","0.226676","United Kingdom"
"7113","Mativ Holdings","MATV","693187648","12.56","United States"
"7114","Mesa Laboratories","MLAB","692432832","123.74","United States"
"7115","NIPPON KANZAI Holdings","9347.T","692425503","19.0641","Japan"
"7116","Keihanshin Building","8818.T","691814331","7.25137","Japan"
"7117","Mensch und Maschine","MUM.F","691728435","41.5165","Germany"
"7118","Osisko Development","ODV","691717504","2.27","Canada"
"7119","Information Services Corporation","ISC.TO","691510005","36.9782","Canada"
"7120","Seika Corporation","8061.T","691066681","19.3955","Japan"
"7121","Franklin BSP Realty Trust","FBRT","690937856","8.32","United States"
"7122","Direct Finance of Direct Group","DIFI.TA","690272205","231.101","Israel"
"7123","Cromwell Property Group","CMW.AX","690270339","0.263576","Australia"
"7124","Algoma Central Corporation","ALC.TO","690169161","17.0127","Canada"
"7125","Midland States Bancorp","MSBI","689800256","33.24","United States"
"7126","Mediterranean Towers","MDTR.TA","689199696","4.53249","Israel"
"7127","Ironwood Pharmaceuticals","IRWD","689050624","4.17","United States"
"7128","Suprajit Engineering","SUPRAJIT.NS","688153932","5.01645","India"
"7129","New Found Gold","NFGC","688000000","1.79","Canada"
"7130","Maharah for Human Resources Company","1831.SR","687332981","1.20639","Saudi Arabia"
"7131","AO World","AO.L","686621033","1.23494","United Kingdom"
"7132","ES-CON JAPAN","8892.T","686604681","7.1604","Japan"
"7133","Scholastic","SCHL","684711488","36.3","United States"
"7134","GOLDCREST Co.,Ltd.","8871.T","684559848","20.5975","Japan"
"7135","Stratasys","SSYS","684054464","7.81","Israel"
"7136","Oeneo","SBT.PA","683321876","10.9082","France"
"7137","Wacom Co., Ltd.","6727.T","683203741","5.14613","Japan"
"7138","SmarTone Telecommunications","0315.HK","683125729","0.620487","Hong Kong"
"7139","Hingham Institution for Savings","HIFS","682443840","310.59","United States"
"7140","Auction Technology Group","ATG.L","681775492","5.63033","United Kingdom"
"7141","MiMedx Group","MDXG","681513216","4.67","United States"
"7142","mobilezone Holding","MOZN.SW","681246109","15.7914","Switzerland"
"7143","COVER Corporation","5253.T","681202342","10.6821","Japan"
"7144","RE/MAX Holdings","RMAX","681161536","12.36","United States"
"7145","SLR Investment","SLRC","679750720","12.46","United States"
"7146","Ecclesiastical Insurance Office plc","ELLA.L","679526012","1.93775","United Kingdom"
"7147","EPC Groupe","EXPL.PA","679018195","317.479","France"
"7148","Diagnosticos da America (DASA)","DASA3.SA","678492126","0.542869","Brazil"
"7149","Udemy","UDMY","677283328","4.63","United States"
"7150","Red River Bancshares","RRBI","677241152","102.86","United States"
"7151","Property For Industry","PFI.NZ","676877493","1.34708","New Zealand"
"7152","Bloomsbury Publishing","BMY.L","676520645","8.36831","United Kingdom"
"7153","Japan Lifeline","7575.T","676464564","9.6425","Japan"
"7154","ParkOhio Holdings Corp.","PKOH","675596736","46.625","United States"
"7155","Janus International Group","JBI","675357120","4.95","United States"
"7156","Oculis Holding AG","OCS","675219968","12.16","Switzerland"
"7157","LightPath Technologies","LPTH","674986112","10.75","United States"
"7158","Shentel","SHEN","674895424","12.19","United States"
"7159","Cannae Holdings","CNNE","674469248","15.55","United States"
"7160","SIG (Semen Indonesia)","SMGR.JK","673057317","0.0999262","Indonesia"
"7161","Granite Ridge Resources","GRNT","672691200","5.1","United States"
"7162","Hapvida","HAPV3.SA","671875533","1.41421","Brazil"
"7163","Carlton Investments","CIN.AX","671669576","25.4983","Australia"
"7164","Bar Harbor Bankshares","BHB","671481472","40.05","United States"
"7165","OTC Markets Group","OTCM","671074368","56","United States"
"7166","EnQuest","ENQ.L","670501439","0.359513","United Kingdom"
"7167","Aditya Birla Fashion and Retail","ABFRL.NS","670454440","0.551008","India"
"7168","Tiptree","TIPT","669197248","17.97","United States"
"7169","Grendene","GRND3.SA","668976505","0.741528","Brazil"
"7170","Contango Ore","CTGO","668813824","20","United States"
"7171","Systems Limited (Pakistan)","SYS.PK","668506290","0.453715","Pakistan"
"7172","Arena REIT","ARF.AX","668035376","1.64284","Australia"
"7173","Duc Giang Chemicals Group","DGC.VN","667470702","1.75753","Vietnam"
"7174","International Tower Hill Mines","THM","667219520","2.51","Canada"
"7175","BlossomHill Therapeutics","BLSM","666830976","22.93","United States"
"7176","Okamoto Industries","5122.T","665839800","39.1808","Japan"
"7177","Pollen Street Group","POLN.L","665838062","11.2661","United Kingdom"
"7178","WhiteHawk Minerals Corp","WHK","665796672","27.98","United States"
"7179","Consensus Cloud Solutions","CCSI","665744448","36.33","United States"
"7180","Sagimet Biosciences","SGMT","665719168","10.71","United States"
"7181","AGNT, Inc","AGNT","665129408","3.98","United States"
"7182","Earth Corporation","4985.T","664403317","30.3115","Japan"
"7183","ACNB Corporation","ACNB","664401536","65.33","United States"
"7184","Creotech Instruments","CRI.WA","663542804","189.348","Poland"
"7185","Saudi Ceramic Company","2040.SR","663117496","6.65246","Saudi Arabia"
"7186","Litgrid AB","LGD1L.VS","662745047","1.31411","Lithuania"
"7187","CJ CGV Co., Ltd.","079160.KS","662364035","4.00021","South Korea"
"7188","Calian Group","CGY.TO","662251355","57.4733","Canada"
"7189","Shibaura Machine","6104.T","662230682","28.0048","Japan"
"7190","Rashtriya Chemicals and Fertilizers","RCF.NS","661795371","1.19958","India"
"7191","Alpha HPA Limited","A4N.AX","660524850","0.454939","Australia"
"7192","Bahnhof AB","3B7.F","660476653","6.14025","Sweden"
"7193","Interfor","IFP.TO","660351061","10.0408","Canada"
"7194","Acast AB","ACAST.ST","659784237","3.61594","Sweden"
"7195","G City","GCT.TA","659471059","3.85942","Israel"
"7196","Hindustan Construction Company","HCC.NS","659232433","0.251667","India"
"7197","Mannai Corporation","MCCS.QA","659222486","1.44505","Qatar"
"7198","Civmec Limited","CVL.AX","658744053","1.29261","Australia"
"7199","Enviri Corporation","NVRI","657393600","23.32","United States"
"7200","Artea Bankas","ROE1L.VS","657271016","1.01754","Lithuania"
"7201","Integral Corporation","5842.T","657240866","19.2785","Japan"
"7202","Praj Industries","PRAJIND.NS","656960036","3.57407","India"
"7203","Fiera Milano","FM.MI","656828154","9.19874","Italy"
"7204","Autohellas","OTOEL.AT","656756332","13.676","Greece"
"7205","Bright Minds Biosciences","DRUG","656525056","66.91","United States"
"7206","Shizuoka Gas","9543.T","656059136","8.70034","Japan"
"7207","Oma Säästöpankki","OMASP.HE","656037141","19.7465","Finland"
"7208","Legacy Housing Corporation","LEGH","655658688","27.57","United States"
"7209","Zion Oil &amp; Gas","ZNOG","654463040","0.5491","United States"
"7210","Kempower","KEMPOWR.HE","654460623","11.8037","Finland"
"7211","Morita Holdings Corporation","6455.T","654412188","15.9322","Japan"
"7212","Duniec Bros.","DUNI.TA","653954794","84.7149","Israel"
"7213","Aquestive Therapeutics","AQST","653915712","5.21","United States"
"7214","Helen of Troy","HELE","653808128","28.07","United States"
"7215","Altimmune","ALT","653579456","3.36","United States"
"7216","Gladstone Investment","GAIN","653080256","16.4","United States"
"7217","Movida Participações","MOVI3.SA","652657833","1.61484","Brazil"
"7218","Italtile","ITE.JO","652587200","0.558188","South Africa"
"7219","Shattuck Labs","STTK","652361152","6.5","United States"
"7220","Norma Group","NOEJ.F","652309228","22.7468","Germany"
"7221","Kossan Rubber Industries","7153.KL","652258632","0.258812","Malaysia"
"7222","Johnson Service Group PLC","JSG.L","651586427","1.80366","United Kingdom"
"7223","Jinko Solar","JKS","650961472","12.43","China"
"7224","Energy Absolute","EA.BK","650918645","0.0876445","Thailand"
"7225","Arabi Group Holding","AGHC.KW","650721123","1254.07","Kuwait"
"7226","PNE AG","PNE3.DE","650313238","8.48936","Germany"
"7227","Valneva SE","VALN","649540672","6.85","France"
"7228","Kearny Financial","KRNY","649293824","10","United States"
"7229","Tri Chemical Laboratories","4369.T","649293185","19.9802","Japan"
"7230","BellSystem24","6183.T","649245067","8.73283","Japan"
"7231","Viaplay Group","VPLAY-B.ST","649162647","0.143281","Sweden"
"7232","International Financial Advisors Holding","IFA.KW","647950657","1139.82","Kuwait"
"7233","Lumibird","LBIRD.PA","647932459","29.3639","France"
"7234","Nerdy, Inc,","NRDY","647906880","8.97","United States"
"7235","Armada Hoffler Properties","AHH","647902656","6.25","United States"
"7236","Digital Garage","4819.T","647778936","14.0479","Japan"
"7237","MapLight Therapeutics","MPLT","646970752","13.95","United States"
"7238","ASP Isotopes","ASPI","646965504","4.22","United States"
"7239","Groupe CRIT","CEN.PA","646869042","61.4025","France"
"7240","Evotec","EVO","646808192","1.82","Germany"
"7241","Atal S.A.","1AT.WA","646437492","14.9429","Poland"
"7242","Prime Medicine","PRME","645701632","3.56","United States"
"7243","Yanbu Cement Company","3060.SR","644680383","4.09321","Saudi Arabia"
"7244","BFF Bank","BFF.MI","644528677","3.41202","Italy"
"7245","Rogers Sugar (Lantic)","RSI.TO","644406870","5.01313","Canada"
"7246","Zuken Inc.","6947.T","644315452","30.5714","Japan"
"7247","The Oncology Institute","STLN","644109824","6.32","United States"
"7248","Floridienne S.A.","FLOB.BR","643094687","65.7053","Belgium"
"7249","Allogene Therapeutics","ALLO","642613056","1.86","United States"
"7250","FleetPartners Group","FPR.AX","641759743","3.00404","Australia"
"7251","Reitir fasteignafélag","REITIR.IC","640530469","0.95317","Iceland"
"7252","Citycon","CTY1S.HE","640431457","3.48878","Finland"
"7253","Slate Grocery REIT","SGR-UN.TO","640193878","10.8025","Canada"
"7254","Grid Dynamics","GDYN","640091072","7.89","United States"
"7255","Hyster-Yale Materials Handling","HY","639935552","35.69","United States"
"7256","Sembcorp Salalah Power & Water Company","SSPW.OM","639687193","0.67013","Oman"
"7257","Vaalco Energy","EGY","639566016","6.08","United States"
"7258","Klaveness Combination Carriers","KCC.OL","639498703","10.7809","Norway"
"7259","Northfield Bancorp","NFBK","639406784","15.31","United States"
"7260","Gladstone Commercial","GOOD","639128960","13.09","United States"
"7261","Claritev","CTEV","639088832","37.71","United States"
"7262","Schweiter Technologies","SWTQ.SW","638678716","446.064","Switzerland"
"7263","Sveafastigheter AB","SVEAF.ST","638435158","3.23504","Sweden"
"7264","Bluelinx","BXC","638013824","81.17","United States"
"7265","Hypoport","HYQ.F","637809533","96.3484","Germany"
"7266","Samhällsbyggnadsbolaget i Norden","SBB-B.ST","637586149","0.326635","Sweden"
"7267","CorMedix","CRMD","637584576","8.18","United States"
"7268","Matthews International Corporation","MATW","636436544","20.39","United States"
"7269","Vinci Compass Investments","VINP","636160768","9.69","Brazil"
"7270","Wakita & Co.,LTD.","8125.T","635899891","12.7874","Japan"
"7271","Bank Alfalah","BAFL.PK","635783847","0.201559","Pakistan"
"7272","Village Super Market","VLGEA","635327168","42.9","United States"
"7273","Bannerman Energy","BMN.AX","634779777","3.05459","Australia"
"7274","Phreesia","PHR","634365056","10.22","United States"
"7275","Greenlam Industries","GREENLAM.NS","633859336","2.48428","India"
"7276","Sprout Social","SPT","633188608","10.45","United States"
"7277","RAK Ceramics","RAKCEC.AE","633087557","0.64","United Arab Emirates"
"7278","Credit Agricole Mutuel Toulouse 31","CAT31.PA","632753094","140.202","France"
"7279","MCAN Mortgage Corporation","MKP.TO","632543668","15.4602","Canada"
"7280","DocMorris","DOCM.SW","632464397","12.4058","Switzerland"
"7281","DoubleDown Interactive","DDI","631806336","12.75","United States"
"7282","GDI Integrated Facility Services","GDI.TO","631553405","26.8246","Canada"
"7283","TINC NV","TINC.BR","631503981","13.0248","Belgium"
"7284","Yext","YEXT","631484160","6.38","United States"
"7285","Bank AL Habib","BAHL.PK","631220977","0.567938","Pakistan"
"7286","Ooma","OOMA","630936000","22.86","United States"
"7287","Miller Industries","MLR","630840832","55.57","United States"
"7288","OppFi","OPFI","630541056","7.4","United States"
"7289","Northern Data AG","NB2.DE","630469740","9.82091","Germany"
"7290","SMCP S.A.","SMCP.PA","629525109","8.05908","France"
"7291","Saudi Paper Manufacturing Company","2300.SR","629353312","17.0306","Saudi Arabia"
"7292","AngioDynamics","ANGO","629078976","15.22","United States"
"7293","Onterris","ONT","628953088","17.91","United States"
"7294","Al-Maidan Clinic for Oral Health Services","MIDAN.KW","628837181","3105.37","Kuwait"
"7295","GlobalData","DATA.L","628166544","0.960054","United Kingdom"
"7296","Hayat Communications Company","DIGITUS.KW","626988959","5838.35","Kuwait"
"7297","Arnoldo Mondadori Editore","MN.MI","626839327","2.41889","Italy"
"7298","Aeon Kyushu","2653.T","626532921","18.3298","Japan"
"7299","Roland Corporation","7944.T","626309573","23.7164","Japan"
"7300","Alfa Financial Software","ALFA.L","626102641","2.10427","United Kingdom"
"7301","Natural Grocers by Vitamin Cottage","NGVC","625925312","27.16","United States"
"7302","A'ayan Leasing and Investment Company","AAYAN.KW","625721321","942.296","Kuwait"
"7303","oOh!media Limited","OML.AX","625554127","1.18429","Australia"
"7304","Avalon Pharma (Middle East Pharmaceutical)","4016.SR","625432729","17.8695","Saudi Arabia"
"7305","Onward Holdings Co., Ltd.","8016.T","625166115","4.58733","Japan"
"7306","Basler Kantonalbank","BSKP.SW","625097992","122.575","Switzerland"
"7307","ACICO Industries Company","ACICO.KW","624931683","1891.07","Kuwait"
"7308","Nichiha Corporation","7943.T","624417933","19.1875","Japan"
"7309","MediaAlpha","MAX","623524160","11.77","United States"
"7310","AH Realty Trust","AHRT","623409792","6.5","United States"
"7311","Forge Global","FRGE","623007296","45","United States"
"7312","Chatham Lodging Trust","CLDT","622830464","12.72","United States"
"7313","Integral Diagnostics Limited","IDX.AX","622316368","1.66811","Australia"
"7314","Enghouse Systems","ENGH.TO","621340762","11.4277","Canada"
"7315","JBCC Holdings","9889.T","619788528","10.1753","Japan"
"7316","ADENTRA Inc.","ADEN.TO","619514529","25.5517","Canada"
"7317","Craneware","CRW.L","619374842","18.0907","United Kingdom"
"7318","Weebit Nano","WBT.AX","618896796","2.57077","Australia"
"7319","Seco S.p.A.","IOT.MI","618665391","4.66915","Italy"
"7320","MISTRAS Group","MG","618524928","19.42","United States"
"7321","ADTRAN","ADTN","617629056","7.58","United States"
"7322","Summit Hotel Properties","INN","616921792","5.72","United States"
"7323","Care Property Invest NV","CPINV.BR","616470307","14.5831","Belgium"
"7324","OmniAb","OABI","616455232","4.24","United States"
"7325","Medgulf (The Mediterranean and Gulf Cooperative Insurance and Reinsurance Company)","8030.SR","615915597","4.45806","Saudi Arabia"
"7326","The Honest Company","HNST","615812288","5.74","United States"
"7327","Audax Renovables","ADX.MC","615561067","1.38388","Spain"
"7328","IPH Limited","IPH.AX","614917038","2.39746","Australia"
"7329","ECN Capital","ECN.TO","614662284","2.18172","Canada"
"7330","Solowin Holdings","SWIN","614008064","3.28","Hong Kong"
"7331","ME Group International","MEGP.L","613835700","1.63846","United Kingdom"
"7332","Bit Digital","BTBT","613076992","1.7","United States"
"7333","West Holdings","1407.T","613046796","15.4579","Japan"
"7334","DIP Corporation","2379.T","612670576","11.7023","Japan"
"7335","Transport International Holdings","0062.HK","612293257","1.14149","Hong Kong"
"7336","EagleRock Land","EROK","611881344","25.02","United States"
"7337","Factorial Energy","FAC","611196992","5.69","United States"
"7338","NerdWallet","NRDS","611105600","9.56","United States"
"7339","RWS Holdings","RWS.L","610647876","1.64523","United Kingdom"
"7340","Qatari Investors Group","QIGD.QA","610362497","0.490934","Qatar"
"7341","Hankyu Hanshin REIT","8977.T","609816667","877.182","Japan"
"7342","Tian An China Investments Company","0028.HK","609567399","0.415783","Hong Kong"
"7343","Sturm, Ruger &amp; Co","RGR","608611776","38.09","United States"
"7344","Grenke","GLJ.F","608287142","13.769","Germany"
"7345","Cognyte Software","CGNT","608200128","8.23","Israel"
"7346","Betterware de Mexico","BWMX","607674944","15.39","Mexico"
"7347","Bawan Company","1302.SR","607190394","10.1198","Saudi Arabia"
"7348","Pepper Money Limited","PPM.AX","606835836","1.35038","Australia"
"7349","Gemini Space Station","GEMI","606772288","4.68","United States"
"7350","Endúr ASA","ENDUR.OL","605988523","11.8438","Norway"
"7351","Zephyrus Wing Energies","ZPRS.TA","605717680","8.89257","Israel"
"7352","Patriot Battery Metals","PMET.TO","605698843","3.25745","Canada"
"7353","WashTec AG","WSU.DE","605497273","45.5867","Germany"
"7354","Kimball Electronics","KE","605311424","25.17","United States"
"7355","Lumax Industries","LUMAXIND.NS","604692012","64.6886","India"
"7356","First Business Financial Services","FBIZ","604527424","72.24","United States"
"7357","Modern Mills for Food Products","2284.SR","604096646","7.45672","Saudi Arabia"
"7358","SMASCO (Saudi Manpower Solutions Company)","1834.SR","603994655","1.50999","Saudi Arabia"
"7359","Gokaldas Exports","GOKEX.NS","603871109","8.24087","India"
"7360","Sumitomo Seika Chemicals Company","4008.T","603745457","9.42158","Japan"
"7361","F.I.L.A. - Fabbrica Italiana Lapis ed Affini","FILA.MI","603722220","11.9316","Italy"
"7362","AmRest","EAT.MC","603714443","2.81428","Spain"
"7363","Reservoir Media","RSVR","603266304","9.15","United States"
"7364","Trilogy Metals","TMQ","602882240","3.49","Canada"
"7365","Cars.com","CARS","602243008","11.25","United States"
"7366","Raymond","RAYMOND.NS","602141343","9.04776","India"
"7367","Pakistan State Oil Company","PSO.PK","601730285","1.28171","Pakistan"
"7368","ODDITY Tech","ODD","600772288","13.025","Israel"
"7369","Cytek Biosciences","CTKB","600522624","4.62","United States"
"7370","Lycopodium","LYL.AX","600350614","15.1069","Australia"
"7371","Al-Saif Stores for Development &amp; Investment","4192.SR","600266327","1.71505","Saudi Arabia"
"7372","ProCredit","PCZ.DE","600012580","10.1872","Germany"
"7373","NioCorp Developments","NB","599818560","4.12","United States"
"7374","Contineum Therapeutics","CTNM","599680832","15.94","United States"
"7375","Nanosonics Limited","NAN.AX","598987378","2.0039","Australia"
"7376","Centiel","CNTL.SW","598925092","7.33968","Switzerland"
"7377","Atos","ATO.PA","598086402","30.2826","France"
"7378","W&amp;T Offshore","WTI","597734080","3.96","United States"
"7379","WA1 Resources","WA1.AX","597525241","8.03726","Australia"
"7380","Bridgewater Bancshares","BWB","596992640","21.41","United States"
"7381","Avax S.A.","AVAX.AT","596804839","4.02372","Greece"
"7382","United International Holding Company","4083.SR","596804226","7.95739","Saudi Arabia"
"7383","Shinagawa Refractories","5351.T","596573424","13.0733","Japan"
"7384","Northpointe Bancshares","NPB","596536768","17.25","United States"
"7385","Wellneo Sugar","2117.T","596263687","18.2129","Japan"
"7386","Singapore Post","S08.SI","595573452","0.264415","Singapore"
"7387","Obrascón Huarte Lain","OHLA.MC","595486398","0.430748","Spain"
"7388","Southern First Bancshares","SFST","594920960","62.81","United States"
"7389","Nilfisk Holding","NLFSK.CO","594716482","21.9239","Denmark"
"7390","YG Entertainment","122870.KQ","594500018","32.0539","South Korea"
"7391","Maxell, Ltd.","6810.T","594466473","16.1271","Japan"
"7392","Bukalapak.com","BUKA.JK","594392566","0.00647249","Indonesia"
"7393","Tectonic Therapeutic","TECX","594300736","30.4","United States"
"7394","Verra Mobility","VRRM","594252736","3.91","United States"
"7395","FDC India","FDC.NS","594086470","3.64895","India"
"7396","Insteel Industries","IIIN","593523904","30.66","United States"
"7397","OneSpan","OSPN","593320000","16.1","United States"
"7398","Scribe Therapeutics","SCTX","593318848","31.34","United States"
"7399","Smith &amp; Wesson","SWBI","593228928","13.23","United States"
"7400","Grupo Empresarial San José","GSJ.MC","592864884","9.11734","Spain"
"7401","TPG Real Estate Finance Trust","TRTX","592656704","7.72","United States"
"7402","Sparebanken Møre","MORG.OL","592477320","11.9501","Norway"
"7403","Ecora Resources","ECOR.L","592473133","2.37508","United Kingdom"
"7404","Zojirushi","7965.T","592450171","9.33061","Japan"
"7405","Capital Bancorp","CBNK","592320960","36.36","United States"
"7406","Standard Lithium","SLI","592281984","2.4","Canada"
"7407","Unity Bancorp","UNTY","592210816","58.97","United States"
"7408","Mavi Giyim Sanayi ve Ticaret","MAVI.IS","592125707","0.755644","Turkey"
"7409","Tilray Brands","TLRY","591597952","4.3","Canada"
"7410","Limbach Holdings","LMB","590764160","49.54","United States"
"7411","Greene County Bancorp","GCBC","590103296","34.66","United States"
"7412","MyState Limited","MYS.AX","589525841","3.45898","Australia"
"7413","Meeza QSTP LLC (Public)","MEZA.QA","589430699","0.908242","Qatar"
"7414","Zura Bio","ZURA","587432640","6.13","United States"
"7415","Citi Trends, Inc.","CTRN","587254272","70.5","United States"
"7416","Jindal Worldwide","JINDWORLD.NS","587234069","0.58571","India"
"7417","Amotiv Limited","AOV.AX","586705183","4.3833","Australia"
"7418","Malam - Team","MLTM.TA","586655697","26.7938","Israel"
"7419","Docebo","DCBO","586566208","23.57","Canada"
"7420","Evolus","EOLS","586527936","8.88","United States"
"7421","Chrysos Corporation Limited","C79.AX","586527390","5.03322","Australia"
"7422","Saibu Gas Holdings","9536.T","586520922","16.2961","Japan"
"7423","Solid Power","SLDP","586425728","2.57","United States"
"7424","Arvinas","ARVN","585852480","9.08","United States"
"7425","BrightSpire Capital","BRSP","585806976","4.63","United States"
"7426","Energy Resources of Australia","ERA.AX","585494322","0.00144425","Australia"
"7427","VTEX","VTEX","585275712","3.54","United Kingdom"
"7428","Weave Communications","WEAV","584793536","7.31","United States"
"7429","SiteMinder","SDR.AX","584649539","2.06528","Australia"
"7430","Musti Group","MUSTI.HE","584355987","17.502","Finland"
"7431","Forward Air","FWRD","583395520","17.27","United States"
"7432","Galiano Gold","GAU","583349632","2.23","Canada"
"7433","Opthea","OPT","583100736","3.41","Australia"
"7434","NEC Capital Solutions","8793.T","583060845","27.0627","Japan"
"7435","IDI","IDIP.PA","582485853","81.6374","France"
"7436","Elior Group","ELIOR.PA","580981455","2.31422","France"
"7437","eDreams ODIGEO","EDR.MC","580851840","5.77393","Spain"
"7438","TV TOKYO Holdings","9413.T","580711703","21.7346","Japan"
"7439","Tadiran Group","TDRN.TA","580466031","67.6061","Israel"
"7440","OrthoPediatrics","KIDS","580159488","22.22","United States"
"7441","Eikon Therapeutics","EIKN","580107520","10.71","United States"
"7442","Weathernews Inc.","4825.T","579191173","13.0408","Japan"
"7443","H.I.S. Co., Ltd.","9603.T","579067576","7.74519","Japan"
"7444","RVRC Holding","RVRC.ST","579054908","5.5361","Sweden"
"7445","Northrim BanCorp","NRIM","579031296","26.03","United States"
"7446","Qualitas Limited","QAL.AX","578992831","1.92086","Australia"
"7447","REGENXBIO","RGNX","578275584","8.76","United States"
"7448","MSTC Limited","MSTCLTD.NS","578114930","8.21186","India"
"7449","Figeac Aero","FGA.PA","577866005","13.048","France"
"7450","Rayonier Advanced Materials","RYAM","577681536","8.54","United States"
"7451","Arabian Cement Company","3010.SR","577629792","5.7763","Saudi Arabia"
"7452","India Tourism Development Corp","ITDC.NS","577356672","6.7315","India"
"7453","Costamare Bulkers Holdings Limited","CMDB","576917376","23.74","Monaco"
"7454","Australian Agricultural Company","AAC.AX","576737395","0.956817","Australia"
"7455","Eastern Province Cement Company","3080.SR","576692376","6.70573","Saudi Arabia"
"7456","Miquel y Costas &amp; Miquel","MCM.MC","576689868","15.4669","Spain"
"7457","Arata Corporation","2733.T","575992129","17.2058","Japan"
"7458","Fourth Milling","2286.SR","575233005","1.06525","Saudi Arabia"
"7459","Titan Machinery","TITN","574438016","24.41","United States"
"7460","NRJ Group","NRG.PA","574401751","7.41947","France"
"7461","NETGEAR","NTGR","574292672","21.13","United States"
"7462","Krispy Kreme","DNUT","574284992","3.31","United States"
"7463","Blackline Safety","BLN.TO","574091047","6.56568","Canada"
"7464","FrontView REIT","FVR","572420224","18.94","United States"
"7465","Core Laboratories","CLB","572180288","12.47","Netherlands"
"7466","Qatar General Insurance & Reinsurance Company","QGRI.QA","571918753","0.653571","Qatar"
"7467","Universal Health Realty Income Trust","UHT","571513856","41.12","United States"
"7468","Aurelia Metals","AMI.AX","571506938","0.332178","Australia"
"7469","TomTom","TOM2.AS","571455548","4.60751","Netherlands"
"7470","Fujimori Kogyo","7917.T","571353888","7.9791","Japan"
"7471","Unilever Pakistan Foods","UPFL.PK","571257091","89.6803","Pakistan"
"7472","Vadilal Industries","VADILALIND.NS","571225071","79.4711","India"
"7473","Sekisui Jushi Corporation","4212.T","570695503","19.0316","Japan"
"7474","Civista Bancshares","CIVB","570385984","27.43","United States"
"7475","Integra Resources","ITRG","570073344","2.81","Canada"
"7476","MasterCraft Boat","MCFT","569950016","23.53","United States"
"7477","Gulf Keystone Petroleum","GKP.L","569445439","2.61882","Bermuda"
"7478","BrainsWay","BWAY","569344960","14.16","Israel"
"7479","Kyokuto Kaihatsu Kogyo","7226.T","569206963","14.7821","Japan"
"7480","PZ Cussons plc","PZC.L","568809555","1.35003","United Kingdom"
"7481","S Foods Inc.","2292.T","568012564","17.9335","Japan"
"7482","Wild Bunch","WBAH.F","566923642","23.6783","Germany"
"7483","The Rank Group","RNK.L","566825945","1.21733","United Kingdom"
"7484","Garofalo Health Care","GHC.MI","566778836","6.41935","Italy"
"7485","Wickes Group","WIX.L","566348957","2.57549","United Kingdom"
"7486","Arabian Mills for Food Products","2285.SR","565763357","11.0253","Saudi Arabia"
"7487","GAMCO Investors","GAMI","565504128","26.33","United States"
"7488","Western Copper and Gold","WRN","565438592","2.5","Canada"
"7489","Zeria Pharmaceutical","4559.T","565091162","12.8198","Japan"
"7490","Al-Ahleia Insurance","AINS.KW","564865575","2299.07","Kuwait"
"7491","init innovation in traffic systems","IXX.DE","564419492","51.6339","Germany"
"7492","AvenuesAI Limited","CCAVENUE.NS","563965697","0.162012","India"
"7493","Hollywood Bowl Group","BOWL.L","562864228","3.37847","United Kingdom"
"7494","Vetropack","VETN.SW","562165819","28.3578","Switzerland"
"7495","Aeris Resources","AIS.AX","562163576","0.375505","Australia"
"7496","Nichols plc","NICL.L","562118500","15.369","United Kingdom"
"7497","ARGO GRAPHICS","7595.T","562105458","8.18053","Japan"
"7498","Autolus Therapeutics","AUTL","561602944","2.11","United Kingdom"
"7499","3D Systems","DDD","561576960","3.38","United States"
"7500","Ryobi Limited","5851.T","561360683","17.6476","Japan"
"7501","MTY Food Group","MTY.TO","560271090","24.5288","Canada"
"7502","CSB Bank","CSBBANK.NS","559246751","3.29983","India"
"7503","Kyoei Steel","5440.T","559112942","12.8653","Japan"
"7504","Intrepid Potash","IPI","558990272","41.54","United States"
"7505","Delcath Systems","DCTH","557956608","16.08","United States"
"7506","TRE Holdings Corporation","9247.T","557623923","11.8582","Japan"
"7507","Alpen Co.,Ltd.","3028.T","557005459","14.8536","Japan"
"7508","AS Merko Ehitus","MRK1T.TL","556791480","31.4571","Estonia"
"7509","Kelly Services","KELYA","556753088","16.03","United States"
"7510","Gujarat Alkalies and Chemicals","GUJALKALI.NS","556733540","7.58111","India"
"7511","RCS MediaGroup","RCS.MI","555953503","1.07454","Italy"
"7512","Fulgent Genetics","FLGT","555808896","20.2","United States"
"7513","Inghams Group","ING.AX","555586938","1.4948","Australia"
"7514","Marshalls plc","MSLH.L","555468619","2.19649","United Kingdom"
"7515","Heimar","HEIMAR.IC","554623923","0.285951","Iceland"
"7516","York Water","YORW","554530560","34.17","United States"
"7517","Wabash National","WNC","554432896","13.61","United States"
"7518","Cabaletta Bio","CABA","554413568","3.27","United States"
"7519","Redwood Trust","RWT","553950784","4.41","United States"
"7520","IFB Industries","IFBIND.NS","553881098","13.6697","India"
"7521","Investors Title Company","ITIC","553749184","293.3","United States"
"7522","Cineplex","CGX.TO","553522483","8.78568","Canada"
"7523","Ur-Energy","URG","553030528","1.39","United States"
"7524","Tallink Grupp","T5N.F","552966365","0.715199","Estonia"
"7525","Gulf Oil Lubricants","GULFOILLUB.NS","552800675","11.1552","India"
"7526","Iwaki Co.","6237.T","552774684","24.9185","Japan"
"7527","Peet Limited","PPC.AX","552744003","1.18068","Australia"
"7528","Schoeller-Bleckmann Oilfield Equipment","SBO.VI","551645430","35.0041","Austria"
"7529","Asia Financial Holdings","0662.HK","551612538","0.596892","Hong Kong"
"7530","Kameda Seika","2220.T","551111181","8.71334","Japan"
"7531","Tatton Asset Management","TAM.L","550760862","9.07244","United Kingdom"
"7532","Equasens","EQS.PA","549788061","36.574","France"
"7533","XMax Inc.","XMAX","549739584","8.52","United States"
"7534","BMC Minerals","BMC.AX","549358954","2.00029","Canada"
"7535","NetDragon Websoft","0777.HK","548872444","1.04328","China"
"7536","Nueva Expresión Textil","NXT.MC","548437690","1.27457","Spain"
"7537","Happiest Minds Technologies","HAPPSTMNDS.NS","547823375","3.64579","India"
"7538","Plus Alpha Consulting","4071.T","547677771","13.0538","Japan"
"7539","Ethan Allen","ETD","547146368","21.71","United States"
"7540","Home Bancorp","HBCP","546859712","69.48","United States"
"7541","AMTD Digital","HKD","546846080","1.74","Hong Kong"
"7542","CARE's Ratings","CARERATING.NS","546187964","18.1535","India"
"7543","RaySearch Laboratories AB","RAY-B.ST","546156100","18.325","Sweden"
"7544","Nextensa","NEXTA.BR","545912038","54.0179","Belgium"
"7545","SEALSQ","LAES","545796288","2.45","Switzerland"
"7546","SD BioSensor","137310.KS","545456381","4.55994","South Korea"
"7547","E7 Group PJSC","E7.AE","545259746","0.26","United Arab Emirates"
"7548","Addiko Bank","ZYE1.F","545037257","28.2591","Austria"
"7549","Ooredoo Oman","ORDS.OM","544426097","0.836364","Oman"
"7550","everplay group plc","EVPL.L","544379884","3.77793","United Kingdom"
"7551","Pangaea Logistics Solutions","PANL","544087104","8.31","United States"
"7552","MapmyIndia","MAPMYINDIA.NS","544035448","10.2185","India"
"7553","ATHEX  (Athens Stock Exchange)","EXAE.AT","542911354","9.38481","Greece"
"7554","Wheels India","WHEELS.NS","542841279","22.2175","India"
"7555","BAVARIA Industries Group AG","B8A.MU","542413510","120.944","Germany"
"7556","Snt Dynamics","003570.KS","542090344","21.7549","South Korea"
"7557","VRL Logistics","VRLLOG.NS","542019037","3.09837","India"
"7558","NIPPON PARKING DEVELOPMENT","2353.T","541811651","1.74787","Japan"
"7559","SandRidge Energy","SD","541299328","14.6","United States"
"7560","Puravankara","PURVA.NS","541270976","2.2824","India"
"7561","Hokkaido Gas","9534.T","541248545","6.12728","Japan"
"7562","Mastek","MASTEK.NS","540995988","17.4479","India"
"7563","MOIL","MOIL.NS","539769840","2.65262","India"
"7564","Invictus Investment Company","INVICTUS.AE","539736998","0.48","United Arab Emirates"
"7565","Bouvet","BOUV.OL","539569232","5.27113","Norway"
"7566","Vastned Belgium NV","VASTB.BR","539072545","33.376","Belgium"
"7567","Kura Sushi USA","KRUS","538905984","44.355","United States"
"7568","Abacus Group","ABG.AX","538853396","0.602975","Australia"
"7569","Sinko Industries","6458.T","538372067","8.01809","Japan"
"7570","Chiron Real Estate","XRN","538225856","37.17","United States"
"7571","Almawarid Manpower Company","1833.SR","537949384","26.8975","Saudi Arabia"
"7572","PostNL","PNL.AS","537686932","1.04082","Netherlands"
"7573","Ovid Therapeutics","OVID","537069120","2.75","United States"
"7574","Columbus McKinnon","CMCO","536586304","18.59","United States"
"7575","Kid ASA","KID.OL","536055879","13.1887","Norway"
"7576","ARS Pharmaceuticals","SPRY","536021184","5.39","United States"
"7577","Laurent-Perrier","LPE.PA","535354717","93.2667","France"
"7578","Unitika Ltd.","3103.T","534924583","9.27821","Japan"
"7579","Nexxen","NEXN","534773952","9.39","Israel"
"7580","AlTi Global","ALTI","533326528","3.42","United States"
"7581","Boiron","BOI.PA","533043453","30.7012","France"
"7582","BEWi ASA","BEWI.OL","532301688","2.25053","Norway"
"7583","Industrial Logistics Properties Trust","ILPT","532298400","7.975","United States"
"7584","Cenomi Retail (Fawaz Abdulaziz Al Hokair &amp; Company)","4240.SR","532112857","4.63648","Saudi Arabia"
"7585","Artiva Biotherapeutics","ARTV","531924512","10.88","United States"
"7586","Quess","QUESS.NS","531787937","3.55983","India"
"7587","Sligro Food","SLIGR.AS","531449258","12.0479","Netherlands"
"7588","Nyab AB","NYAB.ST","531061799","0.746147","Sweden"
"7589","Sygnity","SGN.WA","529103391","23.2505","Poland"
"7590","Brandywine Realty Trust","BDN","528510592","3.06","United States"
"7591","Valhi","VHI","528473440","18.66","United States"
"7592","Tamdeen Real Estate Company","TAM.KW","527841756","1314.68","Kuwait"
"7593","ARKO Corp.","ARKO","527833792","4.705","United States"
"7594","Porvair plc","PRV.L","527739451","11.4286","United Kingdom"
"7595","Sierra Bancorp","BSRR","527480608","40.69","United States"
"7596","Bankwell Financial Group","BWFG","527425696","66.16","United States"
"7597","Interloop","ILP.PK","527417919","0.376268","Pakistan"
"7598","Teamshares","TMS","527409248","7.16","United States"
"7599","Capricor Therapeutics","CAPR","526739264","9.06","United States"
"7600","Perfect Presentation for Commercial Services CompanyPerfect Presentation for Commercial Services","7204.SR","526498004","1.75499","Saudi Arabia"
"7601","Euroseas","ESEA","526401984","74.61","Greece"
"7602","HEG","HEG.NS","526369015","2.72762","India"
"7603","Deutsche Pfandbriefbank","PBB.DE","526078587","3.91208","Germany"
"7604","Oman Cement Company","OCOI.OM","525099301","1.58701","Oman"
"7605","Calfrac Well Services","CFW.TO","525079075","5.20176","Canada"
"7606","Quad","QUAD","524905280","10.2","United States"
"7607","Oil States International","OIS","524806784","8.7","United States"
"7608","Flushing Financial Corp","FFIC","524179680","15.47","United States"
"7609","Carriage Services","CSV","523956960","32.99","United States"
"7610","Martinrea International","MRE.TO","523904548","7.48705","Canada"
"7611","Daiwa Industries","6459.T","523315590","10.6561","Japan"
"7612","Concrete Pumping Holdings","BBCP","523083712","10.38","United States"
"7613","Malibu Boats","MBUU","522824896","26.57","United States"
"7614","TAT Technologies","TATT","522785088","40.22","Israel"
"7615","RENOVA, Inc.","9519.T","522745351","5.7829","Japan"
"7616","Argosy Property","ARG.NZ","522109492","0.5974","New Zealand"
"7617","Hektaş","HEKTS.IS","521852161","0.0619042","Turkey"
"7618","PolyNovo","PNV.AX","521324291","0.754622","Australia"
"7619","Entera Bio","ENTX","521156896","3.01","Israel"
"7620","Shui On Land","0272.HK","520988511","0.0650459","China"
"7621","Electrosteel Castings","ELECTCAST.NS","520978693","0.842756","India"
"7622","One Liberty Properties","OLP","520573792","23.77","United States"
"7623","Eagle Point Credit Company","ECC","520072064","3.91","United States"
"7624","Climb Global Solutions","CLMB","519512224","27.84","United States"
"7625","Bank7","BSVN","519444928","54.53","United States"
"7626","Ion Beam Applications","IBAB.BR","519407449","17.8858","Belgium"
"7627","Eslead Corporation","8877.T","519316945","33.6578","Japan"
"7628","Strike Company","6196.T","518430421","8.99923","Japan"
"7629","Veradigm","MDRX","516615808","4.74","United States"
"7630","Kappa Create","7421.T","516605423","10.4677","Japan"
"7631","Faysal Bank","FABL.PK","516287403","0.340178","Pakistan"
"7632","CJ ENM CO., Ltd.","035760.KQ","516100100","24.852","South Korea"
"7633","PDS Multinational","PDSL.NS","515741223","3.65159","India"
"7634","The Elmet Group","ELMT","515679296","16.93","United States"
"7635","Hangzhou Electronic Soul Network Technology","603258.SS","515558512","2.1237","China"
"7636","Premium Water Holdings","2588.T","515152386","23.9763","Japan"
"7637","Bénéteau","BEN.PA","514776808","6.48913","France"
"7638","Ellaktor","ELLAKTOR.AT","514692147","1.48157","Greece"
"7639","Oula Fuel Marketing Company","OULAFUEL.KW","514454644","1156.01","Kuwait"
"7640","Amper, S.A.","AMP.MC","514203011","5.20991","Spain"
"7641","Alujain Corporation","2170.SR","513425301","7.41944","Saudi Arabia"
"7642","Société Fermière du Casino Municipal de Cannes","FCMC.PA","513384348","3256.19","France"
"7643","Shofu Inc.","7979.T","513367575","14.4248","Japan"
"7644","American Integrity Insurance Group","AII","513347840","26.2","United States"
"7645","Aurelius Group","AR4.DE","513292829","19.24","Germany"
"7646","Rieter Holding","RIEN.SW","513244885","3.77487","Switzerland"
"7647","The Oncology Institute","TOI","512912480","5.13","United States"
"7648","Cerus Corporation","CERS","511873216","2.54","United States"
"7649","Orange County Bancorp","OBT","511781920","38.17","United States"
"7650","Heidelberger Druckmaschinen","HDD.DE","511769165","1.68159","Germany"
"7651","NAGAWA Co., Ltd.","9663.T","511578825","33.008","Japan"
"7652","Nat Games (Nexon Games)","225570.KQ","511574456","8.13475","South Korea"
"7653","Sappi","SAP.JO","511524500","0.842595","South Africa"
"7654","The Pack Corporation","3950.T","510426052","9.33061","Japan"
"7655","Kaufman &amp; Broad","KOF.PA","510180404","25.9914","France"
"7656","MBM Resources","5983.KL","509685852","1.30392","Malaysia"
"7657","Yamae Group Holdings","7130.T","509484011","18.3493","Japan"
"7658","Simona","SIM0.F","509361555","84.8936","Germany"
"7659","Wirtualna Polska (WP Holding)","WPL.WA","509178519","17.1007","Poland"
"7660","Restore plc","RST.L","508923928","3.85917","United Kingdom"
"7661","Titan International","TWI","508593728","7.88","United States"
"7662","Gaotu Techedu","GOTU","507720608","2.16","China"
"7663","Swarmer","SWMR","507592864","31.85","United States"
"7664","Texmaco Rail &amp; Engineering","TEXRAIL.NS","507507878","1.24736","India"
"7665","Belships ASA","BELCO.OL","506976420","2.00572","Norway"
"7666","NeuroPace","NPCE","506626272","14.76","United States"
"7667","Forward Industries","FWDI","506589600","6.86","United States"
"7668","Mayville Engineering Company","MEC","506436608","19.86","United States"
"7669","IVU Traffic Technologies","IVU.DE","505671377","29.3057","Germany"
"7670","ChoiceOne Financial Services","COFS","505646144","33.81","United States"
"7671","Quadient","QDT.PA","505383902","14.9087","France"
"7672","Select Harvests Limited","SHV.AX","505085076","3.60341","Australia"
"7673","Gravity Co.","GRVY","504212160","72.56","South Korea"
"7674","Teikoku Sen-i Co., Ltd.","3302.T","503680009","19.6554","Japan"
"7675","Osaka Steel","5449.T","503301499","16.8224","Japan"
"7676","Caledonia Mining","CMCL","502712064","26","Jersey"
"7677","NCC Group plc","NCC.L","502559719","1.81991","United Kingdom"
"7678","Electra Real Estate","ELCRE.TA","501661109","7.29775","Israel"
"7679","Methode Electronics","MEI","501169440","14.06","United States"
"7680","Jaguar Mining","JAG.TO","501094731","5.87237","Canada"
"7681","Jacquet Metals","JCQ.PA","500269707","24.654","France"
"7682","Coor Service Management Holding AB","COOR.ST","499751958","5.25956","Sweden"
"7683","Deutsche Rohstoff","DR0.DE","499670493","104.314","Germany"
"7684","Tidewater Renewables","LCFS.TO","499117002","13.661","Canada"
"7685","Kyverna Therapeutics","KYTX","499076576","8.07","United States"
"7686","Alight","ALIT","498485184","13.45","United States"
"7687","AMC Networks","AMCX","498299648","12.08","United States"
"7688","TOKAI Corp.","9729.T","497880957","16.1206","Japan"
"7689","Al-Yamamah Steel Industries Company","1304.SR","497853513","9.80027","Saudi Arabia"
"7690","Lifedrink Company","2585.T","497306992","9.58402","Japan"
"7691","Dutch Lady Milk Industries","3026.KL","496918886","7.76436","Malaysia"
"7692","Eshraq Investments","ESHRAQ.AE","496422229","0.18","United Arab Emirates"
"7693","Kaiser (China) Culture","002425.SZ","496154169","0.518629","China"
"7694","Surya Roshni","SURYAROSNI.NS","495883348","2.2785","India"
"7695","Air Astana","7YH.F","495816240","5.6053","Kazakhstan"
"7696","Grenevia","GEA.WA","495293297","0.861864","Poland"
"7697","Novavest Real Estate AG","NREN.SW","495161346","48.684","Switzerland"
"7698","Bourrelier Group","ALBOU.PA","495122690","79.7767","France"
"7699","goeasy","GSY.TO","494388576","30.8333","Canada"
"7700","IBEX","IBEX","494058400","36.9","United States"
"7701","Immobiliare Grande Distribuzione SIIQ","IGD.MI","494029912","4.47726","Italy"
"7702","Cogent Communications","CCOI","493719712","9.64","United States"
"7703","Phoenix Mecano","PMN.SW","493391481","537.502","Switzerland"
"7704","Senseonics Holdings","SENS","493314912","9.33","United States"
"7705","NVE Corporation","NVEC","493245920","101.97","United States"
"7706","Spire Global","SPIR","493155616","12.14","United States"
"7707","West Bancorporation","WTBA","493075520","28.93","United States"
"7708","eGuarantee","8771.T","492866762","11.0785","Japan"
"7709","Tactile Medical","TCMD","492234176","21.73","United States"
"7710","Greenlight Re","GLRE","492231456","15.08","Cayman Islands"
"7711","MPS Limited","MPSLTD.NS","492231000","28.9965","India"
"7712","Idaho Strategic Resources","IDR","492193888","31.1","United States"
"7713","Hansen Technologies","HSN.AX","491819218","2.40468","Australia"
"7714","Medistim","MEDI.OL","491771299","26.898","Norway"
"7715","Ponce Financial Group","PDLB","491740000","20.33","United States"
"7716","Gray Media","GTN","491235520","4.77","United States"
"7717","Bank of Jerusalem","JBNK.TA","490771687","6.95955","Israel"
"7718","Tokmanni","TOKMAN.HE","490741083","8.44284","Finland"
"7719","Plastika Kritis","PLAKR.AT","490335715","17.9091","Greece"
"7720","Universal Logistics Holdings","ULH","490177472","18.59","United States"
"7721","Prothena","PRTA","489754752","9.54","Ireland"
"7722","Vital KSK Holdings","3151.T","489509416","10.2338","Japan"
"7723","Abu Dhabi Ship Building","ADSB.AE","489447624","2.31","United Arab Emirates"
"7724","First Foundation","FFWM","489265120","5.9","United States"
"7725","Mitsubishi Research Institute","3636.T","488953709","31.0262","Japan"
"7726","RPG Life Sciences","RPGLIFE.NS","488906478","29.5608","India"
"7727","Voltamp Energy","VOES.OM","488311700","0.488312","Oman"
"7728","Samty Residential Investment Corporation","3459.T","488136382","572.442","Japan"
"7729","Electra Consumer Products","ECP.TA","488088525","21.3196","Israel"
"7730","Shamal Az-Zour Al-Oula Power and Water Company","AZNOULA.KW","487986515","443.624","Kuwait"
"7731","Medley, Inc.","4480.T","487573010","16.1336","Japan"
"7732","Guardian Metal Resources","GMTL","487052640","12.25","United Kingdom"
"7733","Foseco India","FOSECOIND.NS","486997506","64.2931","India"
"7734","Ataa Educational Company","4292.SR","486889078","11.5686","Saudi Arabia"
"7735","29Metals","29M.AX","486553637","0.278018","Australia"
"7736","Mitsubishi Kakoki Kaisha","6331.T","485516626","21.3123","Japan"
"7737","Flat Capital AB","FLAT-B.ST","484955049","0.973644","Sweden"
"7738","Puma Biotechnology","PBYI","484712416","9.39","United States"
"7739","DFS Furniture","DFS.L","484345154","2.09208","United Kingdom"
"7740","Kvika banki","KVIKA.IC","483922449","0.105263","Iceland"
"7741","Birla Carbon (Thailand)","BCT.BK","483870967","1.6129","Thailand"
"7742","Wing On Company International","0289.HK","483717630","1.67844","Hong Kong"
"7743","Komax Holding","KOMN.SW","483178685","94.279","Switzerland"
"7744","Sunlight REIT","0435.HK","482986488","0.274851","Hong Kong"
"7745","Smartoptics Group","SMOP.OL","482782230","4.92406","Norway"
"7746","Lubawa","LBW.WA","482329643","3.20975","Poland"
"7747","PayPoint","PAY.L","482302874","8.15843","United Kingdom"
"7748","Metall Zug AG","METN.SW","481859737","1078.71","Switzerland"
"7749","Kintetsu Department Store","8244.T","481640886","11.9427","Japan"
"7750","Malteries Franco-Belges","MALT.PA","481621846","971.043","France"
"7751","PTC India","PTC.NS","481441241","1.62645","India"
"7752","Armah Sports","9590.SR","481292700","14.6471","Saudi Arabia"
"7753","Sea1 Offshore","SEA1.OL","481279776","3.13448","Norway"
"7754","Nederman Holding","NMAN.ST","481242064","13.7333","Sweden"
"7755","Wall Financial Corporation","WFC.TO","481235790","15.0902","Canada"
"7756","Dingdong Maicai","DDL","481045664","2.2","China"
"7757","AIC Mines Limited","A1M.AX","480944948","0.602975","Australia"
"7758","Combined Group Contracting Company","CGC.KW","480774910","2813.94","Kuwait"
"7759","Subros","SUBROS.NS","480178544","7.36067","India"
"7760","Farmers &amp; Merchants Bancorp","FMAO","479994688","34.85","United States"
"7761","Eiken Chemical","4549.T","479804603","14.5547","Japan"
"7762","KKR Real Estate Finance Trust","KREF","479681120","7.46","United States"
"7763","Aston Martin","AML.L","479630517","0.47258","United Kingdom"
"7764","Huya","HUYA","479568768","2.1","China"
"7765","GB Group (GBG)","GBG.L","478504429","2.09072","United Kingdom"
"7766","Kamada","KMDA","478285504","8.29","Israel"
"7767","Dawood Hercules Corporation","DAWH.PK","478143271","0.993468","Pakistan"
"7768","Wajax Corporation","WJX.TO","478141932","21.9533","Canada"
"7769","Miahona Company","2084.SR","477848086","2.96937","Saudi Arabia"
"7770","Evolent Health","EVH","477110368","4.22","United States"
"7771","Aduro Clean Technologies","ADUR","476359616","13.44","Canada"
"7772","Natural Gas Services Group","NGS","476333664","36.93","United States"
"7773","The Tinplate Company Of India","TINPLATE.NS","475653278","4.54076","India"
"7774","Vogenx","VOGX","475362784","32","United States"
"7775","Farmland Partners","FPI","474815616","10.81","United States"
"7776","Fauji Cement Company","FCCL.PK","474741774","0.193547","Pakistan"
"7777","Evommune","EVMN","474700832","13.08","United States"
"7778","West Coast Paper Mills","WSTCSTPAPR.NS","474564559","7.18505","India"
"7779","Virgin Galactic","SPCE","474495200","3.13","United States"
"7780","Shoe Carnival","SCVL","473247296","17.43","United States"
"7781","Summit Midstream","SMC","473191616","34.33","United States"
"7782","Johnson Outdoors","JOUT","473157120","45.15","United States"
"7783","Oxford Industries","OXM","472864096","31.57","United States"
"7784","Acinque","AC5.MI","472762174","2.39563","Italy"
"7785","Hexagon Composites","HEX.OL","472217788","1.41815","Norway"
"7786","Automated Systems Company KPSC","ASC.KW","471794921","4717.96","Kuwait"
"7787","OBOOK Holdings Inc. (OwlTing)","OWLS","471700416","5.34","Taiwan"
"7788","Stabilus","STM.DE","471652538","19.0952","Luxembourg"
"7789","One REIT, Inc.","3290.T","471328628","484.074","Japan"
"7790","ATOM Corporation","7412.T","470598863","2.43662","Japan"
"7791","Movano","MOVE","469813408","14.89","United States"
"7792","Strata Critical Medical","SRTA","469758752","5.31","United States"
"7793","Global Dominion Access","DOM.MC","469286383","3.12827","Spain"
"7794","Groupe SAMSE","SAMS.PA","468900143","138.97","France"
"7795","NRC Health","NRC","468713600","21.19","United States"
"7796","Nippon Chemi-Con Corporation","6997.T","467719883","17.0758","Japan"
"7797","The Westaim Corporation","WED.V","467658994","14.0672","Canada"
"7798","Ginkgo Bioworks","DNA","467341536","6.94","United States"
"7799","Qatar National Cement Company","QNCD.QA","466985938","0.71456","Qatar"
"7800","Pareto Bank","PARB.OL","466355968","6.07373","Norway"
"7801","Calavo Growers","CVGW","466334752","26.09","United States"
"7802","Union Properties","UPP.AE","466126917","0.1631","United Arab Emirates"
"7803","National Cement Company P.S.C.","NCC.AE","466012077","1.29881","United Arab Emirates"
"7804","Algoma Steel","ASTL","465438816","4.405","Canada"
"7805","Editas Medicine","EDIT","465347488","3.03","United States"
"7806","Patrimoine et Commerce SA","PAT.PA","464981734","28.608","France"
"7807","Boss Energy","BOE.AX","464703746","1.1193","Australia"
"7808","Commercial Bancgroup","CBK","464610048","33.91","United States"
"7809","VIP Industries","VIPIND.NS","463883067","3.26555","India"
"7810","Medmix","MEDX.SW","463803046","11.1207","Switzerland"
"7811","ATN International","ATNI","463641056","30.1","United States"
"7812","Fiducial Real Estate","ORIA.PA","463205044","191.883","France"
"7813","Soft-World International","5478.TWO","463204178","3.09157","Taiwan"
"7814","Citizens &amp; Northern Corp","CZNC","462898944","25.81","United States"
"7815","Meier Tobler Group","MTG.SW","462864635","42.8766","Switzerland"
"7816","Luxfer","LXFR","462803008","17.3","United Kingdom"
"7817","Luceco plc","LUCE.L","462398614","3.1415","United Kingdom"
"7818","HelloFresh","HFG.DE","462231907","3.18874","Germany"
"7819","Hampiðjan","HAMP.IC","462184045","0.737671","Iceland"
"7820","Cooper Standard","CPS","462177120","26.01","United States"
"7821","El Pollo Loco","LOCO","462006880","15.17","United States"
"7822","Jadwa Investment - Jadwa Reit Saudi Fund","4342.SR","461928363","2.4767","Saudi Arabia"
"7823","AMERISAFE","AMSF","461547840","24.9","United States"
"7824","Altshuler Shaham Finance","ALTF.TA","461526404","2.32361","Israel"
"7825","Villeroy &amp; Boch","VIB3.DE","460803797","17.2113","Germany"
"7826","Canopy Growth","CGC","459153760","0.9655","Canada"
"7827","EVS Broadcast Equipment","EVS.BR","458857971","34.1319","Belgium"
"7828","Consolidated Water","CWCO","458768576","28.65","Cayman Islands"
"7829","Plasson Industries","PLSN.TA","458403178","48.0106","Israel"
"7830","Sunteck Realty","SUNTECK.NS","458300534","3.12104","India"
"7831","CompX International","CIX","457936704","37.12","United States"
"7832","Leonteq","LEON.SW","457066993","25.8248","Switzerland"
"7833","GPI S.p.A.","GPI.MI","456894989","15.8158","Italy"
"7834","AdvanSix","ASIX","456860064","16.92","United States"
"7835","Chorus Aviation","CHR.TO","456687273","20.2339","Canada"
"7836","Atea Pharmaceuticals","AVIR","455562656","5.68","United States"
"7837","Axactor ASA","ACR.OL","455265678","0.565074","Norway"
"7838","National Petroleum Services Company","NAPESCO.KW","455181594","5038.53","Kuwait"
"7839","Gree","3632.T","454340907","2.64454","Japan"
"7840","Nouveau Monde Graphite","NMG","454236416","1.38","Canada"
"7841","Bally's Corporation","BALY","454225664","9","United States"
"7842","Zamil Industrial Investment Company","2240.SR","453794926","7.56325","Saudi Arabia"
"7843","sterling &amp; wilson solar","SWSOLAR.NS","453445931","1.94161","India"
"7844","Relmada Therapeutics","RLMD","453346848","4.25","United States"
"7845","EMX Royalty","EMX","453291424","4.16","Canada"
"7846","John Mattson Fastighetsföretagen","JOMA.ST","453076923","6.11528","Sweden"
"7847","The Gym Group","GYM.L","452687210","2.61341","United Kingdom"
"7848","Boohoo Group","DEBS.L","452625766","0.287745","United Kingdom"
"7849","S4 Capital","SFOR.L","452623383","0.679756","United Kingdom"
"7850","Priority Technology Holdings","PRTH","452597600","5.49","United States"
"7851","Colony Bankcorp","CBAN","452230240","21.31","United States"
"7852","Shenzhen Zqgame","300052.SZ","451911151","1.72578","China"
"7853","Frontera Energy","FEC.TO","451859195","6.385","Canada"
"7854","SThree","STEM.L","451641848","3.73053","United Kingdom"
"7855","Locaweb","LWSA3.SA","451526850","0.798568","Brazil"
"7856","Real Brokerage Inc.","REAX","451035392","20.695","Canada"
"7857","Ocugen","OCGN","451016832","1.33","United States"
"7858","Raisio plc","RAIVV.HE","450819082","2.84917","Finland"
"7859","Multiconsult","MULTI.OL","449640749","16.3123","Norway"
"7860","Computer Engineering &amp; Consulting","9692.T","449619151","14.6652","Japan"
"7861","Gladstone Capital Corporation","GLAD","449602048","19.9","United States"
"7862","RBB Bancorp","RBB","449457152","26.57","United States"
"7863","kneat.com","FOBK.F","449223771","4.6517","Ireland"
"7864","CPH Group AG","CPHN.SW","448905431","74.8795","Switzerland"
"7865","Rimini Street","RMNI","448108832","4.8","United States"
"7866","Nuix Limited","NXL.AX","447784508","1.30344","Australia"
"7867","Tejon Ranch","TRC","447745312","16.57","United States"
"7868","Mears Group plc","MER.L","447477211","5.67366","United Kingdom"
"7869","Chofu Seisakusho","5946.T","447160838","13.1512","Japan"
"7870","Bank of Marin Bancorp","BMRC","447123200","27.61","United States"
"7871","Groupe Guillin","ALGIL.PA","447118745","24.1889","France"
"7872","Gooch &amp; Housego","GHH.L","446604263","16.3169","United Kingdom"
"7873","Sight Sciences","SGHT","446212768","8.1","United States"
"7874","Bumble","BMBL","445860800","2.91","United States"
"7875","Skycity Entertainment Group","SKC.NZ","445770205","0.404123","New Zealand"
"7876","Lindex Group","LINDEX.HE","445672103","2.71543","Finland"
"7877","Charming Medical","MCTA","445550176","29.355","Hong Kong"
"7878","Group Five Pipe Saudi Company","9523.SR","445166431","15.8988","Saudi Arabia"
"7879","HOMAG Group","HG1.F","445153159","28.3754","Germany"
"7880","Acacia Research","ACTG","444995840","4.56","United States"
"7881","PensionBee Group","PBEE.L","444749737","1.86188","United Kingdom"
"7882","Network18","NETWORK18.NS","444735796","0.28795","India"
"7883","Nexen Tire Corporation","002350.KS","444387257","4.32858","South Korea"
"7884","Arcturus Therapeutics","ARCT","444252544","15.63","United States"
"7885","adesso SE","ADN1.DE","444080550","69.3104","Germany"
"7886","Symphony Limited","SYMPHONY.NS","444044805","6.46623","India"
"7887","JM Holdings Co.,Ltd.","3539.T","443681332","8.70684","Japan"
"7888","Innovative Aerosystems","ISSC","443541504","24.78","United States"
"7889","EVgo","EVGO","443467136","1.41","United States"
"7890","Gulf Medical Projects Company","GMPC.AE","443375675","0.63","United Arab Emirates"
"7891","M1 Kliniken AG","M12.DE","442213617","23.5493","Germany"
"7892","Pioneer Bancorp","PBFS","442005856","18.28","United States"
"7893","Djurslands Bank A/S","DJUR.CO","440578388","167.224","Denmark"
"7894","eMudhra","EMUDHRA.NS","440557364","5.3698","India"
"7895","American Coastal Insurance Corporation","ACIC","440079200","9.31","United States"
"7896","Emeco Holdings","EHL.AX","439839921","0.848498","Australia"
"7897","Marimekko","MEKKO.HE","439643792","10.8385","Finland"
"7898","Millat Tractors","MTL.PK","438648513","1.09928","Pakistan"
"7899","Servcorp Limited","SRV.AX","438283734","4.39053","Australia"
"7900","Soltec Power Holdings","SOL.MC","438029949","0.959414","Spain"
"7901","Commercial Facilities Company S.A.K.P.","FACIL.KW","437886082","864.581","Kuwait"
"7902","Esprinet","PRT.MI","437559569","8.84987","Italy"
"7903","Materialise NV","MTLS","437427712","7.56","Belgium"
"7904","Linc AB","LINC.ST","437170158","7.55539","Sweden"
"7905","Benitec Biopharma","BNTC","437158944","12.725","United States"
"7906","Lifestyle Communities Limited","LIC.AX","436920915","3.58897","Australia"
"7907","Havertys","HVT","436777472","28.01","United States"
"7908","C4 Therapeutics","CCCC","436739232","3.55","United States"
"7909","Fennec Pharmaceuticals","FENC","436586144","12.45","United States"
"7910","Ismail Industries","ISIL.PK","436407824","6.57667","Pakistan"
"7911","Tullow Oil","TLW.L","435940962","0.287745","United Kingdom"
"7912","IGG Inc","0799.HK","435536134","0.395377","Singapore"
"7913","eREX Co.,Ltd.","9517.T","435358868","5.56848","Japan"
"7914","International Money Express","IMXI","435349568","14.41","United States"
"7915","Van de Velde","VAN.BR","434677485","35.0041","Belgium"
"7916","Avacta Group","AVCT.L","434604632","0.927556","United Kingdom"
"7917","Plumas Bancorp","PLBC","434520960","62.44","United States"
"7918","Alantra Partners","ALNT.MC","434346395","11.4665","Spain"
"7919","Semperit","SEM.VI","434245620","21.1071","Austria"
"7920","Home Invest Belgium","HOMI.BR","433595982","21.7932","Belgium"
"7921","Vital Farms","VITL","432749728","10.08","United States"
"7922","Attica Holdings","ATTICA.AT","432656375","1.77928","Greece"
"7923","eQ Oyj","EQV1V.HE","432418468","10.4431","Finland"
"7924","Oatly","OTLY","431453728","13.52","Sweden"
"7925","Brunel International","BRNL.AS","431391223","8.57076","Netherlands"
"7926","BioAge Labs","BIOA","431201472","9.395","United States"
"7927","Vitru","VTRU3.SA","431121069","2.88743","Brazil"
"7928","Independent Petroleum Group K.S.C.P.","IPG.KW","430041150","2380.03","Kuwait"
"7929","JCI Hitachi India","JCHAC.NS","429941645","15.7544","India"
"7930","Prenetics","PRE","429887104","25.62","Hong Kong"
"7931","Maruzen","5982.T","429842008","27.0302","Japan"
"7932","Ibstock plc","IBST.L","429783876","1.08802","United Kingdom"
"7933","TKM Grupp AS","TKM1T.TL","429600913","10.5477","Estonia"
"7934","YouGov plc","YOU.L","429295448","3.66418","United Kingdom"
"7935","Glarner Kantonalbank","GLKBN.SW","428703835","31.7558","Switzerland"
"7936","ClearPoint Neuro","CLPT","428584416","14.05","United States"
"7937","Panoro Energy ASA","PEN.OL","428267567","3.22125","United Kingdom"
"7938","Rotshtein Realestate","ROTS.TA","428249799","24.4861","Israel"
"7939","Mahindra Logistics","MAHLOG.NS","428123856","4.3124","India"
"7940","Cross Country Healthcare","CCRN","428060928","13.25","United States"
"7941","SFC Energy AG","F3C.DE","427918596","24.5959","Germany"
"7942","BSR Real Estate Investment Trust","HOM-UN.TO","427688313","11.0057","Canada"
"7943","Plaza Retail REIT","PLZ-UN.TO","427588950","3.83058","Canada"
"7944","USCB Financial Holdings","USCB","427314464","23.13","United States"
"7945","Nichireki Group","5011.T","426918237","15.0031","Japan"
"7946","Universal Store Holdings","UNI.AX","426596062","5.56037","Australia"
"7947","FRP Holdings","FRPH","426586208","22.22","United States"
"7948","Tide Water Oil","TIDEWATER.NS","426582649","25.0972","India"
"7949","PlayWay","PLW.WA","426126336","63.9253","Poland"
"7950","MARR S.p.A.","MARR.MI","425945939","6.80312","Italy"
"7951","Arbonia","ARBN.SW","425778285","6.12875","Switzerland"
"7952","Ascencio","ASCE.BR","425725039","61.6351","Belgium"
"7953","Weyco Group","WEYS","425018752","44.5","United States"
"7954","Serve Robotics","SERV","424866784","4.9","United States"
"7955","McBride","MCB.L","424839107","2.50237","United Kingdom"
"7956","Magnera","MAGN","424708000","11.93","United States"
"7957","Barnes &amp; Noble Education","BNED","424646016","12.25","United States"
"7958","The Okinawa Electric Power Company","9511.T","424209615","7.81017","Japan"
"7959","Topy Industries","7231.T","424149281","19.6229","Japan"
"7960","Enento Group","ENENTO.HE","424003090","17.9091","Finland"
"7961","Whitefield Industrials Limited","WHF.AX","423945802","3.49509","Australia"
"7962","Rezolute","RZLT","423686240","4.4","United States"
"7963","Community Healthcare Trust","CHCT","423503776","14.78","United States"
"7964","Larimar Therapeutics","LRMR","423322944","4.075","United States"
"7965","Hydratec Industries","HYDRA.AS","423255542","325.619","Netherlands"
"7966","Prelude Therapeutics","PRLD","422958496","5.3","United States"
"7967","Investar Holding","ISTR","422128064","30.64","United States"
"7968","Riso Kagaku Corporation","6413.T","422011430","6.75755","Japan"
"7969","Mepco (Middle East Company for Manufacturing and Producing Paper)","1202.SR","421908542","4.86818","Saudi Arabia"
"7970","Foster Electric Company","6794.T","421758647","18.7717","Japan"
"7971","Vinh Hoan Corporation","VHC.VN","420938429","2.0097","Vietnam"
"7972","Star Group","SGU","420639776","12.82","United States"
"7973","Xerox","XRX","420206432","3.2","United States"
"7974","Revenio","REG1V.HE","420177938","14.4435","Finland"
"7975","Carvolix","CVX.PA","419774356","6.74497","France"
"7976","Formycon AG","FYB.DE","419267023","23.7237","Germany"
"7977","Kalyani Steels","KSL.NS","419002255","9.57514","India"
"7978","Camping World","CWH","418711360","6.56","United States"
"7979","Fujiya Co., Ltd.","2211.T","418701618","16.2441","Japan"
"7980","Nel ASA","NEL.OL","418641110","0.227765","Norway"
"7981","i3 Verticals","IIIV","418462656","15.85","United States"
"7982","Hamilton Beach Brands","HBB","418190944","31.11","United States"
"7983","Saudi Fisheries Company","6050.SR","418174351","18.2157","Saudi Arabia"
"7984","Global Indemnity","GBLI","417550304","28.52","Cayman Islands"
"7985","Austriacard Holdings","ACAG.VI","417549353","11.6293","Austria"
"7986","Galectin Therapeutics","GALT","417517536","4.14","United States"
"7987","Borussia Dortmund","BVB.F","417172119","3.77951","Germany"
"7988","Cedar Woods Properties Limited","CWP.AX","416662289","4.87435","Australia"
"7989","SofWave Medical","SOFW.TA","416571454","11.4523","Israel"
"7990","JCR Pharmaceuticals","4552.T","416231355","3.41126","Japan"
"7991","Shoulder Innovations","SI","416170912","19.99","United States"
"7992","TFF Group","TFF.PA","416001862","19.1883","France"
"7993","Gladstone Land","LAND","415405184","9.63","United States"
"7994","Marston's","MARS.L","414730877","0.652674","United Kingdom"
"7995","Tera Light","TRLT.TA","414507964","5.25199","Israel"
"7996","Bed Bath &amp; Beyond","BBBY","414399584","4.35","United States"
"7997","Central Asia Metals","CAML.L","413960277","2.42925","United Kingdom"
"7998","Bajaj Electricals","BAJAJELEC.NS","413870849","3.58567","India"
"7999","Selectirente","SELER.PA","413768597","99.4302","France"
"8000","Eik fasteignafélag","EIK.IC","413451966","0.12184","Iceland"
"8001","SRA Holdings","3817.T","413450103","30.5714","Japan"
"8002","Boston Omaha","BOC","413336480","13.72","United States"
"8003","Sohu.com","SOHU","413098592","13.74","China"
"8004","BOE Varitronix","0710.HK","412852639","0.535672","Hong Kong"
"8005","RattanIndia Power","RTNPOWER.NS","412353081","0.0767868","India"
"8006","Essentra plc","ESNT.L","412231887","1.4543","United Kingdom"
"8007","Daikokutenbussan","2791.T","412185389","30.7338","Japan"
"8008","CI&amp;T","CINT","412123552","3.22","Brazil"
"8009","Kuwait Reinsurance Company","KUWAITRE.KW","411875618","1214.3","Kuwait"
"8010","iHeartMedia","IHRT","411739200","2.66","United States"
"8011","Unimot","UNT.WA","411278412","50.1693","Poland"
"8012","Deep Fission, Inc.","FISN","411163424","6.98","United States"
"8013","Turners Automotive Group","TRA.NZ","411037141","4.51564","New Zealand"
"8014","ShaMaran Petroleum","SNM.OL","410888666","0.142299","Bermuda"
"8015","trivago","TRVG","410650240","5.82","Germany"
"8016","Genie Energy","GNE","410586144","15.6","United States"
"8017","Advantage Solutions","ADV","410558240","30.88","United States"
"8018","Amplitude Energy","AEL.AX","410365535","1.36843","Australia"
"8019","Pacific Biosciences","PACB","410296608","1.32","United States"
"8020","Sjóvá-Almennar tryggingar","SJOVA.IC","410182330","0.353087","Iceland"
"8021","EQT Holdings Limited","EQT.AX","410177621","15.3091","Australia"
"8022","Murapol S.A.","MUR.WA","409381121","10.0339","Poland"
"8023","Meteoric Resources","MEI.AX","409294247","0.140815","Australia"
"8024","Medicare Group","MCGS.QA","408630634","1.45192","Qatar"
"8025","Talgo S.A.","TLGO.MC","408493193","3.04687","Spain"
"8026","Melcor Developments","MRD.TO","408314984","13.6247","Canada"
"8027","Uzin Utz","UZU.DE","408285392","80.9396","Germany"
"8028","Gevo","GEVO","407941216","1.65","United States"
"8029","KYORIN Pharmaceutical","4569.T","407605860","7.09542","Japan"
"8030","MCI Capital Alternatywna Spólka Inwestycyjna","MCI.WA","407524776","7.76814","Poland"
"8031","Aspen Aerogels","ASPN","407474912","4.91","United States"
"8032","Allergy Therapeutics","AGY.L","407305577","0.0643196","United Kingdom"
"8033","Rocket Pharmaceuticals","RCKT","407263776","3.71","United States"
"8034","Heisco (Heavy Engineering Industries and Shipbuilding Company)","SHIP.KW","406386362","2049.74","Kuwait"
"8035","Regal Partners Limited","RPL.AX","406092537","1.75116","Australia"
"8036","Aarti Drugs","AARTIDRUGS.NS","405770655","4.44583","India"
"8037","Capita plc","CPI.L","405717493","3.41909","United Kingdom"
"8038","908 Devices","MASS","405483648","9.81","United States"
"8039","Everspin Technologies","MRAM","405427616","16.65","United States"
"8040","Akastor ASA","AKAST.OL","405367914","1.4859","Norway"
"8041","Rane (Madras) Limited","RML.NS","405193851","14.6612","India"
"8042","Avidia Bancorp","AVBC","405080000","21.93","United States"
"8043","Hamborner REIT","HABA.DE","404872121","4.97732","Germany"
"8044","KG Mobility (SsangYong Motor)","003620.KS","404770951","2.0001","South Korea"
"8045","Energiekontor","EKT.DE","404713889","29.1894","Germany"
"8046","Bijou Brigitte","BIJ.DE","404332710","53.9598","Germany"
"8047","Caleres","CAL","404084608","12.03","United States"
"8048","NexPoint Real Estate Finance","NREF","404018816","17.54","United States"
"8049","IPD Group Limited","IPG.AX","403966691","3.88504","Australia"
"8050","Fonciere Inea","INEA.PA","403882201","37.3299","France"
"8051","Mirrabooka Investments Limited","MIR.AX","403629452","1.79809","Australia"
"8052","Aeroporto G. Marconi Bologna","ADB.MI","403310153","11.1641","Italy"
"8053","PureTech Health","PRTC.L","403044139","1.64387","United States"
"8054","Nathan's Famous","NATH","402800096","98.3","United States"
"8055","Parke Bancorp","PKBK","402595104","34.23","United States"
"8056","Perma-Fix Environmental Services","PESI","402512128","18.97","United States"
"8057","Gorilla Technology","GRRR","401088928","14.58","Taiwan"
"8058","Walaa Cooperative Insurance Company","8060.SR","400849083","3.14248","Saudi Arabia"
"8059","Nexity","NXI.PA","400728756","7.19851","France"
"8060","Acco Brands","ACCO","400614848","4.34","United States"
"8061","K-Bro Linen","KBL.TO","400612121","31.138","Canada"
"8062","Community Health Systems","CYH","400466560","2.84","United States"
"8063","Viking Line Abp","VIK1V.HE","399897664","23.1422","Finland"
"8064","L.B. Foster","FSTR","399856160","38.01","United States"
"8065","Primis Financial","FRST","399513056","16.11","United States"
"8066","Invalda INVL, AB","IVL1L.VS","399358178","32.0968","Lithuania"
"8067","The Metals Royalty Company","TMCR","399091040","5.92","Canada"
"8068","FW Thorpe Plc","TFW.L","399083028","3.56127","United Kingdom"
"8069","Lumi Rental Company","4262.SR","398987987","7.25433","Saudi Arabia"
"8070","KNOT Offshore Partners","KNOP","398741888","11.54","United Kingdom"
"8071","Sandhar","SANDHAR.NS","398605982","6.60651","India"
"8072","Vox Royalty","VOXR","398207968","5.73","Canada"
"8073","FRP Advisory Group","FRP.L","398156263","1.61137","United Kingdom"
"8074","Atrium Mortgage Investment","AI.TO","398097958","8.2343","Canada"
"8075","Compass Therapeutics","CMPX","397994304","2.21","United States"
"8076","NACL Industries","NACLIND.NS","397784734","1.69817","India"
"8077","Harbour Centre Development","0051.HK","397736414","0.56118","Hong Kong"
"8078","Bafang Yunji","2753.TW","397585391","5.68164","Taiwan"
"8079","PowerFleet","AIOT","397308736","2.96","United States"
"8080","Orascom Development","ODHN.SW","397040564","6.66163","Switzerland"
"8081","ECARX Holdings","ECX","396920800","1.01","China"
"8082","Franchise Brands plc","FRAN.L","396912401","2.07177","United Kingdom"
"8083","Stitch Fix","SFIX","396274784","2.97","United States"
"8084","MVB Financial","MVBF","396048736","30.59","United States"
"8085","Ring Energy","REI","396020192","1.52","United States"
"8086","Ranger Energy Services","RNGR","395962240","16.92","United States"
"8087","Seanergy Maritime","SHIP","395877984","18.27","Greece"
"8088","SAPTCO (Saudi Public Transport Company)","4040.SR","395805576","3.16644","Saudi Arabia"
"8089","Citizens Financial Services","CZFS","395658688","82.26","United States"
"8090","Polyplex","POLYPLEX.NS","395149690","12.1256","India"
"8091","Orient Electric","ORIENTELEC.NS","395098538","1.85153","India"
"8092","Greenply","GREENPLY.NS","394370004","3.15743","India"
"8093","First Carolina Financial Services","FCBM","394263712","12.69","United States"
"8094","Vasta Platform","VSTA","393989824","4.9","Brazil"
"8095","TT Electronics","TTG.L","393813666","2.20718","United Kingdom"
"8096","Enanta Pharmaceuticals","ENTA","393192928","13.5","United States"
"8097","Arqit Quantum","ARQQ","393120480","22.59","United Kingdom"
"8098","Energy Recovery","ERII","393045536","7.7","United States"
"8099","Pro Real Estate Investment Trust","PRV-UN.TO","392826146","4.67941","Canada"
"8100","Clearfield","CLFD","392576288","28.9","United States"
"8101","Mo-BRUK S.A.","MBR.WA","392273495","111.667","Poland"
"8102","Kaveri Seed","KSCL.NS","392195505","7.68395","India"
"8103","Shinpoong Pharm","019170.KS","391947161","7.29889","South Korea"
"8104","Richtech Robotics","RR","391677376","1.74","United States"
"8105","Deceuninck","DECB.BR","391207276","2.80847","Belgium"
"8106","Monro","MNRO","391113408","12.51","United States"
"8107","F-Secure","FSECURE.HE","390915596","2.23747","Finland"
"8108","LendingTree","TREE","390861376","27.84","United States"
"8109","Alok Industries","ALOKINDS.NS","390691648","0.0786853","India"
"8110","Dine Brands Global","DIN","390661376","30.86","United States"
"8111","Lexeo Therapeutics","LXEO","390540192","4.76","United States"
"8112","Marie Brizard Wine &amp; Spirits","MBWS.PA","390261194","3.48878","France"
"8113","First Bancorp","FNLC","390143328","34.58","United States"
"8114","Radiant Logistics","RLGT","390107744","8.33","United States"
"8115","PCB Bancorp","PCB","390018592","27.77","United States"
"8116","Palram Industries","PLRM.TA","389720696","15.1492","Israel"
"8117","Yü Group","YU.L","389610378","22.478","United Kingdom"
"8118","LNA Santé","LNA.PA","389137268","37.7951","France"
"8119","Bapcor Limited","BAP.AX","388649995","0.577701","Australia"
"8120","Toscana Aeroporti","TYA.MI","388515875","20.8745","Italy"
"8121","The Property Franchise Group","TPFG.L","388468561","6.09343","United Kingdom"
"8122","Auna SA","AUNA","388055104","5.24","Luxembourg"
"8123","Schweizerische Nationalbank","SNBN.SW","387989618","3879.9","Switzerland"
"8124","Lesaka Technologies","LSAK","387801504","4.52","South Africa"
"8125","PharmaSGP","PSG.DE","387716280","33.6779","Germany"
"8126","Egetis Therapeutics AB","EGTX.ST","387676001","0.833806","Sweden"
"8127","Phnom Penh Autonomous Port","PPAP.KH","387450704","3.39","Cambodia"
"8128","Kuwait National Cinema Company","KCIN.KW","386816930","4177.19","Kuwait"
"8129","Genki Global Dining Concepts","9828.T","386691566","21.8971","Japan"
"8130","SHL Finance Company","1183.SR","386684409","3.86684","Saudi Arabia"
"8131","Chaince Digital Holdings","CD","386113344","3.51","United States"
"8132","LPKF Laser &amp; Electronics","LPK.DE","386007900","15.7576","Germany"
"8133","BrasilAgro","LND","385511808","3.87","Brazil"
"8134","Ice Fish Farm","IFISH.OL","384550711","3.14533","Iceland"
"8135","Turn Therapeutics","TTRX","384455136","12.66","United States"
"8136","Waterdrop Inc.","WDH","384453120","1.07","China"
"8137","Genesco","GCO","383745920","34.55","United States"
"8138","Daiichi Kensetsu","1799.T","383707007","21.6696","Japan"
"8139","City Cement Company","3003.SR","383648440","2.74035","Saudi Arabia"
"8140","Bushiroad","7803.T","383403684","2.83947","Japan"
"8141","American Battery Technology Company","ABAT","383324512","2.81","United States"
"8142","Duni AB","DUNI.ST","383052589","8.15022","Sweden"
"8143","Wemade","112040.KQ","382964714","11.3289","South Korea"
"8144","Al Soor Fuel Marketing Company K.S.C.P.","SOOR.KW","382870010","909.915","Kuwait"
"8145","Mortgage Advice Bureau (Holdings)","MAB1.L","382662284","6.64184","United Kingdom"
"8146","Aimco","AIV","382599520","2.48","United States"
"8147","Globe Trade Centre","GTC.WA","382583756","0.666226","Poland"
"8148","EyePoint Pharmaceuticals","EYPT","382316320","4.56","United States"
"8149","Doha Insurance Group","DOHI.QA","382280218","0.76456","Qatar"
"8150","Tohokushinsha Film","2329.T","382101258","3.22283","Japan"
"8151","Suja Life, Inc.","SUJA","382001376","9.89","United States"
"8152","Heidelbergcement India","HEIDELBERG.NS","381798505","1.68467","India"
"8153","Chalice Mining","CHN.AX","381766505","0.978481","Australia"
"8154","Vaibhav Global","VAIBHAVGBL.NS","381693392","2.27808","India"
"8155","Pasona Group","2168.T","381528624","10.2143","Japan"
"8156","Zentalis Pharmaceuticals","ZNTL","381527840","4.03","United States"
"8157","Mitsuba Corporation","7280.T","380950959","8.28449","Japan"
"8158","Waterstone Financial","WSBF","380753472","21.18","United States"
"8159","Digital Arts Inc.","2326.T","380749249","28.3622","Japan"
"8160","NIOX Group","NIOX.L","380688856","0.904536","United Kingdom"
"8161","Norcros","NXR.L","379747575","4.25186","United Kingdom"
"8162","Café de Coral","0341.HK","379696240","0.678518","Hong Kong"
"8163","Unipres Corporation","5949.T","379575903","8.47292","Japan"
"8164","AutoCanada Inc.","ACQ.TO","379074837","16.4904","Canada"
"8165","Baader Bank","BWB.DE","379074368","7.76835","Germany"
"8166","D2L Inc.","DTOL.TO","378939351","7.21862","Canada"
"8167","Artesian Resources","ARTNA","378902048","36.69","United States"
"8168","Secure Trust Bank PLC","STB.L","378879567","20.4469","United Kingdom"
"8169","Dhofar International Development &amp; Investment Holding","DIDI.OM","378806517","0.763636","Oman"
"8170","en Japan","4849.T","378791977","10.0259","Japan"
"8171","Middle East Specialized Cables Company","2370.SR","378588537","9.46471","Saudi Arabia"
"8172","Vista Group International","VGL.NZ","378399614","1.58135","New Zealand"
"8173","IVF Hartmann","VBSN.SW","378111531","158.779","Switzerland"
"8174","Habib Metropolitan Bank","HMB.PK","377588418","0.360352","Pakistan"
"8175","Allot","ALLT","377197088","7.71","Israel"
"8176","Lifeway Foods","LWAY","376913344","24.95","United States"
"8177","Ölgerðin Egill Skallagrímsson","OLGERD.IC","376879239","0.131611","Iceland"
"8178","Sanford Limited","SAN.NZ","376722323","4.02366","New Zealand"
"8179","Optimum Communications","OPTU","376701824","0.9876","United States"
"8180","Vst Tillers Tractors","VSTTILLERS.NS","376700711","43.5354","India"
"8181","BHG Group AB","BHG.ST","375598674","2.09339","Sweden"
"8182","Gulf Warehousing Company","GWCS.QA","375124525","0.64011","Qatar"
"8183","Ashtead Technology","AT.L","374857230","4.65809","United Kingdom"
"8184","ElringKlinger","ZIL2.DE","374309535","5.90766","Germany"
"8185","Lifezone Metals","LZM","374044544","4.16","United Kingdom"
"8186","Orion Group Holdings","ORN","373771488","9.23","United States"
"8187","Kits Eyecare","KITS.TO","373768155","10.9912","Canada"
"8188","Australian Clinical Labs","ACL.AX","373765326","2.0039","Australia"
"8189","AS Tallinna Sadam","TSM1T.TL","373748130","1.4211","Estonia"
"8190","Cerence","CRNC","373601920","8.26","United States"
"8191","Hypothekarbank Lenzburg","HBLN.SW","372857054","5189.67","Switzerland"
"8192","Gogo Inflight Internet","GOGO","372646592","2.75","United States"
"8193","Simulations Plus","SLP","372541504","18.42","United States"
"8194","Bakkt Holdings","BKKT","372273728","8.26","United States"
"8195","Forterra plc","FORT.L","371956084","1.88219","United Kingdom"
"8196","Thob Al Aseel Company","4012.SR","371770961","0.929427","Saudi Arabia"
"8197","General Oceans ASA","GENO.OL","371150237","1.95227","Norway"
"8198","GWA Group Limited","GWA.AX","371067857","1.45869","Australia"
"8199","Nice One Beauty Digital Marketing Company","4193.SR","370645788","3.20905","Saudi Arabia"
"8200","Village Farms International","VFF","370527488","3.03","Canada"
"8201","Tanzanian Gold Corporation","TRX","370045632","1.13","Canada"
"8202","Orthofix Medical","OFIX","369858112","9.15","United States"
"8203","Theeb Rent A Car Company","4261.SR","369826929","5.60586","Saudi Arabia"
"8204","MS INTERNATIONAL plc","MSI.L","369575085","22.478","United Kingdom"
"8205","Alpha Teknova","TKNO","369375168","6.88","United States"
"8206","Perion Network","PERI","369247808","8.94","Israel"
"8207","Mobia Medical, Inc.","MOBI","369198272","11.09","United States"
"8208","Datalogic S.p.A.","DAL.MI","369106437","6.61705","Italy"
"8209","Diana Shipping","DSX","368264608","2.96","Greece"
"8210","Ercros","ECR.MC","367914000","4.02372","Spain"
"8211","Ranpak","PACK","367903040","4.29","United States"
"8212","Bystronic AG","BYS.SW","367824043","178.179","Switzerland"
"8213","GuangZhou Wahlap Technology","301011.SZ","367612564","2.38003","China"
"8214","Chubu Steel Plate","5461.T","367525169","13.8855","Japan"
"8215","Arabian Pipes Company","2200.SR","367509975","1.47004","Saudi Arabia"
"8216","Oportun Financial","OPRT","367438144","7.99","United States"
"8217","Cigniti Technologies","CIGNITITEC.NS","367419162","13.3379","India"
"8218","Al Suwadi Power","SUWP.OM","367408984","0.514286","Oman"
"8219","Ashiana Housing","ASHIANA.NS","367181641","3.65265","India"
"8220","loanDepot","LDI","367088000","0.8261","United States"
"8221","Al Taiseer Group TALCO Industrial Company","4143.SR","366231680","9.15579","Saudi Arabia"
"8222","Alpine Income Property Trust","PINE","366149920","19.43","United States"
"8223","Gaumont SA","GAM.PA","365882620","117.456","France"
"8224","North American Construction Group","NOA","365759808","13.59","Canada"
"8225","Build-A-Bear Workshop","BBW","365341088","29.14","United States"
"8226","Rasiyat Holding Company","RASIYAT.KW","365261306","2435.08","Kuwait"
"8227","GigCapital9","GIX","365102656","9.99","United States"
"8228","National Finance","NFCI.OM","365065478","0.561039","Oman"
"8229","Envela Corporation","ELA","365046496","14.06","United States"
"8230","All for One Group","A1OS.DE","364960131","78.6138","Germany"
"8231","Cadiz Inc.","CDZI","364958176","4.31","United States"
"8232","Anup Engineering","ANUP.NS","364592609","18.201","India"
"8233","Nissha Co., Ltd.","7915.T","364453422","7.68671","Japan"
"8234","Avingtrans","AVG.L","364059862","9.85782","United Kingdom"
"8235","EHang Holdings","EH","364057728","4.8","China"
"8236","National Fertilizers","NFL.NS","364021939","0.742026","India"
"8237","Oman Education and Training Investments (OETI)","OETI.OM","363636373","5.19481","Oman"
"8238","TWFG, Inc.","TWFG","363482976","28.22","United States"
"8239","Gran Tierra Energy","GTE","362291200","10.24","Canada"
"8240","Liva Group","LIVA.OM","362158502","0.909091","Oman"
"8241","Clean Energy Fuels","CLNE","361529824","1.64","United States"
"8242","gremz, Inc.","3150.T","361511313","15.6333","Japan"
"8243","Alandalus Property Company","4320.SR","361402586","3.87217","Saudi Arabia"
"8244","Holley","HLLY","361277760","2.98","United States"
"8245","Southern States Bancshares","SSBK","361068608","36.37","United States"
"8246","BVZ Holding","BVZN.SW","360770362","1828.74","Switzerland"
"8247","Judges Scientific plc","JDG.L","360768867","54.1638","United Kingdom"
"8248","PCC Rokita","PCR.WA","360641135","17.802","Poland"
"8249","Lucky Core Industries (LCI)","LCI.PK","359899980","0.77935","Pakistan"
"8250","Kyokuyo","1301.T","359324972","30.2465","Japan"
"8251","Eimskipafélag Íslands","EIM.IC","359239939","2.2213","Iceland"
"8252","Hokkaido Coca-Cola Bottling","2573.T","358517173","26.3479","Japan"
"8253","Timberland Bancorp","TSBK","358302784","46.08","United States"
"8254","CION Investment Corporation","CION","358195680","7.28","United States"
"8255","SNDL Inc.","SNDL","358073536","1.44","Canada"
"8256","Filatex India","FILATEX.NS","358026989","0.806261","India"
"8257","Lux Industries","LUXIND.NS","357911616","11.9019","India"
"8258","LSL Property Services plc","LSL.L","357850606","3.6696","United Kingdom"
"8259","Instone Real Estate Group","INS.DE","357704701","8.25677","Germany"
"8260","Universal Entertainment Corporation","6425.T","357490578","4.61333","Japan"
"8261","The Cross-Harbour Holdings","0032.HK","356972650","0.957832","Hong Kong"
"8262","Hargreaves Services","HSP.L","356729457","11.6181","United Kingdom"
"8263","Vertu Motors","VTU.L","356657420","1.17129","United Kingdom"
"8264","Inmobiliaria del Sur","ISUR.MC","356474047","19.5372","Spain"
"8265","Mirbud S.A.","MRB.WA","356340898","3.23673","Poland"
"8266","Perspective Therapeutics","CATX","356153184","3.12","United States"
"8267","NewtekOne","NEWT","356148736","12.33","United States"
"8268","Stride Property Group","SPG.NZ","356129720","0.635469","New Zealand"
"8269","Montauk Renewables","MNTK","355852832","2.5","United States"
"8270","Capricorn Energy","CNE.L","355184098","5.17265","United Kingdom"
"8271","Knr Constructions","KNRCON.NS","355132554","1.26276","India"
"8272","Irani Papel e Embalagem S.A.","RANI3.SA","354899874","1.54796","Brazil"
"8273","Twin Disc","TWIN","354894944","24.41","United States"
"8274","JTEKT India","JTEKTINDIA.NS","354850805","1.27922","India"
"8275","Gérard Perrier Industrie S.A.","PERR.PA","354768658","93.9644","France"
"8276","Vitruvio Real Estate","YVIT.MC","354483564","20.9327","Spain"
"8277","Canada Packers","CPKR.TO","354185607","11.898","Canada"
"8278","Electrovaya","ELVA","353978496","7.15","Canada"
"8279","doValue S.p.A.","DOV.MI","353466702","1.86301","Italy"
"8280","Civeo","CVEO","352900352","34.14","United States"
"8281","Blend Labs","BLND","352404832","1.49","United States"
"8282","Kistos Holdings","KIST.L","352279269","4.23832","United Kingdom"
"8283","Fenix Outdoor","FOI-B.ST","351818859","31.8287","Switzerland"
"8284","WithSecure Oyj","WITH.HE","351735546","2.00023","Finland"
"8285","COLOPL","3668.T","351697754","2.73551","Japan"
"8286","Pico Far East Holdings","0752.HK","351056644","0.274851","Hong Kong"
"8287","Presidio Production Company","FTW","350818112","10.63","United States"
"8288","ThredUp","TDUP","350660864","2.67","United States"
"8289","Equita Group","EQUI.MI","350445178","6.80312","Italy"
"8290","Arkan Al-Kuwait Real Estate Company","ARKAN.KW","349899944","1123.63","Kuwait"
"8291","Kuwait Investment Company","KINV.KW","349546651","634.674","Kuwait"
"8292","Tamkeen Human Resources Company","1835.SR","349334215","13.1824","Saudi Arabia"
"8293","On the Beach Group","OTB.L","348918858","2.45091","United Kingdom"
"8294","Al Batinah Power","BATP.OM","348837927","0.516883","Oman"
"8295","Nippon Air conditioning Services","4658.T","348399705","10.0519","Japan"
"8296","Telos","TLS","348273440","4.66","United States"
"8297","ON24","ONTF","348249024","8.1","United States"
"8298","Q32 Bio","QTTB","348005056","11.69","United States"
"8299","Ribbon Communications","RBBN","347811456","1.945","United States"
"8300","X4 Pharmaceuticals","XFOR","347509344","3.505","United States"
"8301","Agora, Inc.","API","347499616","4.11","China"
"8302","Fastighets AB Trianon","TRIAN-B.ST","347293679","1.88363","Sweden"
"8303","Tsubakimoto Kogyo","8052.T","347231123","18.8951","Japan"
"8304","MGP Ingredients","MGPI","347122144","16.21","United States"
"8305","Argo Global Listed Infrastructure","ALI.AX","346908642","1.84142","Australia"
"8306","Wonderla Holidays","WONDERLA.NS","346788933","5.46789","India"
"8307","Brødrene A &amp; O Johansen","AOJ-B.CO","346634880","16.0535","Denmark"
"8308","COLTENE Holding AG","CLTN.SW","346280052","57.9513","Switzerland"
"8309","PT Aspirasi Hidup Indonesia Tbk","ACES.JK","346043207","0.0202123","Indonesia"
"8310","Public Policy Holding Company","PPHC","345979296","11.45","United States"
"8311","Future plc","FUTR.L","345834357","3.92146","United Kingdom"
"8312","Value Line","VALU","345830592","36.86","United States"
"8313","StealthGas","GASS","345431360","9.18","Greece"
"8314","Parrot S.A.","PARRO.PA","345420780","11.1641","France"
"8315","Wing Tai Properties","0369.HK","345364098","0.251256","Hong Kong"
"8316","Penguin International Limited","BTM.SI","345330291","1.55772","Singapore"
"8317","Fope S.p.A.","FPE.MI","345285471","63.3795","Italy"
"8318","Sumou Real Estate Company","4323.SR","344074557","6.88149","Saudi Arabia"
"8319","Stillfront Group","SF.ST","343949630","0.66788","Sweden"
"8320","Avex Inc.","7860.T","343882214","8.05708","Japan"
"8321","Flexsteel Industries","FLXS","343170656","84.2","United States"
"8322","Merlin, Inc.","MRLN","342619808","3.39","United States"
"8323","Capital Limited","CAPD.L","342296223","1.51659","United Kingdom"
"8324","Australian Ethical Investment Limited","AEF.AX","341950559","3.00404","Australia"
"8325","MT Højgaard Holding","MTHH.CO","341702452","44.3338","Denmark"
"8326","Concurrent Technologies","CNC.L","341349807","3.75762","United Kingdom"
"8327","I'LL inc.","3854.T","341285745","13.6515","Japan"
"8328","Orion S.A.","OEC","341151328","6.05","United States"
"8329","PrimeEnergy Resources","PNRG","341081952","215.52","United States"
"8330","Jupiter Mines Limited","JMS.AX","340701986","0.17331","Australia"
"8331","Paysafe","PSFE","340444864","6.52","United States"
"8332","Orell Füssli AG","OFN.SW","340269366","173.607","Switzerland"
"8333","Vista Gold","VGZ","340113216","2.33","United States"
"8334","Verano Holdings","VRNOF","340106912","0.94","United States"
"8335","Advanced Technology Company K.S.C.P.","ATC.KW","340011388","1745.35","Kuwait"
"8336","China Motor Bus Company","0026.HK","339979708","7.51854","Hong Kong"
"8337","Timbercreek Financial","TF.TO","339807034","4.10627","Canada"
"8338","Gulf Pharmaceutical Industries","JULPHAR.AE","339689632","0.29","United Arab Emirates"
"8339","Ladun Investment Company","9535.SR","339547243","0.679095","Saudi Arabia"
"8340","Parag Milk Foods","PARAGMILK.NS","339462615","2.68332","India"
"8341","STRATEC","SBS.F","339275024","27.9102","Germany"
"8342","Mikron Holding","MIKN.SW","339196518","20.3262","Switzerland"
"8343","fuboTV","FUBO","339194016","11.23","United States"
"8344","Coronado Global Resources","CRN.AX","339078462","0.180531","Australia"
"8345","Upstream Bio","UPB","339032736","6.19","United States"
"8346","Mehadrin","MEDN.TA","338870575","98.4416","Israel"
"8347","NL Industries","NL","338868224","6.93","United States"
"8348","Kendrion","KENDR.AS","338775058","22.3514","Netherlands"
"8349","izertis","IZER.MC","338566290","9.53599","Spain"
"8350","Bourse Direct","BSD.PA","338498152","6.5589","France"
"8351","Kuwait Insurance Company","KINS.KW","338460970","1421.54","Kuwait"
"8352","Ashoka Buildcon","ASHOKA.NS","338349530","1.20528","India"
"8353","Younited Financial","YOUNI.PA","338136733","7.44273","Luxembourg"
"8354","Bredband2 i Skandinavien AB","BRE2.ST","337924291","0.353073","Sweden"
"8355","Transcontinental Realty Investors","TCI","337622176","38.48","United States"
"8356","Aramis Group","ARAMI.PA","336560029","4.12257","France"
"8357","AB Akola Group","AKO1L.VS","336219152","2.03512","Lithuania"
"8358","Gurit Holding","GURN.SW","335929695","71.914","Switzerland"
"8359","Bell Financial Group","BFG.AX","335845418","1.04708","Australia"
"8360","OPAL Fuels","OPAL","335404800","1.92","United States"
"8361","CPI Card Group","PMTS","335196544","29.07","United States"
"8362","Nordic Paper","NPAPER.ST","334821133","5.00414","Sweden"
"8363","Viemed Healthcare","VMD","334795520","8.79","United States"
"8364","Omni Bridgeway","OBL.AX","334653066","1.1554","Australia"
"8365","Abeona Therapeutics","ABEO","334526496","5.85","United States"
"8366","Agenus","AGEN","334421856","7.43","United States"
"8367","Campine","CAMB.BR","334050453","222.7","Belgium"
"8368","Saudi Cable Company","2110.SR","333911834","50.0399","Saudi Arabia"
"8369","Nilkamal","NILKAMAL.NS","333531865","22.2766","India"
"8370","Abdulmohsen Al-Hokair Group for Tourism and Development Company","1820.SR","333510824","0.537949","Saudi Arabia"
"8371","Peach Property Group AG","PEAN.SW","333392431","5.99283","Switzerland"
"8372","Prince Pipes And Fittings","PRINCEPIPE.NS","333293363","3.01399","India"
"8373","ADF Group","DRX.TO","333279544","11.6722","Canada"
"8374","ZipRecruiter","ZIP","333015968","4.05","United States"
"8375","Islamic Arab Insurance","SALAMA.AE","332670798","0.405707","United Arab Emirates"
"8376","The RMR Group","RMR","332381184","19.46","United States"
"8377","CoastalSouth Bancshares","COSO","331974976","27.77","United States"
"8378","Caltagirone Editore","CED.MI","331585088","3.10501","Italy"
"8379","Lyell Immunopharma","LYEL","331554528","13.53","United States"
"8380","Selvaag Bolig","SBO.OL","331282031","3.53578","Norway"
"8381","V-ZUG Holding","VZUG.SW","330758787","51.5878","Switzerland"
"8382","M-tron Industries","MPTI","330592960","76.06","United States"
"8383","John Marshall Bancorp","JMSB","330365056","23.41","United States"
"8384","Sionna Therapeutics","SION","329597408","7.3","United States"
"8385","Lime Technologies AB","LIME.ST","329553717","24.7324","Sweden"
"8386","Mitsubishi Paper Mills","3864.T","329339872","7.51777","Japan"
"8387","Palms Sports","PALMS.AE","329185619","2.19","United Arab Emirates"
"8388","Ernst Russ","ERAG.DE","329096649","9.76858","Germany"
"8389","Coelacanth Energy","CEI.V","328793757","0.518725","Canada"
"8390","BayCom (United Business Bank)","BCML","328695520","30.1","United States"
"8391","Grieg Seafood","GSF.OL","328691553","2.92841","Norway"
"8392","7Road","0797.HK","328233470","0.140933","China"
"8393","SmartCraft ASA","SMCRT.OL","328123531","1.99594","Norway"
"8394","Clearwater Paper","CLW","327877440","20.33","United States"
"8395","Nano Dimension","NNDM","327854656","1.555","United States"
"8396","Rocky Brands","RCKY","327771104","43.75","United States"
"8397","Abbott Laboratories (Pakistan)","ABOT.PK","327343650","3.34364","Pakistan"
"8398","SuRo Capital","SSSS","326920416","12.54","United States"
"8399","Integrated Holding Company K.S.C.P.","INTEGRATED.KW","326879519","1230.49","Kuwait"
"8400","OVB Holding","O4B.DE","326492514","22.9096","Germany"
"8401","Orchestra BioMed","OBIO","326370400","5.43","United States"
"8402","Friedman Industries","FRD","326018144","45.2","United States"
"8403","Kewal Kiran Clothing","KKCL.NS","325974929","5.28964","India"
"8404","Horizon Technology Finance","HRZN","325784800","4.86","United States"
"8405","The National Company for Glass Industries","2150.SR","325758183","9.90146","Saudi Arabia"
"8406","Air Asia Company Limited (AACL)","2630.TW","325740763","1.55531","Taiwan"
"8407","Imagicaaworld Entertainment","IMAGICAA.NS","324872559","0.574108","India"
"8408","Repay Holdings","RPAY","324518560","3.68","United States"
"8409","Pyxis Oncology","PYXS","324457312","3.89","United States"
"8410","Northern Region Cement Company","3004.SR","324047926","1.80027","Saudi Arabia"
"8411","Fiverr","FVRR","323916064","9.01","Israel"
"8412","Maui Land &amp; Pineapple Company","MLP","323108480","16.27","United States"
"8413","Compagnie d'Entreprises CFE","CFEB.BR","322971174","13.0829","Belgium"
"8414","IDP Education","IEL.AX","322595065","1.15901","Australia"
"8415","Beyout Investment Group","BEYOUT.KW","322517962","1075.06","Kuwait"
"8416","Oceania Healthcare","OCA.NZ","322370601","0.445121","New Zealand"
"8417","Vanda Pharmaceuticals","VNDA","322266112","5.33","United States"
"8418","Sanara MedTech","SMTI","322040608","35.05","United States"
"8419","AVITA Medical","RCEL","321948480","10.41","United States"
"8420","Byggmax Group","BMAX.ST","321800992","5.48914","Sweden"
"8421","United Bankers Oyj","UNITED.HE","321619203","28.9569","Finland"
"8422","Lands' End","LE","321440384","10.88","United States"
"8423","B.P. Marsh &amp; Partners","BPM.L","321394069","9.16723","United Kingdom"
"8424","CMON","1792.HK","321019461","0.177752","Singapore"
"8425","City of London Investment Group Plc","CLIG.L","320906010","6.49966","United Kingdom"
"8426","Al-Jouf Agricultural Development","6070.SR","320532613","10.6844","Saudi Arabia"
"8427","Portillo's","PTLO","320532576","4.42","United States"
"8428","Wilmington plc","WIL.L","320516962","3.57481","United Kingdom"
"8429","Fiera Capital","FSZ.TO","320472777","3.02529","Canada"
"8430","Parken Sport (F.C. Copenhagen)","PARKEN.CO","320398057","32.8225","Denmark"
"8431","Tanmiah Food Company","2281.SR","320372843","16.0186","Saudi Arabia"
"8432","Medios AG","ILM1.DE","320341696","12.5596","Germany"
"8433","Santhera Pharmaceuticals","SANN.SW","320325850","21.0058","Switzerland"
"8434","Qatar Islamic Insurance Group","QISI.QA","320315912","2.13544","Qatar"
"8435","Corby Spirit and Wine","CSW-A.TO","320134711","11.2451","Canada"
"8436","Eagle Football Group","EFG.PA","319952479","1.95372","France"
"8437","Hikal","HIKAL.NS","319943646","2.59482","India"
"8438","InflaRx","IFRX","319789056","2.17","Germany"
"8439","Naqi Water Company","2282.SR","319573892","15.9787","Saudi Arabia"
"8440","Shoper","SHO.WA","319482373","11.3555","Poland"
"8441","Cairo Communication","CAI.MI","319292607","2.65729","Italy"
"8442","Infotel SA","INF.PA","319095003","46.517","France"
"8443","Alto Ingredients","ALTO","318418560","4.105","United States"
"8444","CapsoVision","CV","318298368","6.36","United States"
"8445","Transcontinental","TCL-A.TO","318229921","3.80198","Canada"
"8446","Cellectis","CLLS","318215840","3.16","France"
"8447","Newegg","NEGG","318175584","15.17","United States"
"8448","Funko","FNKO","318055968","5.68","United States"
"8449","Sutro Biopharma","STRO","316700384","19.1","United States"
"8450","Batic Investments and Logistics Company","4110.SR","316378153","0.527297","Saudi Arabia"
"8451","Jindal Poly Films","JINDALPOLY.NS","315808245","7.21247","India"
"8452","Science Group","SAG.L","315635738","7.81313","United Kingdom"
"8453","What's Cooking Group","WHATS.BR","315155568","169.787","Belgium"
"8454","Victorian Plumbing Group","VIC.L","314854760","0.9587","United Kingdom"
"8455","Capital A (Air Asia)","5099.KL","314639069","0.070249","Malaysia"
"8456","Mount Gibson Iron","MGX.AX","314576950","0.266494","Australia"
"8457","Emirates Insurance Company","EIC.AE","314482539","2.1","United Arab Emirates"
"8458","Embecta","EMBC","314460800","5.55","United States"
"8459","Xunlei","XNET","314240384","4.93","China"
"8460","Card Factory plc","CARD.L","313904206","0.942451","United Kingdom"
"8461","Bonduelle","BON.PA","313664194","9.82672","France"
"8462","MM Forgings","MMFL.NS","313625667","6.49576","India"
"8463","Animalcare Group","ANCR.L","313207724","4.53622","United Kingdom"
"8464","World Holdings","2429.T","312980143","17.7321","Japan"
"8465","Syntec Optics","OPTX","312571872","7.76","United States"
"8466","Helical","HLCL.L","312378042","2.70819","United Kingdom"
"8467","Newron Pharmaceuticals","NWRN.SW","312099798","15.0006","Italy"
"8468","Nayifat Finance Company","4081.SR","312071899","2.67643","Saudi Arabia"
"8469","Novabase","NBA.LS","311944887","8.28003","Portugal"
"8470","Generalfinance","GF.MI","311505301","24.654","Italy"
"8471","STEICO SE","ST5.DE","311182510","22.0956","Germany"
"8472","Soluna Holdings","SLNH","310630016","1.27","United States"
"8473","Sidetrade","ALBFR.PA","310494375","217.467","France"
"8474","Metro Mining","MMI.AX","310438323","1.00737","Australia"
"8475","Lalique Group","LLQ.SW","310240545","40.5543","Switzerland"
"8476","XANO Industri","XANO-B.ST","310090571","5.22825","Sweden"
"8477","Kyodo Printing","7914.T","309744611","11.1954","Japan"
"8478","Immuneering","IMRX","309253600","4.78","United States"
"8479","Firm Capital Mortgage Investment Corporation","FC.TO","308924217","8.40842","Canada"
"8480","Zengame Technology","2660.HK","308883980","0.298446","China"
"8481","NN, Inc.","NNBR","308852448","3.74","United States"
"8482","Los Andes Copper","LA.V","308753930","10.1569","Canada"
"8483","Mangalam Cement","MANGLMCEM.NS","308158379","11.2069","India"
"8484","Automatic Bank Services","SHVA.TA","307817546","7.66247","Israel"
"8485","OneConnect Financial Technology","OCFT","307704928","7.89","China"
"8486","Emergent BioSolutions","EBS","307640000","6","United States"
"8487","Dave & Buster's","PLAY","307532064","8.84","United States"
"8488","NI Holdings","NODK","307295168","15.06","United States"
"8489","Kingsway Financial Services","KFS","307154208","10.73","Canada"
"8490","Rafhan Maize Products Company","RMPL.PK","307135554","33.2527","Pakistan"
"8491","Dialight plc","DIA.L","306994568","7.6371","United Kingdom"
"8492","United Heavy Machinery","OMZZP.ME","306863399","112.05","Russia"
"8493","Relais Group Oyj","RELAIS.HE","306562643","16.3973","Finland"
"8494","Stalprodukt","STP.WA","306094859","60.1492","Poland"
"8495","Matrix Service Company","MTRX","305835680","10.81","United States"
"8496","KinderCare Learning Companies","KLC","305773920","2.58","United States"
"8497","Alfen","ALFEN.AS","305273656","14.0365","Netherlands"
"8498","NACCO Industries","NC","304640640","40.4","United States"
"8499","Regional Management Corp.","RM","304635712","33.02","United States"
"8500","Chain Bridge Bancorp","CBNA","304533920","46.41","United States"
"8501","United Projects Company For Aviation Services","UPAC.KW","304517963","806.295","Kuwait"
"8502","Anora Group","ANORA.HE","304419454","4.50634","Finland"
"8503","Race Oncology","RAC.AX","304410939","1.55257","Australia"
"8504","Propel Funeral Partners","PFP.AX","304382840","2.20609","Australia"
"8505","Myriad Genetics","MYGN","304165888","3.18","United States"
"8506","C&amp;F Financial Corporation","CFFI","304033120","93.5","United States"
"8507","National Industries Company","NICBM.KW","303584836","871.058","Kuwait"
"8508","Sasken Technologies","SASKEN.NS","303531801","19.9804","India"
"8509","Aiphone Co.,Ltd.","6718.T","303191921","18.5248","Japan"
"8510","James Fisher and Sons","FSJ.L","302840569","5.99865","United Kingdom"
"8511","Accent Group","AX1.AX","302589865","0.503322","Australia"
"8512","Fossil Group","FOSL","302195456","5.11","United States"
"8513","First Western Financial","MYFW","301937792","30.92","United States"
"8514","Zotefoams","ZTF.L","301757206","6.12051","United Kingdom"
"8515","Forafric Global PLC","AFRI","301725088","11.19","Gibraltar"
"8516","Gabler Group AG","XK4.F","301128039","49.7732","Germany"
"8517","Treace Medical Concepts","TMCI","301109984","4.63","United States"
"8518","Mediclin","MED.DE","301052439","6.33795","Germany"
"8519","Afentra","AET.L","301027770","1.09411","United Kingdom"
"8520","Amarin Corporation","AMRN","301000384","14.25","Ireland"
"8521","ClearView Wealth Limited","CVW.AX","300974429","0.469382","Australia"
"8522","SKY Network Television Limited","SKT.NZ","300765952","2.18461","New Zealand"
"8523","GoPro","GPRO","300248512","1.455","United States"
"8524","Tele Columbus","TC1.HM","300164764","0.511687","Germany"
"8525","Brinova Fastigheter","BRIN-B.ST","299868576","1.3023","Sweden"
"8526","Fate Therapeutics","FATE","299551296","2.5","United States"
"8527","Beetaloo Energy Australia","BTL.AX","299316566","0.198585","Australia"
"8528","Strike Energy","STX.AX","298910096","0.0830445","Australia"
"8529","JDC Group AG","JDC.DE","298825576","21.863","Germany"
"8530","Zumiez","ZUMZ","298638240","17.7","United States"
"8531","BAUER AG","B5A0.HM","298294426","6.93104","Germany"
"8532","Jumbo Interactive Limited","JIN.AX","297820437","4.70104","Australia"
"8533","E. W. Scripps Company","SSP","297467456","3.21","United States"
"8534","Xebio Holdings","8281.T","297386722","7.18639","Japan"
"8535","Alembic Limited","ALEMBICLTD.NS","297197189","1.15739","India"
"8536","NervGen Pharma","NGEN.V","296699810","3.74562","Canada"
"8537","J.Jill","JILL","296636064","19.84","United States"
"8538","Burgenland Holding","BHD.VI","296546111","98.8487","Austria"
"8539","Beacon Lighting Group","BLX.AX","296448906","1.29261","Australia"
"8540","Jeju Air","089590.KS","296445024","3.6793","South Korea"
"8541","United Foodbrands Limited","UFBL.NS","296426321","7.57781","India"
"8542","Árima Real Estate","ARM.MC","295799624","12.0944","Spain"
"8543","Strattec Security","STRT","295700128","74.34","United States"
"8544","IFL (Ibrahim Fibres)","IBFL.PK","295468550","0.951568","Pakistan"
"8545","Bpost","13B.F","294919410","1.47459","Belgium"
"8546","Al Jazeera Steel Products","ATMI.OM","294888957","2.36104","Oman"
"8547","Alico","ALCO","294813632","39.74","United States"
"8548","Halwani Bros","6001.SR","294721303","8.33555","Saudi Arabia"
"8549","Red Sea International Company","4230.SR","294617404","6.10386","Saudi Arabia"
"8550","Toho Co., Ltd.","8142.T","294599668","9.23965","Japan"
"8551","Bank Mayapada Internasional","MAYA.JK","294171112","0.0112417","Indonesia"
"8552","IVE Group","IGL.AX","294091193","1.92086","Australia"
"8553","Sino AG","XTP.DE","293580650","125.596","Germany"
"8554","Clinuvel Pharmaceuticals","CUV.AX","293143140","5.81311","Australia"
"8555","TechTarget","TTGT","292947264","4.05","United States"
"8556","Entrada Therapeutics","TRDA","292803744","7.52","United States"
"8557","Funkwerk AG","FEW.F","292632373","36.3083","Germany"
"8558","Pizza Pizza","PZA.TO","292622721","8.65631","Canada"
"8559","Bicycle Therapeutics","BCYC","292570208","4.18","United Kingdom"
"8560","Princeton Bancorp","BPRN","292081920","42.87","United States"
"8561","High Liner Foods","HLF.TO","291958700","10.4253","Canada"
"8562","Ainsworth Game Technology","AGI.AX","291849183","0.866551","Australia"
"8563","Fulcrum Therapeutics","FULC","291455520","3.82","United States"
"8564","TriSalus Life Sciences","TLSI","291247872","4.73","United States"
"8565","Onity Group","ONIT","291238560","34.86","United States"
"8566","Millennium &amp; Copthorne Hotels New Zealand","MCK.NZ","290971917","1.83905","New Zealand"
"8567","Jack in the Box","JACK","290758624","15.16","United States"
"8568","eVISO S.p.A.","EVISO.MI","289903087","13.0248","Italy"
"8569","Hawthorn Bancshares","HWBK","289406240","39.57","United States"
"8570","James Latham plc","LTHM.L","289364929","14.3534","United Kingdom"
"8571","Infinity Natural Resources","INR","289324288","15.52","United States"
"8572","ProQR Therapeutics","PRQR","289294016","2.05","Netherlands"
"8573","Prosperity Real Estate Investment Trust","0808.HK","289126456","0.18047","Hong Kong"
"8574","Confidence Petroleum","CONFIPET.NS","289074379","0.870074","India"
"8575","Andrews Sykes Group","ASY.L","289071881","6.90589","United Kingdom"
"8576","Dadelo","DAD.WA","289047636","24.761","Poland"
"8577","Neobo Fastigheter","NEOBO.ST","288869004","2.07147","Sweden"
"8578","RCM Technologies","RCMT","288839008","40.62","United States"
"8579","Sogefi S.p.A.","SGF.MI","288518610","2.41889","Italy"
"8580","Text (LiveChat)","TXT.WA","288237211","11.1937","Poland"
"8581","Intracom Holdings","INTRK.AT","288058742","3.47133","Greece"
"8582","United Carton Industries Company","1323.SR","288042601","7.20107","Saudi Arabia"
"8583","SHUAA Capital","SHUAA.AE","286935283","0.0784186","United Arab Emirates"
"8584","Foghorn Therapeutics","FHTX","286831072","4.83","United States"
"8585","NexPoint Diversified Real Estate Trust","NXDT","286772544","5.4","United States"
"8586","Incap Oyj","ICP1V.HE","286724057","9.78021","Finland"
"8587","EnviTec Biogas","ETG.DE","286672870","19.3046","Germany"
"8588","Giordano","0709.HK","286552880","0.177282","Hong Kong"
"8589","Ajinomoto (Malaysia)","2658.KL","286234176","4.70791","Malaysia"
"8590","Ames National Corp.","ATLO","286088192","32.3","United States"
"8591","Transgene SA","TNG.PA","286053988","1.02803","France"
"8592","TrueBlue","TBI","285872416","9.39","United States"
"8593","Velan","VLN.TO","285797728","13.2402","Canada"
"8594","Australian Finance Group","AFG.AX","285433770","1.0543","Australia"
"8595","Akebia Therapeutics","AKBA","285419424","1.03","United States"
"8596","Alamar Foods Company","6014.SR","285355517","11.1904","Saudi Arabia"
"8597","CAB Payments","CABP.L","285316745","1.1239","United Kingdom"
"8598","Palladyne AI","PDYN","285176608","5.78","United States"
"8599","Brooge Energy","BROG","284928800","2.6","United Arab Emirates"
"8600","Duos Technologies Group","DUOT","284826144","9.05","United States"
"8601","Gateway Distriparks","GATEWAY.NS","284267018","0.568939","India"
"8602","Kingstone Companies","KINS","284166464","19.63","United States"
"8603","Ellomay Capital","ELLO","284072384","20.61","Israel"
"8604","Escalade Sports","ESCA","283994080","20.63","United States"
"8605","Keiyo Gas","9539.T","283931097","8.83029","Japan"
"8606","Coop Pank AS","CPA1T.TL","283782729","2.73869","Estonia"
"8607","Secuoya, Grupo de Comunicación, S.A.","SEC.MC","283548041","35.3529","Spain"
"8608","Taiga Building Products","TBL.TO","283491624","2.62627","Canada"
"8609","Gentrack Group","GTK.NZ","283222234","2.51845","New Zealand"
"8610","Azkoyen S.A.","AZK.MC","283055444","11.606","Spain"
"8611","Ready Capital","RC","283023808","1.71","United States"
"8612","BRC Group Holdings","RILY","283006272","7.04","United States"
"8613","Cresco Labs","CRLBF","282984992","0.76","United States"
"8614","Eisen- und Hüttenwerke","EIS.F","282451449","16.0484","Germany"
"8615","Xperi","XPER","282388864","5.79","United States"
"8616","Sinad Holding Company","4080.SR","282060945","2.23169","Saudi Arabia"
"8617","Neon Equity AG","D77.DE","281780580","6.39609","Germany"
"8618","Anika Therapeutics","ANIK","281577632","21.04","United States"
"8619","Remedy Entertainment","REMEDY.HE","281323429","20.7001","Finland"
"8620","Econocom Group","ECONB.BR","281077410","1.72695","Belgium"
"8621","Gakken Holdings","9470.T","281003732","6.75105","Japan"
"8622","Biodesix","BDSX","280976256","26.63","United States"
"8623","USANA","USNA","280843328","15.2","United States"
"8624","The Hackett Group","HCKT","280622400","11.28","United States"
"8625","Saratoga Investment","SAR","280612000","17.45","United States"
"8626","Marine Products Corporation","MPX","280037408","8.18","United States"
"8627","Jakks Pacific","JAKK","279716096","24.44","United States"
"8628","Groupe Pizzorno Environnement","GPE.PA","279138021","72.2177","France"
"8629","Edisun Power Europe","ESUN.SW","279130862","88.2244","Switzerland"
"8630","AIAI Holdings Corporation","AIAI","279117920","3.95","United States"
"8631","Gencor Industries","GENC","278496352","19","United States"
"8632","Gloo Holdings","GLOO","278479872","3.18","United States"
"8633","Pihlajalinna Oyj","PIHLIS.HE","278270293","12.3735","Finland"
"8634","Westwing Group","WEW.DE","278220761","14.7692","Germany"
"8635","Lightbridge Corporation","LTBR","278019296","7.89","United States"
"8636","Qingci Games","6633.HK","277744761","0.401754","China"
"8637","Alliance Entertainment","AENT","277717632","5.45","United States"
"8638","Chicago Atlantic Real Estate Finance","REFI","277477024","10.83","United States"
"8639","ALX Oncology","ALXO","276553984","2","United States"
"8640","AC Immune","ACIU","276406848","2.78","Switzerland"
"8641","CAMP4 Therapeutics","CAMP","276114080","4.4","United States"
"8642","John Wood Group","WG.L","276090680","0.399424","United Kingdom"
"8643","Alector","ALEC","275792608","2.47","United States"
"8644","Lineage Cell Therapeutics","LCTX","275669120","1.09","United States"
"8645","Delegat","DGL.NZ","275421929","2.72344","New Zealand"
"8646","Federal-Mogul Goetze","FMGOETZE.NS","275349940","4.94948","India"
"8647","Runway Growth Finance","RWAY","275348064","6.57","United States"
"8648","MacroGenics","MGNX","275184832","4.32","United States"
"8649","The Pearl REIF","PRFD.OM","274979751","0.464935","Oman"
"8650","GE Power India","GEPIL.NS","274557971","4.07664","India"
"8651","Boyaa Interactive","0434.HK","274470015","0.379434","China"
"8652","Orient Cement","ORIENTCEM.NS","273966728","1.33343","India"
"8653","Apollo Pipes","APOLLOPIPE.NS","273870601","6.23576","India"
"8654","Coveo Solutions","CVO.TO","273744901","2.94549","Canada"
"8655","Acrow Limited","ACF.AX","273740112","0.649913","Australia"
"8656","Middlefield Banc","MBCN","273627936","33.67","United States"
"8657","Kaldalón","KALD.IC","273566456","0.213842","Iceland"
"8658","BEST S.A.","BST.WA","273476825","9.60229","Poland"
"8659","GPA","PCAR3.SA","273201348","0.55467","Brazil"
"8660","Emperor Watch &amp; Jewellery","0887.HK","273030554","0.0376246","Hong Kong"
"8661","Western New England Bancorp","WNEB","272824320","13.61","United States"
"8662","Limoneira","LMNR","272524064","15.03","United States"
"8663","Standard BioTools","LAB","271664544","0.692","United States"
"8664","AerSale","ASLE","271565280","5.69","United States"
"8665","TOP Financial Group Limited","TOP","271309856","2.06","Hong Kong"
"8666","A2Z Cust2Mate Solutions","AZ","271203040","6.16","Canada"
"8667","Amtech Systems","ASYS","271200480","15.49","United States"
"8668","Cartesian Therapeutics","RNAC","270785408","8.95","United States"
"8669","American Realty Investors","ARL","270708256","16.76","United States"
"8670","LCNB Corp.","LCNB","270417120","18.97","United States"
"8671","AFT Pharmaceuticals","AFT.NZ","270242217","2.57702","New Zealand"
"8672","Hindustan Oil Exploration Company","HINDOILEXP.NS","270127376","2.04265","India"
"8673","Akatsuki Inc","3932.T","270116631","22.4494","Japan"
"8674","Damaan Islamic Insurance Company (Beema)","BEMA.QA","269230761","1.34615","Qatar"
"8675","Aspo Oyj","ASPO.HE","268961247","8.58239","Finland"
"8676","BRT Apartments","BRT","268743840","14.3","United States"
"8677","Tredegar","TG","268505568","7.71","United States"
"8678","RxSight","RXST","268276496","6.45","United States"
"8679","B&amp;G Foods","BGS","268209712","3.3","United States"
"8680","Oryzon Genomics","ORY.MC","267822473","3.26782","Spain"
"8681","India Nippon Electricals","INDNIPPON.NS","267783586","11.8376","India"
"8682","Supermax Corporation Berhad","7106.KL","267519106","0.0875031","Malaysia"
"8683","Kitex Garments","KITEX.NS","267450533","1.3406","India"
"8684","Al-Deera Holding Company","ALDEERA.KW","267043007","1628.78","Kuwait"
"8685","Tristel","TSTL.L","266894148","5.55179","United Kingdom"
"8686","So-Young International","SY","266627856","2.65","China"
"8687","Pure Cycle (water)","PCYO","266516928","11.06","United States"
"8688","Herfy Food Services Company","6002.SR","266471261","4.11984","Saudi Arabia"
"8689","STINAG Stuttgart Invest","STG.F","266363856","16.9982","Germany"
"8690","National Bankshares","NKSH","266228208","41.79","United States"
"8691","Compagnie Du Mont-Blanc","MLCMB.PA","266000829","295.383","France"
"8692","8x8","EGHT","265761328","1.84","United States"
"8693","Delta Plus Group","ALDLT.PA","265718582","37.0973","France"
"8694","Automotive Axles","AUTOAXLES.NS","265297982","17.5555","India"
"8695","Oman Flour Mills","OFMI.OM","265201370","1.52727","Oman"
"8696","Siyaram Silk Mills","SIYSIL.NS","265138994","5.84392","India"
"8697","Sanam Real Estate Company","SANAM.KW","264936823","1146.3","Kuwait"
"8698","Knowit","KNOW.ST","264913431","9.726","Sweden"
"8699","COG Financial Services","COG.AX","264897154","1.24206","Australia"
"8700","Qatar Industrial Manufacturing Company","QIMD.QA","264232063","0.556044","Qatar"
"8701","Anavex Life Sciences","AVXL","264185984","2.85","United States"
"8702","Designer Brands","DBI","264040800","5.2","United States"
"8703","CS Disco","LAW","263592432","4.11","United States"
"8704","Com2uS","078340.KQ","263502025","23.0236","South Korea"
"8705","Far East Consortium International","0035.HK","263353197","0.0860901","Hong Kong"
"8706","Netcall","NET.L","263344726","1.54367","United Kingdom"
"8707","Ecoener","ENER.MC","262775207","4.61682","Spain"
"8708","Archer Limited","ARCH.OL","262763658","2.64099","Norway"
"8709","CM.com","CMCOM.AS","262703106","7.9079","Netherlands"
"8710","Laboratorio Reig Jofre","RJF.MC","262582714","3.19953","Spain"
"8711","Omega Flex","OFLX","262452368","26","United States"
"8712","A'ayan Real Estate Company K.S.C.P.","AAYANRE.KW","262451414","631.436","Kuwait"
"8713","U.S. Gold Corp","USAU","262435472","15.88","United States"
"8714","Nam Tai Property","NTPIF","262332256","4.3","China"
"8715","Microvast","MVST","262329440","0.6822","United States"
"8716","LX Hausys","108670.KS","262167833","26.27","South Korea"
"8717","American Resources Corp","AREC","262079616","2.45","United States"
"8718","Richardson Electronics","RELL","262056144","17.63","United States"
"8719","Uxin Limited","UXIN","261776512","1.19","China"
"8720","Martifer SGPS","MAR.LS","261667707","2.67597","Portugal"
"8721","Saudi Advanced Industries Company","2120.SR","261296908","4.42876","Saudi Arabia"
"8722","Slam Corp","SLMWF","261266432","11.14","United States"
"8723","Skel fjárfestingafélag","SKEL.IC","261241526","0.139762","Iceland"
"8724","National General Insurance Company","NGI.AE","260947738","1.58199","United Arab Emirates"
"8725","Vanquis Banking Group","VANQ.L","260670484","1.0413","United Kingdom"
"8726","WildBrain","WILD.TO","260601587","1.21882","Canada"
"8727","SEACOR Marine","SMHI","260475136","9.6","United States"
"8728","Chinese Estates Holdings","0127.HK","260330497","0.136469","Hong Kong"
"8729","Brockhaus Technologies","BKHT.DE","260007034","24.8866","Germany"
"8730","Al Kout Industrial Projects Company","ALKOUT.KW","259975626","2576.55","Kuwait"
"8731","Najran Cement Company","3002.SR","259754772","1.57656","Saudi Arabia"
"8732","Raoom trading Company","4144.SR","259653787","20.7723","Saudi Arabia"
"8733","Banque Cantonale du Jura","BCJ.SW","258886522","86.4945","Switzerland"
"8734","Streamwide","ALSTW.PA","258449346","95.5925","France"
"8735","Vp plc","VP.L","258440992","6.54028","United Kingdom"
"8736","Ayyan Investment Company","2140.SR","258357970","2.56724","Saudi Arabia"
"8737","Al Imtiaz Investment Group Company","ALIMTIAZ.KW","257876762","249.984","Kuwait"
"8738","Neowiz Games","095660.KQ","257101122","13.135","South Korea"
"8739","Fintel Plc","FNTL.L","256779656","2.46445","United Kingdom"
"8740","Richmond Mutual Bancorporation","RMBI","256762672","16.01","United States"
"8741","Conduent","CNDT","256609312","1.65","United States"
"8742","TROOPS, Inc.","TROO","256536336","2.1","Hong Kong"
"8743","Silver Mines Limited","SVL.AX","256426813","0.11554","Australia"
"8744","Yatsen Holding","YSG","256075504","2.73","China"
"8745","CLS Holdings plc","CLI.L","256048704","0.637779","United Kingdom"
"8746","Andrew Peller","ADW-A.TO","255614097","5.80391","Canada"
"8747","Asure Software","ASUR","255582064","8.85","United States"
"8748","Virginia National Bankshares","VABK","255259520","47.05","United States"
"8749","Rane Holdings","RANEHOLDIN.NS","254780164","17.8445","India"
"8750","TerrAscend","TSND.TO","254144453","0.68196","Canada"
"8751","Linedata Services","LIN.PA","253735384","52.0991","France"
"8752","Global Water Resources","GWRS","253687056","8.81","United States"
"8753","Bank Ochrony Srodowiska","BOS.WA","253610474","2.72964","Poland"
"8754","Arabian Shield Cooperative Insurance Company","8070.SR","253580946","3.1771","Saudi Arabia"
"8755","AS Tallinna Vesi","TVE1T.TL","253517852","12.6759","Estonia"
"8756","Stelrad Group","SRAD.L","253497977","1.99052","United Kingdom"
"8757","APB Apranga","APG1L.VS","253343785","4.58193","Lithuania"
"8758","Immersion Corporation","IMMR","253254208","7.63","United States"
"8759","LiveWire Group","LVWR","252657328","1.23","United States"
"8760","Verve Group SE","VER.ST","252480444","1.26167","Sweden"
"8761","Myer Holdings","MYR.AX","252299022","0.145775","Australia"
"8762","Aviat Networks","AVNW","252190336","19.7","United States"
"8763","Instabank ASA","INSTA.OL","252070640","0.542298","Norway"
"8764","Wayi International Digital Entertainment","3086.TWO","251892582","0.923663","Taiwan"
"8765","ChargePoint","CHPT","251587536","9.37","United States"
"8766","OpGen","OPGN","251197920","24.75","United States"
"8767","First Internet Bancorp","INBK","250915584","28.73","United States"
"8768","Prim, S.A.","PRM.MC","250904320","14.7692","Spain"
"8769","Keystone Law Group","KEYS.L","250829000","7.97563","United Kingdom"
"8770","Etteplan","ETTE.HE","250766257","9.93139","Finland"
"8771","Whitehawk Therapeutics","WHWK","250269536","4.39","United States"
"8772","ZE PAK SA","ZEP.WA","250042894","4.91982","Poland"
"8773","EaseMyTrip","EASEMYTRIP.NS","249650054","0.0626529","India"
"8774","Integrated Wind Solutions","IWS.OL","249609938","6.24727","Norway"
"8775","Prodware","ALPRO.PA","249520944","32.0917","France"
"8776","Silicom","SILC","249446320","43.4","Israel"
"8777","Torrid Holding","CURV","249234160","2.5","United States"
"8778","Ares Commercial Real Estate","ACRE","249110176","4.49","United States"
"8779","AB Amber Grid","AMG1L.VS","248934788","1.39551","Lithuania"
"8780","Cosmo First","COSMOFIRST.NS","248922644","9.58938","India"
"8781","Profound Medical","PROF","248839744","6.81","Canada"
"8782","Jassim Transport &amp; Stevedoring Company","JTC.KW","248605964","1369.73","Kuwait"
"8783","Immobel","IMMO.BR","248584683","24.3052","Belgium"
"8784","AB Dynamics","ABDP.L","247963602","10.8328","United Kingdom"
"8785","Rajesh Exports","RAJESHEXPO.NS","247928929","0.839697","India"
"8786","Absa Bank","ABSP.JO","247926000","55.3035","South Africa"
"8787","Nova Minerals","NVA","247794992","6.49","Australia"
"8788","Liontrust Asset Management PLC","LIO.L","247568618","4.00135","United Kingdom"
"8789","GDI Property Group","GDI.AX","247535582","0.45855","Australia"
"8790","Solar A/S","SOLAR-B.CO","247310402","31.1114","Denmark"
"8791","SmartRent","SMRT","247179200","1.29","United States"
"8792","Omaxe","OMAXE.NS","247137535","1.34567","India"
"8793","Wawel","WWL.WA","246699744","190.967","Poland"
"8794","Jin Air","272450.KS","246528220","4.78383","South Korea"
"8795","Squirrel Media","SQRL.MC","246437847","2.57007","Spain"
"8796","Information Services Group","III","246424544","5.09","United States"
"8797","Lantronix","LTRX","246136992","5.27","United States"
"8798","Dustin Group","DUST.ST","245925148","0.181162","Sweden"
"8799","Niagen Bioscience","NAGE","245290592","3.1","United States"
"8800","One Stop Systems","OSS","245211200","9.83","United States"
"8801","Chargeurs","CRI.PA","245025255","10.1407","France"
"8802","Aurora Cannabis","ACB","245009920","3.87","Canada"
"8803","DeFi Technologies","DEFI.NE","244955021","0.631176","Canada"
"8804","Outdoor Holding Company","POWW","244888544","2.11","United States"
"8805","Volati AB","VOLO.ST","244706668","2.65065","Sweden"
"8806","Al Khaleej Training and Education Company","4290.SR","244593863","3.76298","Saudi Arabia"
"8807","Bodal Chemicals","BODALCHEM.NS","244494196","1.94129","India"
"8808","Genfit","GNFT","244433360","4.85","France"
"8809","TSS, Inc.","TSSI","244377136","8.66","United States"
"8810","Hindustan Sanitaryware &amp; Industries","HSIL.NS","244173718","3.77","India"
"8811","National Cleaning Company","CLEANING.KW","244045845","990.868","Kuwait"
"8812","Healius Limited","HLS.AX","243842549","0.335789","Australia"
"8813","Al Dhafra Insurance","DHAFRA.AE","243676661","2.44","United Arab Emirates"
"8814","Aeluma","ALMU","243644032","13.31","United States"
"8815","Invivyd","IVVD","243411776","0.8258","United States"
"8816","Somany Ceramics","SOMANYCERA.NS","243395692","5.93463","India"
"8817","Adgar Investments and Development","ADGR.TA","243240528","1.28747","Israel"
"8818","Enter Air","ENT.WA","243226158","13.864","Poland"
"8819","Nature's Sunshine Products","NATR","243170080","13.82","United States"
"8820","Lubelski Wegiel Bogdanka","LWB.WA","243121340","7.14777","Poland"
"8821","Treatt plc","TET.L","242795520","4.11273","United Kingdom"
"8822","Third Harmonic Bio","THRD","242787568","5.38","United States"
"8823","Compugen","CGEN","242493808","2.56","Israel"
"8824","Ioneer","IONR","242197424","3.02","Australia"
"8825","029 Group","Z29.DE","241888592","48.3777","Germany"
"8826","Roche Bobois","RBO.PA","241615258","24.0726","France"
"8827","Zhihu","ZH","241614272","2.84","China"
"8828","Sovereign Metals","SVM.AX","241580181","0.368284","Australia"
"8829","Reliance Infrastructure","RELINFRA.NS","241560319","0.591797","India"
"8830","Cy4gate","CY4.MI","241458794","10.4431","Italy"
"8831","Silver Bow Mining","SBMT","241247840","8.17","United States"
"8832","FuRyu","6238.T","241113999","9.1032","Japan"
"8833","Imperial Petroleum","IMPP","240988784","5.33","Greece"
"8834","Canaan","CAN","240947008","0.3232","China"
"8835","enCore Energy","EU","240908416","1.24","Canada"
"8836","Embention","ALUAV.PA","240731155","41.6327","Spain"
"8837","Manazel","MANAZEL.AE","240701408","0.09","United Arab Emirates"
"8838","FreightCar America","RAIL","240688000","7.34","United States"
"8839","Prakash Industries","PRAKASH.NS","240455656","1.34271","India"
"8840","Koskisen Oyj","KOSKI.HE","240412104","9.9779","Finland"
"8841","AudioCodes","AUDC","240078768","9.94","Israel"
"8842","M&amp;C Saatchi","SAA.L","239999979","2.0176","United Kingdom"
"8843","Amlak International Finance Company","1182.SR","239951264","2.35419","Saudi Arabia"
"8844","Bonei Hatichon Civil Engineering &amp; Infrastructures","BOTI.TA","239559637","14.6684","Israel"
"8845","BTB Real Estate Investment Trust","BTB-UN.TO","239317261","2.68431","Canada"
"8846","Stellus Capital Investment Corporation","SCM","239231456","8.4","United States"
"8847","Teixeira Duarte","TDSA.LS","239085941","0.569252","Portugal"
"8848","Qoria Limited","QOR.AX","239076495","0.1697","Australia"
"8849","Banco de Brasília","BSLI3.SA","239069398","0.491729","Brazil"
"8850","PennantPark Investment","PNNT","238983712","3.66","United States"
"8851","StarragTornos Group","STGN.SW","238965149","43.7415","Switzerland"
"8852","Geojit Financial Services","GEOJITFSL.NS","238705822","0.855202","India"
"8853","Icelandair","ICEAIR.IC","238575820","0.00580191","Iceland"
"8854","Repco Home Finance","REPCOHOME.NS","238445566","3.81139","India"
"8855","Kore Potash plc","KP2.L","238296439","0.0460393","United Kingdom"
"8856","Eledon Pharmaceuticals","ELDN","238095184","2.93","United States"
"8857","HMH Holding","HMH","237841840","19.75","United States"
"8858","MCH Group","MCHN.SW","237777436","7.68565","Switzerland"
"8859","Munshaat Real Estate Projects Company","MUNSHAAT.KW","237730710","738.294","Kuwait"
"8860","Xponential Fitness","XPOF","237681616","4.8","United States"
"8861","Webzen","069080.KQ","237536016","8.17207","South Korea"
"8862","Synthomer","SYNT.L","237535199","1.44888","United Kingdom"
"8863","Indoco Remedies","INDOCO.NS","237463365","2.57626","India"
"8864","InfuSystem","INFU","236815280","11.89","United States"
"8865","Powersoft","PWS.MI","236805806","18.4324","Italy"
"8866","Salam International Investment","SIIS.QA","236794490","0.207143","Qatar"
"8867","Perma-Pipe International","PPIH","236539504","29.11","United States"
"8868","High Tide","HITI","236370784","2.69","Canada"
"8869","Vátryggingafélag Íslands","SKAGI.IC","236255413","0.120289","Iceland"
"8870","BTG Consulting plc","BTG.L","235998159","1.46242","United Kingdom"
"8871","Resimac Group Limited","RMC.AX","235637974","0.595754","Australia"
"8872","Smart Parking Limited","SPZ.AX","235405576","0.559648","Australia"
"8873","Warpaint London PLC","W7L.L","235314871","2.94516","United Kingdom"
"8874","LoveSac","LOVE","235239376","16.07","United States"
"8875","MBIA","MBI","235185808","4.61","United States"
"8876","Huuuge","HUG.WA","235156439","5.71822","United States"
"8877","Celtic","CCP.L","234988631","2.47123","United Kingdom"
"8878","Neumora Therapeutics","NMRA","234869888","1.25","United States"
"8879","Accsys Technologies","AXS.L","234812404","0.953284","United Kingdom"
"8880","Adagene","ADAG","234330272","3.49","China"
"8881","Acme United","ACU","234323264","61.12","United States"
"8882","FutureFuel","FF","234230128","5.34","United States"
"8883","Nelco","NELCO.NS","234205808","10.2639","India"
"8884","Comstock Inc.","LODE","234058576","3.08","United States"
"8885","1-800-Flowers.com, Inc.","FLWS","233959472","3.65","United States"
"8886","Chicago Atlantic BDC","LIEN","233911040","10.25","United States"
"8887","OraSure Technologies","OSUR","233803648","3.39","United States"
"8888","A'Saffa Foods","SPFI.OM","233766240","1.94805","Oman"
"8889","technotrans","TTR1.DE","233763294","33.8411","Germany"
"8890","Greenwich LifeSciences","GLSI","233383504","15.9","United States"
"8891","Síminn hf.","SIMINN.IC","232933915","0.101948","Iceland"
"8892","GreenX Metals","GRX.AX","232704155","0.745234","Australia"
"8893","Corporate Travel Management","CTD.AX","232464363","1.58868","Australia"
"8894","Real Matters","REAL.TO","232294361","3.12686","Canada"
"8895","Forrester Research","FORR","231895024","12.18","United States"
"8896","KAMCO Investment Company","KAMCO.KW","231680325","676.77","Kuwait"
"8897","TAKKT AG","TTK.DE","231603750","3.6167","Germany"
"8898","Rare Earths Americas","REA","231465152","11.6","United States"
"8899","Sporting Clube de Portugal","SCP.LS","231376412","1.14548","Portugal"
"8900","Nkarta","NKTX","231348080","3.23","United States"
"8901","Nu Skin","NUS","231214000","4.75","United States"
"8902","Gamania Digital","6180.TWO","231117001","1.31725","Taiwan"
"8903","Daikoku Denki","6430.T","230989478","15.8023","Japan"
"8904","Median Technologies SA","ALMDT.PA","230837019","4.70985","France"
"8905","NeoVolta","NEOV","230743936","3.92","United States"
"8906","Peoples Bancorp of North Carolina","PEBK","230200592","43.26","United States"
"8907","SIGA Technologies","SIGA","229919088","3.2","United States"
"8908","Protara Therapeutics","TARA","229881456","3.89","United States"
"8909","GoldMining Inc.","GLDG","229835120","1.07","Canada"
"8910","Acadian Timber","ADN.TO","229582540","12.2245","Canada"
"8911","National CineMedia","NCMI","229531872","2.44","United States"
"8912","Monash IVF Group","MVF.AX","229312844","0.588533","Australia"
"8913","Silvaco Group","SVCO","229067744","6.76","United States"
"8914","Innate Pharma","IPHA","228985696","2.05","France"
"8915","FNM S.p.A.","FNM.MI","228856156","0.526224","Italy"
"8916","Smiths News","SNWS.L","228761306","0.945159","United Kingdom"
"8917","Kogan.com Ltd","KGN.AX","228635270","2.4119","Australia"
"8918","Sharjah Cement and Industrial Development","SCIDC.AE","228536083","0.38","United Arab Emirates"
"8919","Acumen Pharmaceuticals","ABOS","228522640","3.16","United States"
"8920","Eurobio Scientific","ALERS.PA","228318921","22.6771","France"
"8921","Kolibri Global Energy","KGEI","228131264","6.36","United States"
"8922","Iberpapel Gestión","IBG.MC","228098524","20.9327","Spain"
"8923","Autosports Group","ASG.AX","228094750","1.06875","Australia"
"8924","Celon Pharma","CLN.WA","227752122","5.85308","Poland"
"8925","AstroNova, Inc.","ALOT","227316416","28.99","United States"
"8926","OP Bancorp (Open Bank)","OPBK","227274400","15.22","United States"
"8927","Smart Sand","SND","227258960","5.36","United States"
"8928","Sol-Gel Technologies","SLGL","227117312","69.37","Israel"
"8929","American Well","AMWL","226896832","13.34","United States"
"8930","BrainChip","BRN.AX","226604467","0.0938764","Australia"
"8931","Ascom Holding","ASCN.SW","226571742","6.88249","Switzerland"
"8932","Teract S.A.","TRACT.PA","226045906","3.23688","France"
"8933","HireQuest","HQI","225927648","16.265","United States"
"8934","Nobia AB","NOBI.ST","225784826","1.49104","Sweden"
"8935","Kaltura","KLTR","225775808","1.48","United States"
"8936","Tonix Pharmaceuticals","TNXP","225707472","13.16","United States"
"8937","AN2 Therapeutics","ANTX","225662688","5.98","United States"
"8938","Hudson Technologies","HDSN","225173728","5.35","United States"
"8939","Bgin Blockchain","BGIN","225140528","1.99","Singapore"
"8940","Journey Medical","DERM","224948432","7.97","United States"
"8941","Hong Kong Ferry","0050.HK","224925542","0.631328","Hong Kong"
"8942","Saudi Arabian Refineries Company","2030.SR","224900118","14.9933","Saudi Arabia"
"8943","RGC Resources","RGCO","224854016","21.58","United States"
"8944","Deoleo","OLE.MC","224549159","0.449098","Spain"
"8945","Toro Corp.","TORO","224290032","6.49","Cyprus"
"8946","Kuwait Financial Centre "Markaz”","MARKAZ.KW","224254640","463.053","Kuwait"
"8947","Josef Manner &amp; Comp","MAN.VI","224188860","118.618","Austria"
"8948","Spandana Sphoorty Financial","SPANDANA.NS","224141796","2.52869","India"
"8949","Orrön Energy","ORRON.ST","224068320","0.783715","Sweden"
"8950","centrotherm international","CTNK.F","224057785","10.5876","Germany"
"8951","AFC Energy","AFC.L","223969920","0.197071","United Kingdom"
"8952","Draganfly","DPRO","223634112","6.02","Canada"
"8953","Latécoère S.A.","LAT.PA","223403168","0.0175602","France"
"8954","BitFuFu","FUFU","223315824","1.34","Singapore"
"8955","cBrain","CBRAIN.CO","223300898","11.4179","Denmark"
"8956","Neuronetics","STIM","223257872","2.93","United States"
"8957","Octave Specialty Group","OSG","223004864","4.95","United States"
"8958","QumulusAI, Inc.","QMLS","222833712","6.66","United States"
"8959","Scientific and Medical Equipment House Company","4014.SR","222743003","7.42477","Saudi Arabia"
"8960","Fonix Mobile","FNX.L","222688946","2.2811","United Kingdom"
"8961","Pantheon Resources","PANR.L","222682996","0.152742","United Kingdom"
"8962","Spok Holdings","SPOK","222568976","10.64","United States"
"8963","Salalah Port Services Company","SPSI.OM","222344427","1.23636","Oman"
"8964","PepGen","PEPG","222033184","3.21","United States"
"8965","RCI Hospitality Holdings","RICK","221996288","29.04","United States"
"8966","Digital Domain","0547.HK","221854422","0.0278039","Hong Kong"
"8967","Orogen Royalties","OGN.V","221846989","3.73627","Canada"
"8968","Bang &amp; Olufsen A/S","BO.CO","221835227","1.55557","Denmark"
"8969","Gulf Hotels Group","GHG.BH","221798669","0.782493","Bahrain"
"8970","Motorcar Parts of America","MPAA","221707872","11.71","United States"
"8971","Keros Therapeutics","KROS","221469696","11.17","United States"
"8972","Mitsubishi Steel Mfg.","5632.T","221360676","14.6392","Japan"
"8973","Al-Maha Petroleum","MHAS.OM","221337668","3.20779","Oman"
"8974","KlaraBo Sverige","KLARA-B.ST","221144382","1.47142","Sweden"
"8975","Al Obeikan Glass Company","4145.SR","221059913","6.90812","Saudi Arabia"
"8976","SCHMID Group","SHMD","220962320","3.35","Germany"
"8977","Netfonds AG","NF4.DE","220833828","94.7785","Germany"
"8978","RideNow Group","RDNW","220802752","5.66","United States"
"8979","Olimpo Real Estate","YORE.MC","220615216","1.12222","Spain"
"8980","KCP Limited","KCP.NS","220439311","1.70988","India"
"8981","Red Hill Minerals Limited","RHI.AX","220311850","3.4301","Australia"
"8982","Turtle Beach Corp","TBCH","220289456","12.3","United States"
"8983","Riber S.A.","ALRIB.PA","220215895","10.478","France"
"8984","Utah Medical Products","UTMD","220192864","69.16","United States"
"8985","Al Eid Food Company","ALEID.KW","220168570","704.731","Kuwait"
"8986","Polaris Renewable Energy","PIF.TO","219961529","10.5269","Canada"
"8987","TOYA S.A.","TOA.WA","219668437","2.967","Poland"
"8988","Computer Modelling Group","CMG.TO","219526108","2.81465","Canada"
"8989","Ohio Valley Banc Corp","OVBC","219367808","46.565","United States"
"8990","AB KN Energies","KNE1L.VS","218974653","0.575648","Lithuania"
"8991","Al Ramz Corporation Investment and Development","ALRAMZ.AE","218612730","0.397539","United Arab Emirates"
"8992","Atrys Health","ATRY.MC","218483452","2.87824","Spain"
"8993","Kafrit Industries","KAFR.TA","218469090","9.05504","Israel"
"8994","Grammer AG","GMM.DE","218443075","14.6529","Germany"
"8995","Eleving Group","OT8.F","218355586","1.87231","Luxembourg"
"8996","Feintool International","FTON.SW","218278946","14.8276","Switzerland"
"8997","Gofore Oyj","GOFORE.HE","217526225","13.3969","Finland"
"8998","Claros Mortgage Trust","CMTG","217269680","1.54","United States"
"8999","The Tourism Enterprise company (SHAMS)","4170.SR","217127331","3.75499","Saudi Arabia"
"9000","Al Hassan Ghazi Ibrahim Shaker","1214.SR","216924440","3.20373","Saudi Arabia"
"9001","Eagle Nice","2368.HK","216765093","0.377521","Hong Kong"
"9002","Capital B","ALCPB.PA","216480075","5.90766","France"
"9003","Armata Pharmaceuticals","ARMP","216399136","5.82","United States"
"9004","Abdullah Saad Mohammed Abo Moati for Bookstores Company","4191.SR","216245000","10.8122","Saudi Arabia"
"9005","CARGO Therapeutics","CRGX","216188416","4.47","United States"
"9006","Expensify","EXFY","216112384","2.37","United States"
"9007","Genel Energy","GENL.L","215680130","0.782668","United Kingdom"
"9008","TPG Mortgage Investment Trust","MITT","215627568","6.78","United States"
"9009","Helios Underwriting","HUW.L","215611472","3.09411","United Kingdom"
"9010","HMS Bergbau","HMU.DE","215547688","47.4474","Germany"
"9011","Züblin Immobilien","ZUBN.SW","215498607","64.9944","Switzerland"
"9012","Gati","GATI.NS","215137993","1.65","India"
"9013","Exco Technologies Limited","XTC.TO","215124175","5.73862","Canada"
"9014","Modiv Industrial","MDV","215101808","18.05","United States"
"9015","Focusrite","TUNE.L","214845530","3.65606","United Kingdom"
"9016","Stille AB","STIL.ST","214261611","23.8454","Sweden"
"9017","Eurocash","EUR.WA","213955866","1.53744","Poland"
"9018","First Takaful Insurance Company","FTI.KW","213631235","1282.3","Kuwait"
"9019","Sidus Space","SIDU","213585424","2.11","United States"
"9020","Protalix BioTherapeutics","PLX","213514848","2.65","Israel"
"9021","Ontex Group","ONTEX.BR","213505813","2.66892","Belgium"
"9022","Americanas","AMER3.SA","213475188","1.06607","Brazil"
"9023","Oriola","OKDBV.HE","213327213","1.17525","Finland"
"9024","Exacompta Clairefontaine","ALEXA.PA","213164043","188.394","France"
"9025","AB Vilkyskiu pienine","VLP1L.VS","212945823","17.8302","Lithuania"
"9026","Khaleeji Bank","KHALEEJI.BH","212894669","0.981432","Bahrain"
"9027","Pro-Dex","PDEX","212733424","66.41","United States"
"9028","Al-Arabiya Real Estate Company","ARABREC.KW","212491063","550.482","Kuwait"
"9029","Electreon Wireless","ELWS.TA","212427796","14.1943","Israel"
"9030","Burgan Company for Well Drilling","ABAR.KW","212262593","832.2","Kuwait"
"9031","Commerce.com","CMRC","212119008","2.56","United States"
"9032","Honda Siel Power Products","HONDAPOWER.NS","212012956","20.9022","India"
"9033","Fiducian Group Limited","FID.AX","211886084","6.69411","Australia"
"9034","Sudatel Telecommunications Group","SUDATEL.AE","211731060","0.15","Sudan"
"9035","Coherus BioSciences","CHRS","211666320","1.37","United States"
"9036","SES AI","SES","211448176","0.5695","United States"
"9037","Vuzix","VUZI","211035584","2.5","United States"
"9038","Vista Alegre Atlantis","VAF.LS","210561638","1.25596","Portugal"
"9039","Vecima Networks","VCM.TO","210268574","8.64783","Canada"
"9040","BRCK Group","BRCK.L","210114990","0.649966","United Kingdom"
"9041","Oman Oil Marketing Company (oomco)","OOMS.OM","209926564","3.42597","Oman"
"9042","Core Molding Technologies","CMT","209810592","23.71","United States"
"9043","Frontier Developments","FDEV.L","209764723","6.03927","United Kingdom"
"9044","BMMI Group","BMMI.BH","209738502","0.188329","Bahrain"
"9045","Voyager Therapeutics","VYGR","209501024","3.4","United States"
"9046","Deep Value Driller","DVD.OL","209429591","2.23969","Norway"
"9047","MTI Ltd.","9438.T","209310528","3.76863","Japan"
"9048","Greenpanel Industries","GREENPANEL.NS","209134506","1.70545","India"
"9049","Future Care Trading Company","9544.SR","209054588","0.418109","Saudi Arabia"
"9050","Cantabil Retail India","CANTABIL.NS","208962773","2.49842","India"
"9051","Allianz Saudi Fransi Cooperative Insurance","8040.SR","208962226","3.51265","Saudi Arabia"
"9052","Minerva Neurosciences","NERV","208656832","4.37","United States"
"9053","Groupe SFPI","SFPI.PA","208558633","2.26189","France"
"9054","YAKUODO HOLDINGS","7679.T","208283414","10.7081","Japan"
"9055","Polymetals Resources","POL.AX","208034576","0.675188","Australia"
"9056","GDEV Inc.","GDEV","208004592","11.46","Cyprus"
"9057","Al Safat Investment Company","ALSAFAT.KW","207811923","654.103","Kuwait"
"9058","Franklin Covey","FC","207807264","18.4","United States"
"9059","APM Terminals Bahrain","APMTB.BH","207692305","1.43236","Bahrain"
"9060","Stoneridge","SRI","207646528","7.28","United States"
"9061","Bergbahnen Engelberg-Trübsee-Titlis","TIBN.SW","207586802","61.7818","Switzerland"
"9062","Solvar Limited","SVR.AX","207353097","1.10846","Australia"
"9063","Oramed Pharmaceuticals","ORMP","207154816","4.98","United States"
"9064","Prosafe SE","PRS.OL","206930565","0.586974","Norway"
"9065","VIB Vermögen","VIH1.F","206807397","6.25654","Germany"
"9066","Arab Insurance Group","ARIG.BH","206799998","0.87","Bahrain"
"9067","Aumann AG","AAG.DE","206546585","15.9902","Germany"
"9068","Indorama Synthetics","INDORAMA.NS","206504365","0.790862","India"
"9069","Organogenesis","ORGO","205879280","1.6","United States"
"9070","Groupe Partouche","PARP.PA","205828046","21.3978","France"
"9071","Rakon Limited","RAK.NZ","205791164","0.895488","New Zealand"
"9072","Allcargo Logistics","ALLCARGO.NS","205690203","0.13733","India"
"9073","Hexaom","ALHEX.PA","205593172","30.0035","France"
"9074","MJ Gleeson plc","GLE.L","205380918","3.52065","United Kingdom"
"9075","Ajial Real Estate Entertainment Company","AREEC.KW","205245185","981.154","Kuwait"
"9076","Angel Oak Mortgage REIT","AOMR","205047536","8.23","United States"
"9077","Beeks Financial Cloud Group","BKS.L","205007664","2.97901","United Kingdom"
"9078","Corbus Pharmaceuticals","CRBP","204920992","10.595","United States"
"9079","Amplify Energy","AMPY","204794848","4.94","United States"
"9080","Lifetime Brands","LCUT","204600624","8.9","United States"
"9081","Rhinebeck Bancorp","RBKB","204362064","13.07","United States"
"9082","Precision BioSciences","DTIL","204251504","7.4","United States"
"9083","AlphaPolis","9467.T","203746587","7.01096","Japan"
"9084","Crest Nicholson Holdings plc","CRST.L","203734489","0.7935","United Kingdom"
"9085","Reit Azorim - H.F Living","AZRT.TA","203662024","2.00298","Israel"
"9086","Arwana Citramulia Tbk","ARNA.JK","203559214","0.0289559","Indonesia"
"9087","Sandnes Sparebank","SADG.OL","203079021","9.64521","Norway"
"9088","India Glycols","INDIAGLYCO.NS","202901464","3.02717","India"
"9089","Appen","APX.AX","202633744","0.754622","Australia"
"9090","Praemium Limited","PPS.AX","202409481","0.415222","Australia"
"9091","ÖKOWORLD","VVV3.DE","202237972","31.399","Germany"
"9092","Platinum Group Metals","PLG","202058480","1.58","Canada"
"9093","Allgeier","AEIN.DE","202052611","18.0835","Germany"
"9094","ADM Hamburg","OEL.F","202025352","269.799","Germany"
"9095","Al Khaleej Takaful Insurance Company","AKHI.QA","201979018","0.791209","Qatar"
"9096","Winton Land","WIN.NZ","201518046","0.679396","New Zealand"
"9097","Quicklogic","QUIK","200579248","10.95","United States"
"9098","China Yongda Automobiles Services","3669.HK","200430042","0.105859","China"
"9099","Knights Group","KGH.L","200221769","2.32905","United Kingdom"
"9100","Aljazira Takaful Taawuni Company","8012.SR","200197073","3.03329","Saudi Arabia"
"9101","Alta Equipment Group","ALTG","199921248","6.12","United States"
"9102","Huhtamaki India","HUHTAMAKI.NS","199702015","2.64429","India"
"9103","Nucleus Software Exports","NUCLEUS.NS","199214101","7.5674","India"
"9104","Frauenthal Holding","FKA.VI","199208653","25.5844","Austria"
"9105","Korro Bio","KRRO","198943488","13.51","United States"
"9106","Digital Bros","DIB.MI","198921326","13.8621","Italy"
"9107","Brouwerij Handelsmaatschappij","COBH.BR","198860333","2651.47","Belgium"
"9108","Midwich Group","MIDW.L","198729923","1.92552","United Kingdom"
"9109","Camellia Plc","CAM.L","198526895","78.5376","United Kingdom"
"9110","Eagle Eye Solutions Group","EYE.L","198502413","6.56737","United Kingdom"
"9111","Lindsay Australia","LAU.AX","198359821","0.541594","Australia"
"9112","Hester Biosciences","HESTERBIO.NS","198248896","23.3046","India"
"9113","Kongsberg Automotive ASA","KOA.OL","198177372","0.212364","Norway"
"9114","Landmark Bancorp","LARK","198145344","32.48","United States"
"9115","Chubb Arabia Cooperative Insurance Company","8240.SR","198029288","4.95073","Saudi Arabia"
"9116","Mobico Group","MCG.L","197826752","0.324712","United Kingdom"
"9117","Taylor Devices","TAYD","197725680","61.31","United States"
"9118","Rhythm Co.,Ltd.","7769.T","197616001","24.821","Japan"
"9119","Bahrain Islamic Bank","BISB.BH","197570558","2.49337","Bahrain"
"9120","Superior Group of Companies","SGC","197242128","12.37","United States"
"9121","Zumtobel Group","ZAG.VI","196450137","4.64007","Austria"
"9122","Crexendo","CXDO","195532288","5.88","United States"
"9123","Belpointe PREP, LLC","OZ","195184080","48.15","United States"
"9124","Akwel SA","AKW.PA","195091672","7.34969","France"
"9125","AirSculpt Technologies","AIRS","195017536","2.705","United States"
"9126","First Investment Company K.S.C.P.","ALOLA.KW","194958650","437.148","Kuwait"
"9127","Gefran","GE.MI","194881750","13.7225","Italy"
"9128","OneWater Marine","ONEW","194821072","11.69","United States"
"9129","PEDEVCO","PED","194727984","14.65","United States"
"9130","Homeland Interactive Technology","3798.HK","194692962","0.154325","China"
"9131","Italian Wine Brands","IWB.MI","194668106","20.9094","Italy"
"9132","Perfect Corp.","PERF","194530960","1.91","Taiwan"
"9133","Kuwait Portland Cement","PCEM.KW","194393337","1939.64","Kuwait"
"9134","Atrium Therapeutics","RNA","194149072","11.35","United States"
"9135","Fabasoft","FAA.DE","194115074","18.4324","Austria"
"9136","Mechel PAO","MTLR.ME","193671572","0.46","Russia"
"9137","Vente-Unique.com","ALVU.PA","193664157","20.0023","France"
"9138","Citizens Inc","CIA","193456672","3.82","United States"
"9139","Bastide Le Confort Médical","BLC.PA","192956689","26.3984","France"
"9140","Beyond Meat","BYND","192744336","11.21","United States"
"9141","FinWise Bancorp","FINW","192205712","13.845","United States"
"9142","Hathway","HATHWAY.NS","192118552","0.108535","India"
"9143","QLM Life &amp; Medical Insurance Company","QLMI.QA","192019230","0.548626","Qatar"
"9144","Healwell AI","AIDX.TO","191626758","0.573137","Canada"
"9145","Deezer","DEEZR.PA","191586929","1.54669","France"
"9146","Hanover Bancorp","HNVR","191413648","27.13","United States"
"9147","NRC Group ASA","NRC.OL","191316511","1.10846","Norway"
"9148","Shutterstock","SSTK","191019536","5.17","United States"
"9149","Nynomic AG","M7U.DE","190976272","29.0731","Germany"
"9150","XRF Scientific Limited","XRF.AX","190940260","1.32871","Australia"
"9151","Arise AB","ARISE.ST","190647366","4.67444","Sweden"
"9152","Angi Inc.","ANGI","190614384","4.7","United States"
"9153","Hinduja Global Solutions","HGS.NS","190358890","4.09195","India"
"9154","Jeld-Wen","JELD","190011808","2.19","United States"
"9155","Epsilon Energy","EPSN","189879296","6.27","United States"
"9156","I.g. Petrochemicals","IGPL.NS","189869312","6.16562","India"
"9157","Marti Technologies","MRT","189729744","2.19","Turkey"
"9158","Somec S.p.A.","SOM.MI","189664306","26.0495","Italy"
"9159","Emilia Development","EMDV.TA","189476879","6.76061","Israel"
"9160","HKR International","0480.HK","189436773","0.127541","Hong Kong"
"9161","Amaero International Ltd","3DA.AX","189316147","0.198585","Australia"
"9162","Rico Auto Industries","RICOAUTO.NS","188897869","1.3963","India"
"9163","PR TIMES Corporation","3922.T","188585289","13.9439","Japan"
"9164","Global Atomic","GLO.TO","188518077","0.384509","Canada"
"9165","Oriental Aromatics","OAL.NS","188468970","5.60027","India"
"9166","Victory Supermarket Chain","VCTR.TA","188349579","13.2759","Israel"
"9167","Melbourne Enterprises","0158.HK","188122885","7.52492","Hong Kong"
"9168","Arnarlax (Icelandic Salmon)","ISLAX.OL","188054118","6.07373","Iceland"
"9169","Vidhi Specialty Food","VIDHIING.NS","187778411","3.7597","India"
"9170","PTC Financial Services","PFS.NS","187723306","0.292275","India"
"9171","Lang &amp; Schwarz","LUS1.DE","187684392","19.886","Germany"
"9172","Tharimmune","THAR","187371472","4.74","United States"
"9173","Hong Leong Capital","5274.KL","187140946","0.79369","Malaysia"
"9174","Ceragon Networks","CRNT","187125040","2.05","Israel"
"9175","Basic Chemical Industries Company","1210.SR","187043940","6.8016","Saudi Arabia"
"9176","Ag Growth International","AFN.TO","186902647","9.90932","Canada"
"9177","Mayne Pharma Group","MYX.AX","186868302","2.28192","Australia"
"9178","EVI Industries","EVI","186730832","14.51","United States"
"9179","Banan Real Estate Company","4324.SR","186418104","0.932091","Saudi Arabia"
"9180","James River Group","JRVR","186343312","4.03","Bermuda"
"9181","Shell Oman Marketing Company","SOMS.OM","186298706","1.96104","Oman"
"9182","Catering International &amp; Services","ALCIS.PA","185858952","23.84","France"
"9183","DHI Group","DHX","185753600","4.3","United States"
"9184","DeFi Development","DFDV","185676752","5.99","United States"
"9185","Sparta AG","SPT6.F","185496026","29.5383","Germany"
"9186","Marvelous","7844.T","185381974","3.3138","Japan"
"9187","Private Equity Holding","PEHN.SW","185189056","77.1037","Switzerland"
"9188","United Security Bancshares","UBFO","185027760","10.51","United States"
"9189","Visiativ SA","ALVIV.PA","184832369","40.1999","France"
"9190","NoHo Partners","NOHO.HE","184771774","8.78009","Finland"
"9191","Schaffer Corporation","SFC.AX","184514310","13.7204","Australia"
"9192","Unisys","UIS","184477360","2.53","United States"
"9193","UmweltBank","UBK.DE","184372583","4.44238","Germany"
"9194","Syrah Resources Limited","SYR.AX","184319852","0.0793823","Australia"
"9195","Al Wathba National Insurance","AWNIC.AE","183744485","0.89","United Arab Emirates"
"9196","Lafinca Global Assets","YLFG.MC","183718740","4.86103","Spain"
"9197","SB Financial Group","SBFG","183275200","29.31","United States"
"9198","Gulf Union Alahlia Cooperative Insurance","8120.SR","183213042","3.99201","Saudi Arabia"
"9199","Ten Square Games","TEN.WA","183115407","28.7259","Poland"
"9200","Valens Semiconductor","VLN","182993296","1.69","Israel"
"9201","SKYX Platforms","SKYX","182831840","1.35","United States"
"9202","Solocal Group","LOCAL.PA","182477200","5.0878","France"
"9203","MainStreet Bancshares","MNSB","182370768","25.61","United States"
"9204","Tiny Ltd.","TINY.V","182238623","6.19559","Canada"
"9205","Kawai Musical Instruments Manufacturing","7952.T","182219126","21.1823","Japan"
"9206","Benchmark Holdings","BMK.L","182093816","0.295906","United Kingdom"
"9207","Miyakoshi Holdings","6620.T","181737380","4.54185","Japan"
"9208","BV Financial","BVFL","181525040","21.43","United States"
"9209","ActiveOps Plc","AOM.L","181425777","2.53893","United Kingdom"
"9210","Castings P.L.C.","CGS.L","181324924","4.17062","United Kingdom"
"9211","Howa Machinery","6203.T","181262260","15.016","Japan"
"9212","Société Marseillaise du Tunnel Prado-Carénage","ALTPC.PA","181255086","31.0501","France"
"9213","Domo, Inc.","DOMO","180148496","3.83","United States"
"9214","Verkkokauppa.com","VERK.HE","179625855","4.07606","Finland"
"9215","Umm Al-Qura Cement Company","3005.SR","179427429","3.26232","Saudi Arabia"
"9216","WALLIX Group","ALLIX.PA","179346064","25.4099","France"
"9217","Hamat Group","HAMAT.TA","179331266","4.8939","Israel"
"9218","Privatization Holding Company - K.P.S.C.","KPPC.KW","179252465","450.1","Kuwait"
"9219","Medical Facilities Corporation","DR.TO","178902720","11.0347","Canada"
"9220","Tabuk Cement Company","3090.SR","178801592","1.98668","Saudi Arabia"
"9221","TON Strategy Co.","TONX","178433248","3.24","United States"
"9222","Gesco SE","GSC1.DE","178392837","17.1532","Germany"
"9223","ECB Bancorp","ECBK","178336496","20.41","United States"
"9224","Capacit'e Infraprojects","CAPACITE.NS","178224617","2.10657","India"
"9225","Westwood Holdings Group","WHG","178170656","18.67","United States"
"9226","Renaissance Services","RNSS.OM","178075069","0.753247","Oman"
"9227","flyExclusive","FLYX","177853728","1.17","United States"
"9228","Archosaur Games","9990.HK","177617022","0.221921","China"
"9229","Wendt India","WENDT.NS","177601045","88.8005","India"
"9230","Reach plc","RCH.L","177553213","0.563304","United Kingdom"
"9231","Steyr Motors AG","4X0.DE","177464413","33.7946","Germany"
"9232","Roularta Media Group","ROU.BR","177236814","14.304","Belgium"
"9233","Global Financial Investments Holding SAOG","GFIC.OM","177142862","0.885714","Oman"
"9234","Tribal Group","TRB.L","177077514","0.825999","United Kingdom"
"9235","Accelya","ACCELYA.NS","177021864","11.8598","India"
"9236","Morabaha Marina Financing Company","4082.SR","176833682","2.53262","Saudi Arabia"
"9237","Arbuthnot Banking Group","ARBB.L","176789991","10.8328","United Kingdom"
"9238","Analogue Holdings (ATAL)","1977.HK","176771734","0.126266","Hong Kong"
"9239","DUG Technology","DUG.AX","176203090","1.29983","Australia"
"9240","EuroGroup Laminations","EGLA.MI","175922968","1.08152","Italy"
"9241","Solidarity Bahrain","SOLID.BH","175862064","0.185676","Bahrain"
"9242","Digia Oyj","DIGIA.HE","175704989","6.58216","Finland"
"9243","Sport Lisboa e Benfica","SLBEN.LS","175462264","7.62879","Portugal"
"9244","Atland SAS","ATLD.PA","175453109","40.4698","France"
"9245","Entech SA","ALESE.PA","175241717","11.9084","France"
"9246","Specialities Group Holding Company","SPEC.KW","175104768","858.105","Kuwait"
"9247","Al Buhaira National Insurance Company","ABNIC.AE","174948950","0.7","United Arab Emirates"
"9248","Helloworld Travel","HLO.AX","174932588","1.06875","Australia"
"9249","NusaTrip","NUTR","174412512","9","Indonesia"
"9250","Fitaihi Holding Group","4180.SR","174300935","0.633822","Saudi Arabia"
"9251","KFIC Invest (K.S.C.P)","KFIC.KW","174224346","582.864","Kuwait"
"9252","Byggma ASA","BMA.OL","174169023","2.49457","Norway"
"9253","Immunic","IMUX","173830512","12.74","United States"
"9254","Westag AG","WUG3.F","173799354","38.3766","Germany"
"9255","MediWound","MDWD","173514128","13.44","Israel"
"9256","Mega Uranium","MGA.TO","173129623","0.449803","Canada"
"9257","Cadence Capital Limited","CDM.AX","172695927","0.577701","Australia"
"9258","Banque nationale de Belgique","BNB.BR","172658524","431.646","Belgium"
"9259","Aimia","AIM.TO","172628153","1.95882","Canada"
"9260","X-Legend Entertainment","4994.TW","172569454","2.59959","Taiwan"
"9261","Easy Software","ESY.HM","172033939","22.7933","Germany"
"9262","Deutsche Konsum REIT-AG","DKG.DE","171939268","1.56414","Germany"
"9263","Micro Systemation","MSAB-B.ST","171914572","9.30858","Sweden"
"9264","Abu Dhabi National Takaful","TKFL.AE","171545274","1.63","United Arab Emirates"
"9265","Springfield Properties","SPR.L","171543865","1.43534","United Kingdom"
"9266","Lucid Diagnostics","LUCD","171242816","0.8968","United States"
"9267","Lee Enterprises","LEE","171202896","7.68","United States"
"9268","Bahrain Kuwait Insurance Company (GIG Bahrain)","BKIC.BH","171087531","1.03448","Bahrain"
"9269","Koenig &amp; Bauer","SKB.DE","171032167","10.35","Germany"
"9270","Serviceware","SJJ.DE","170950111","16.281","Germany"
"9271","Magnora ASA","MGN.OL","170925219","2.40238","Norway"
"9272","Hawesko","HAW.DE","170808978","19.0138","Germany"
"9273","Atlantic Lithium Limited","A11.AX","170741958","0.213027","Australia"
"9274","ReconAfrica","0XD.F","170591427","0.441912","Canada"
"9275","Nihon Falcom","3723.T","170541578","17.2837","Japan"
"9276","Quercus TFI","QRS.WA","170117889","3.63053","Poland"
"9277","PLAID,Inc.","4165.T","170049905","4.139","Japan"
"9278","Shalby","SHALBY.NS","169906539","1.58025","India"
"9279","Nykode Therapeutics","NYKD.OL","169867751","0.433838","Norway"
"9280","Finance House","FH.AE","169864892","0.56","United Arab Emirates"
"9281","Emirates Reem Investments Company","ERC.AE","169837868","0.530959","United Arab Emirates"
"9282","Spruce Biosciences","SPRB","169825424","59.09","United States"
"9283","Fasadgruppen Group","FG.ST","169799570","1.9452","Sweden"
"9284","T’way Air","091810.KS","169734983","2.05608","South Korea"
"9285","NSE SA","ALNSE.PA","169001512","51.285","France"
"9286","Gévelot SA","ALGEV.PA","168977398","226.771","France"
"9287","Mengly J. Quach Education","MJQE.KH","168956264","0.52","Cambodia"
"9288","Diaceutics PLC","DXRX.L","168918272","1.99052","United Kingdom"
"9289","Duluth Holdings","DLTH","168742208","4.44","United States"
"9290","Frontier Energy Limited","FHE.AX","168717614","0.151646","Australia"
"9291","Seven Hills Realty Trust","SEVN","168565152","7.44","United States"
"9292","Mahanagar Telephone Nigam","MTNL.NS","168450983","0.267383","India"
"9293","Adairs Limited","ADH.AX","168321842","0.942374","Australia"
"9294","Freelance.com SA","ALFRE.PA","168195577","2.97709","France"
"9295","NET Power","NPWR","168113296","1.9","United States"
"9296","Naturhouse Health","NTH.MC","168017509","2.80265","Spain"
"9297","Jain Irrigation Systems","JISLDVREQS.NS","167888511","0.228884","India"
"9298","LENZ Therapeutics","LENZ","167470432","5.33","United States"
"9299","Macfarlane Group","MACF.L","167148902","1.07921","United Kingdom"
"9300","Pharos Energy","PHAR.L","167104899","0.403521","United Kingdom"
"9301","Tingo Group","TIO","166947568","0.69","United States"
"9302","Leclanché","LECN.SW","166936581","0.104288","Switzerland"
"9303","Injazzat Real Estate Development Company","INJAZZAT.KW","166768844","482.482","Kuwait"
"9304","Siljansvik AB","SIVI.ST","166747665","12.1262","Sweden"
"9305","Molecular Partners","MOLN","166627776","4.35","Switzerland"
"9306","Texwinca Holdings","0321.HK","166530552","0.120526","Hong Kong"
"9307","GCT Semiconductor","GCTS","166465200","1.81","United States"
"9308","Quantum-Si","QSI","166351760","0.76","United States"
"9309","Eurocell","ECEL.L","166095545","1.67908","United Kingdom"
"9310","RADCOM","RDCM","166044704","9.92","Israel"
"9311","ADC Therapeutics","ADCT","165968000","1.3","Switzerland"
"9312","T&amp;G Global","TGG.NZ","165792914","1.35293","New Zealand"
"9313","Daldrup &amp; Söhne","4DS.DE","165691844","27.6776","Germany"
"9314","Waldencast","WALD","165455232","1.29","United States"
"9315","Humacyte","HUMA","165262096","0.5949","United States"
"9316","Kelly Partners Group","KPG.AX","165105840","3.64674","Australia"
"9317","Texaf","TEXF.BR","164587846","44.8889","Belgium"
"9318","Gobarto","GOB.WA","164571415","5.91979","Poland"
"9319","China Automotive Systems","CAAS","164430320","5.45","China"
"9320","GrafTech","EAF","164380640","6.3","United States"
"9321","Cegedim SA","ALCGM.PA","164055728","11.9549","France"
"9322","Baozun","BZUN","163376176","2.81","China"
"9323","Easy Lease Motorcycle Rental","EASYLEASE.AE","163358656","5.45","United Arab Emirates"
"9324","Varia US Properties","VARN.SW","163282510","16.125","Switzerland"
"9325","Lifecore Biomedical","LFCR","163146688","4.31","United States"
"9326","Ellington Credit Company","EARN","163048592","4.34","United States"
"9327","KORE Group","KORE","163005168","9.25","United States"
"9328","Hyderabad Industries Limited","HIL.NS","162818595","21.5914","India"
"9329","Intred","ITD.MI","162468734","10.4431","Italy"
"9330","Quipt Home Medical","QIPT","162297152","3.65","United States"
"9331","Rokiskio Suris AB","RSU1L.VS","162233228","5.16339","Lithuania"
"9332","MAX Automation","MXHN.DE","162114144","3.93069","Germany"
"9333","Kudelski SA","KUD.SW","162036742","1.65575","Switzerland"
"9334","EDAP TMS","EDAP","161922176","4.32","France"
"9335","ALIA MENTIS","ALMS.MI","161915070","5.26224","Italy"
"9336","Douglas Elliman","DOUG","161785040","1.78","United States"
"9337","Fountaine Pajot","ALFPC.PA","161671283","96.988","France"
"9338","Dominion Hosting","DHH.MI","161618161","28.9569","Italy"
"9339","Ateme SA","ATEME.PA","161591906","13.9551","France"
"9340","Atomera","ATOM","161559520","4.14","United States"
"9341","OrganiGram Holdings","OGI","161451008","1.12","Canada"
"9342","Bahrain National Holding","BNH.BH","161218168","1.14058","Bahrain"
"9343","Nekkar ASA","NKR.OL","161040111","1.57809","Norway"
"9344","L'azurde Company for Jewelry","4011.SR","160938741","2.79893","Saudi Arabia"
"9345","Hyosung Chemical Corporation","298000.KS","160854453","42.6888","South Korea"
"9346","Sintana Energy","SEI.V","160602198","0.286568","Canada"
"9347","Zahrat Al Waha For Trading Company","3007.SR","160585881","0.713715","Saudi Arabia"
"9348","Emirates Investment Bank","EIBANK.AE","160376843","16.0377","United Arab Emirates"
"9349","Wheels Up","UP","160313632","4.42","United States"
"9350","Byggmästare Anders J Ahlström","AJA-B.ST","160274279","5.58306","Sweden"
"9351","Jacktel AS","JACK.OL","160246333","0.620388","Norway"
"9352","Biesse","BSS.MI","160192132","6.02676","Italy"
"9353","Wataniya Insurance Company","8300.SR","160106520","4.00266","Saudi Arabia"
"9354","CBo Territoria","CBOT.PA","160106134","4.5703","France"
"9355","Installux S.A.","ALLUX.PA","159867669","572.16","France"
"9356","Saudi Company for Hardware (SACO)","4008.SR","159504494","5.38748","Saudi Arabia"
"9357","GTL Infrastructure","GTLINFRA.NS","159428587","0.0124462","India"
"9358","Streamex Corp.","STEX","159228032","0.706","United States"
"9359","Trifast","TRI.L","159089658","1.17806","United Kingdom"
"9360","Red Robin","RRGB","159075072","8.415","United States"
"9361","1stdibs.com","DIBS","159000336","4.73","United States"
"9362","Nyxoah","NYXH","158870736","1.56","Belgium"
"9363","Dollar Industries","DOLLAR.NS","158378968","2.79249","India"
"9364","Kuwait Business Town Real Estate Company","KBT.KW","158364091","264.879","Kuwait"
"9365","Masterflex","MZX.DE","158273549","16.4554","Germany"
"9366","Aptitude Software Group","APTD.L","157988767","2.95193","United Kingdom"
"9367","Liva Insurance Company","8280.SR","157656453","3.94141","Saudi Arabia"
"9368","Sabaf S.p.A.","SAB.MI","157588390","12.7922","Italy"
"9369","Emak S.p.A.","EM.MI","157554228","0.967554","Italy"
"9370","BCB Bancorp","BCBP","157485840","8.7","United States"
"9371","Al Anwar Investments SAOG","AAIC.OM","157349031","0.511688","Oman"
"9372","Bassett Furniture","BSET","157320752","18.17","United States"
"9373","CuriosityStream","CURI","157245776","2.65","United States"
"9374","Precia S.A.","ALPM.PA","157181366","29.0731","France"
"9375","The Eastern Company","EML","157178624","26.12","United States"
"9376","LGI Limited","LGI.AX","156863494","1.51646","Australia"
"9377","Mercia Asset Management","MERC.L","156776905","0.372376","United Kingdom"
"9378","Codexis","CDXS","156593248","1.43","United States"
"9379","Delta Corp","DELTACORP.NS","156582043","0.584761","India"
"9380","Quirin Privatbank","QB7.DE","156506645","3.60507","Germany"
"9381","Asian Granito India","ASIANTILES.NS","156480720","0.527804","India"
"9382","Umm Al Qaiwain General Investment","QIC.AE","156163044","0.43","United Arab Emirates"
"9383","Grigeo AB","GRG1L.VS","156004420","1.17456","Lithuania"
"9384","Astec Lifesciences","ASTEC.NS","155774479","6.99097","India"
"9385","BICO Group","BICO.ST","155768306","2.20713","Sweden"
"9386","Sokouk Holding Company K.S.C.P.","SOKOUK.KW","155489303","272.003","Kuwait"
"9387","Outlook Therapeutics","OTLK","155431776","0.6405","United States"
"9388","Björn Borg","BORG.ST","155428515","6.16745","Sweden"
"9389","Bitcoin Group","ADE.DE","155250611","31.0501","Germany"
"9390","Alligator Energy","AGE.AX","155016284","0.0324957","Australia"
"9391","Humm Group","HUM.AX","154960039","0.306904","Australia"
"9392","Qrf","QRF.BR","154937728","11.92","Belgium"
"9393","SpiceJet","SPICEJET.BO","154367711","0.101152","India"
"9394","Shimmick","SHIM","154182624","3.73","United States"
"9395","Smartbroker Holding","SB1.DE","154171295","9.18711","Germany"
"9396","SIG plc","SHI.L","154058768","0.132701","United Kingdom"
"9397","Mammoth Energy Services","TUSK","153767632","3.195","United States"
"9398","Keyrus","ALKEY.PA","153496574","9.65229","France"
"9399","Masi Agricola","MASI.MI","153296588","4.768","Italy"
"9400","Inclusio","INCLU.BR","153137286","19.6534","Belgium"
"9401","National International Holding Company (Kuwait)","NIH.KW","152965114","599.054","Kuwait"
"9402","National Building and Marketing Company","9510.SR","152884150","12.7403","Saudi Arabia"
"9403","Equillium","EQ","152813472","2.41","United States"
"9404","FDM Group","FDM.L","152802459","1.39743","United Kingdom"
"9405","Mazaya Real Estate Development Q.P.S.C.","MRDS.QA","152747248","0.152747","Qatar"
"9406","Southern Petrochemical Industries Corp","SPIC.NS","152652925","0.74962","India"
"9407","Avantium N.V.","AVTX.AS","152430441","6.04721","Netherlands"
"9408","Endava","DAVA","152187024","2.88","United Kingdom"
"9409","Eleco","ELCO.L","152038218","1.82126","United Kingdom"
"9410","Almawave","AIW.MI","152021175","5.07032","Italy"
"9411","La Française de l'Energie","FDE.PA","151971448","28.7824","France"
"9412","Bisalloy Steel Group","BIS.AX","151949444","3.16291","Australia"
"9413","Sensorion","ALSEN.PA","151921535","0.294802","France"
"9414","Assertio Holdings","ASRT","151861232","23.5","United States"
"9415","Orion Properties","ONL","151738944","2.66","United States"
"9416","The Saudi Arabian Amiantit Company","2160.SR","151614836","3.40613","Saudi Arabia"
"9417","India Motor Parts and Accessories","IMPAL.NS","151577082","12.1456","India"
"9418","Bulten AB","BULTEN.ST","151344763","7.21102","Sweden"
"9419","Stratus Properties","STRS","151272608","18.95","United States"
"9420","WhiteHorse Finance","WHF","151194368","7.04","United States"
"9421","SITE Centers","SITC","151128992","2.88","United States"
"9422","OPTiM","3694.T","150497866","2.7615","Japan"
"9423","Navkar Corp","NAVKARCORP.NS","150427101","0.999388","India"
"9424","NRx Pharmaceuticals","NRXP","150236320","3.47","United States"
"9425","Severfield","SFR.L","149940225","0.507786","United Kingdom"
"9426","Audinate Group","AD8.AX","149803771","1.77643","Australia"
"9427","BP Castrol K.K.","5015.T","149469342","6.51064","Japan"
"9428","Elme Communities","ELME","149281232","1.68","United States"
"9429","Niu Technologies","NIU","149028560","1.9","China"
"9430","LifeMD","LFMD","148940576","3.09","United States"
"9431","Baazeem Trading Company","4051.SR","148841532","1.47004","Saudi Arabia"
"9432","Tenaya Therapeutics","TNYA","148754192","0.6634","United States"
"9433","Foxtons Group","FOXT.L","148586530","0.50237","United Kingdom"
"9434","Admicom Oyj","ADMCM.HE","148484810","30.3524","Finland"
"9435","Solid State Group","SOLI.L","148440677","2.61341","United Kingdom"
"9436","Al-Enma'a Real Estate Company","ERESCO.KW","148338248","423.177","Kuwait"
"9437","Motorpoint Group","MOTR.L","147932295","1.80095","United Kingdom"
"9438","Banca Sistema S.p.A.","BST.MI","147767499","1.83742","Italy"
"9439","Seef Properties","SEEF.BH","147639256","1.35279","Bahrain"
"9440","Proficient Auto Logistics","PAL","147558384","5.26","United States"
"9441","UBM Development","UBS.VI","147444475","20.0605","Austria"
"9442","Empire Energy Group","EEG.AX","147437477","0.119432","Australia"
"9443","inTEST Corporation","INTT","147240016","11.48","United States"
"9444","Naikai Zosen Corporation","7018.T","147229239","86.8735","Japan"
"9445","Nusantara Pelabuhan Handal","PORT.JK","146983857","0.0522341","Indonesia"
"9446","Duro Felguera","MDF.MC","146832097","0.29422","Spain"
"9447","Inovio Pharmaceuticals","INO","146824480","1.42","United States"
"9448","SRP Groupe (Showroomprive.com)","SRP.PA","146759949","1.26759","France"
"9449","Altea Green Power S.p.A.","AGP.MI","146537756","8.03582","Italy"
"9450","Payton Industries","PAYT.TA","146253590","17.689","Israel"
"9451","Genovis AB","GENO.ST","146073840","2.16539","Sweden"
"9452","EKF Diagnostics","EKF.L","145809766","0.340555","United Kingdom"
"9453","KORU Medical Systems","KRMD","145607616","3.17","United States"
"9454","Owlet, Inc.","OWLT","145523952","4.98","United States"
"9455","Inspired Entertainment","INSE","145380688","5.45","United States"
"9456","Heliad AG","A7A.DE","145148264","16.1065","Germany"
"9457","Blossom Gold Inc.","BGAU.TO","145141915","1.10274","Canada"
"9458","Hurco Companies","HURC","145004848","22.39","United States"
"9459","Quartix Technologies","QTX.L","144348837","2.97901","United Kingdom"
"9460","Al-Mazaya Holding Company","MAZAYA.KW","144149066","277.184","Kuwait"
"9461","Bank of Innovation","4393.T","143577033","36.1269","Japan"
"9462","Jagran Prakashan","JAGRAN.NS","143575424","0.659649","India"
"9463","Buligo Capital","BLGO.TA","143457017","2.55338","Israel"
"9464","Al Jouf Cement Company","3091.SR","143292928","1.31824","Saudi Arabia"
"9465","Oxford Square Capital","OXSQ","143251344","1.33","United States"
"9466","Xaar","XAR.L","143171932","1.82803","United Kingdom"
"9467","OptimizeRx","OPRX","143153232","7.6","United States"
"9468","Userjoy Technology","3546.TWO","143125805","2.33296","Taiwan"
"9469","JANOME Corporation","6445.T","142906738","8.66785","Japan"
"9470","Oman Refreshment Company (Pepsi Oman)","ORCI.OM","142857146","2.85714","Oman"
"9471","AL KHALEEJ Investment","KICO.AE","142660716","1.36","United Arab Emirates"
"9472","Tijara &amp; Real Estate Investment Company","TIJARA.KW","142574958","385.338","Kuwait"
"9473","The Kuwait Company for Process Plant Construction and Contracting","KCPC.KW","142456650","1068.58","Kuwait"
"9474","Clarus","CLAR","142431936","3.72","United States"
"9475","Dexelance","DEX.MI","142374788","2.39563","Italy"
"9476","Piquadro","PQ.MI","142266636","3.00035","Italy"
"9477","Nicolás Correa","NEA.MC","142138965","11.606","Spain"
"9478","Carnarvon Energy","CVN.AX","142114066","0.0794339","Australia"
"9479","Enad Global 7","EG7.ST","141973604","1.60235","Sweden"
"9480","ReposiTrak","TRAK","141935536","7.81","United States"
"9481","ALM Equity","ALM.ST","141431527","4.35166","Sweden"
"9482","PLBY Group (Playboy)","PLBY","141373072","1.18","United States"
"9483","Lake Shore Bancorp","LSBK","141368192","18","United States"
"9484","Tracsis","TRCS.L","141252247","4.73934","United Kingdom"
"9485","Cereno Scientific","CRNO-B.ST","141215988","0.452489","Sweden"
"9486","DMC Global","BOOM","140705488","6.85","United States"
"9487","LexinFintech Holdings","LX","140630304","0.8534","China"
"9488","Global Cord Blood","CORBF","140610448","1.05","Hong Kong"
"9489","Pine Cliff Energy","PNE.TO","140563183","0.391764","Canada"
"9490","Mpac Group","MPAC.L","140491245","4.67163","United Kingdom"
"9491","Scott Technology","SCT.NZ","140373005","1.6692","New Zealand"
"9492","Wafrah for Industry and Development Company","2100.SR","140324666","6.06125","Saudi Arabia"
"9493","Fenix Resources","FEX.AX","140245943","0.181976","Australia"
"9494","Affinity Bancshares","AFBI","140182352","23","United States"
"9495","Milestone Pharmaceuticals","MIST","140060224","1.125","Canada"
"9496","NCS Multistage","NCSM","140018304","53.35","United States"
"9497","Knaus Tabbert AG","KTA.DE","139988613","13.4899","Germany"
"9498","CVC Limited","CVC.AX","139815325","1.19873","Australia"
"9499","Lanvin Group","LANV","139775808","1","China"
"9500","Insight Molecular Diagnostics","IMDX","139732688","4.27","United States"
"9501","Carlo Gavazzi Holding","GAV.SW","139630406","196.466","Switzerland"
"9502","Sloman Neptun","NEP.HM","139474358","69.7756","Germany"
"9503","Saudi Printing and Packaging Company","4270.SR","139429015","2.13848","Saudi Arabia"
"9504","Strickland Metals Limited","STK.AX","139153280","0.0527152","Australia"
"9505","Air Busan","298690.KS","139122632","1.19335","South Korea"
"9506","RGP (Resources Connection)","RGP","138807808","4.03","United States"
"9507","Inogen","INGN","138795504","5.23","United States"
"9508","Heidelberg Pharma","HPHA.DE","138737063","2.96546","Germany"
"9509","Gulf Cement","GCEM.AE","138604382","0.34","United Arab Emirates"
"9510","Hooker Furnishings","HOFT","138567280","12.9","United States"
"9511","Clipper Realty","CLPR","138468368","3.26","United States"
"9512","ReadyTech Holdings","RDY.AX","138304718","1.1193","Australia"
"9513","Annehem Fastigheter","ANNE-B.ST","138228361","1.74275","Sweden"
"9514","Saudi Industrial Development Company","2130.SR","138135823","4.60453","Saudi Arabia"
"9515","Lai Sun Development Company","0488.HK","138092393","0.095018","Hong Kong"
"9516","Cavotec","CCC.ST","138066533","1.29402","Switzerland"
"9517","Laramide Resources","LAM.TO","138054627","0.471568","Canada"
"9518","Igarashi Motors India","IGARASHI.NS","137973903","4.3836","India"
"9519","Skillz","SKLZ","137970800","8.84","United States"
"9520","Azerion Group","AZRN.AS","137953120","1.12804","Netherlands"
"9521","OFX Group","OFX.AX","137823193","0.592143","Australia"
"9522","Synlait Milk","SML.NZ","137780984","0.228417","New Zealand"
"9523","OnKure Therapeutics","OKUR","137687456","3.4","United States"
"9524","Team Internet Group","TIG.L","137224883","0.56872","United Kingdom"
"9525","Sanok Rubber Company","SNK.WA","137107287","6.09583","Poland"
"9526","Leifheit","LEI.DE","137021161","15.0017","Germany"
"9527","South Port NZ","SPN.NZ","136598499","5.20675","New Zealand"
"9528","eGain","EGAN","136356128","5.21","United States"
"9529","Prime Office A/S","PRIMOF.CO","136241941","36.0892","Denmark"
"9530","Aquafil","ECNL.MI","136022273","1.57693","Italy"
"9531","Medifast","MED","135957344","12.16","United States"
"9532","Green Landscaping Group","GREEN.ST","135807069","2.40541","Sweden"
"9533","Eidesvik Offshore","EIOF.OL","135754889","1.86008","Norway"
"9534","United Wire Factories Company","1301.SR","135651439","4.83089","Saudi Arabia"
"9535","RAK Co. for White Cement &amp; Construction Materials","RAKWCT.AE","135637646","0.27","United Arab Emirates"
"9536","Finbar Group Limited","FRI.AX","135589952","0.498267","Australia"
"9537","Solana Company","HSDT","135427504","2.24","United States"
"9538","Schloss Wachenheim","SWA.DE","135392488","17.095","Germany"
"9539","First Guaranty Bancshares","FGBI","135289792","8.18","United States"
"9540","Surteco Group","SUR.DE","135240126","8.72194","Germany"
"9541","Unibep","UNI.WA","135168486","4.09412","Poland"
"9542","Braemar Hotels &amp; Resorts","BHR","135102592","1.84","United States"
"9543","Malath Cooperative Insurance Company","8020.SR","134886813","2.69774","Saudi Arabia"
"9544","Warba Insurance and Reinsurance Company","WINSRE.KW","134792069","553.721","Kuwait"
"9545","DouYu","DOYU","134597712","4.46","China"
"9546","Haffner Energy","ALHAF.PA","134524964","0.73148","France"
"9547","CI Games","CI7.F","134363922","0.614025","Poland"
"9548","Bahrain Duty Free Shop Complex","DUTYF.BH","133969595","0.320955","Bahrain"
"9549","IG Port, Inc.","3791.T","133859166","6.66008","Japan"
"9550","Grupo Casas Bahia S.A.","BHIA3.SA","133595704","0.131783","Brazil"
"9551","Television Broadcasts (TVB)","0511.HK","133424642","0.285729","Hong Kong"
"9552","Jay Bharat Maruti","JAYBARMARU.NS","133017524","1.2288","India"
"9553","LEWAG Holding","KGR.F","132573555","27.9102","Germany"
"9554","Smith-Midland Corporation","SMID","132402960","24.96","United States"
"9555","Legacy Education","LGCY","132340320","10.46","United States"
"9556","Selvita","SLV.WA","132163900","7.20172","Poland"
"9557","SNGULAR","SNG.MC","132058751","2.34911","Spain"
"9558","Excel Industries","EXCELINDUS.NS","131662912","10.4738","India"
"9559","MaxCyte","MXCT","131587912","1.275","United States"
"9560","KVH Industries","KVHI","131340560","7.24","United States"
"9561","lastminute.com","LMN.SW","131072234","12.3564","Netherlands"
"9562","Bahrain Commercial Facilities Company","BCFC.BH","131069959","0.941645","Bahrain"
"9563","Kuke Music Holding","KUKE","131017104","1.39","China"
"9564","FirstFarms A/S","FFARMS.CO","130907086","10.7023","Denmark"
"9565","S.S. Lazio","SSL.MI","130767057","1.93046","Italy"
"9566","Cable One","CABO","130670496","23.03","United States"
"9567","Detection Technology","DETEC.HE","130552530","8.90801","Finland"
"9568","Valsoia S.p.A.","VLS.MI","130480317","12.0944","Italy"
"9569","Bike24 Holding","BIKE.DE","130457244","2.95383","Germany"
"9570","Polytec Holding","PYT.VI","130453858","5.93092","Austria"
"9571","MPH Health Care AG","93M1.DE","130448034","30.4687","Germany"
"9572","Klil Industries","KLIL.TA","130398524","58.687","Israel"
"9573","Stereotaxis","STXS","130262824","1.3","United States"
"9574","VivoPower","VIVO","130213776","4.07","United Kingdom"
"9575","Coast Investment &amp; Development Company","COAST.KW","129650977","278.803","Kuwait"
"9576","vTv Therapeutics","VTVT","129649304","32.79","United States"
"9577","UNITED","2497.T","129424698","3.45675","Japan"
"9578","accesso Technology Group","ACSO.L","129393311","3.99458","United Kingdom"
"9579","Laiqon AG","LQAG.DE","129341049","5.30294","Germany"
"9580","Quanterix","QTRX","129110064","2.73","United States"
"9581","Commercial Vehicle Group (CVG)","CVGI","128805600","3.17","United States"
"9582","Al Ain Alahlia Insurance","ALAIN.AE","128658955","8.58","United Arab Emirates"
"9583","enGene","ENGN","128619768","1.92","Canada"
"9584","Banca Profilo","PRO.MI","128562959","1.94558","Italy"
"9585","Apyx Medical","APYX","128478272","3.05","United States"
"9586","Reworld Media","ALREW.PA","128191811","2.23874","France"
"9587","Buruj Cooperative Insurance Company","8270.SR","128062926","4.26876","Saudi Arabia"
"9588","Health Catalyst","HCAT","127935856","1.7","United States"
"9589","Pkp Cargo","PKP.WA","127929848","2.85641","Poland"
"9590","Curatis","CURN.SW","127731846","24.0949","Switzerland"
"9591","Ryde Group","RYDE","127654288","0.7083","Singapore"
"9592","Tillys","TLYS","127548896","4.17","United States"
"9593","Nabaltec","NTG.DE","127410164","14.4784","Germany"
"9594","Tihama for Advertising, Public Relations and Marketing","4070.SR","127346821","5.55792","Saudi Arabia"
"9595","Al-Baha Investment And Development Company","4130.SR","127314531","0.583222","Saudi Arabia"
"9596","KHD Humboldt Wedag International","KWG.DE","127163466","2.55844","Germany"
"9597","The Securities House","SECH.KW","127100042","324.785","Kuwait"
"9598","Aemetis","AMTX","127018480","1.76","United States"
"9599","Black Rifle Coffee Company (BRCC)","BRCC","126637592","8.89","United States"
"9600","Apex Frozen Foods","APEX.NS","126637527","4.0524","India"
"9601","Møns Bank","MNBA.CO","126623428","63.3117","Denmark"
"9602","Kalray","ALKAL.PA","126578514","6.86126","France"
"9603","Rafael Holdings","RFL","126359992","2.43","United States"
"9604","Unifi","UFI","126218192","6.79","United States"
"9605","AFYREN","ALAFY.PA","126172718","3.25619","France"
"9606","Devsisters","194480.KQ","126019651","11.4931","South Korea"
"9607","Tiziana Life Sciences","TLSA","125948360","0.9897","United Kingdom"
"9608","Fortinova Fastigheter AB","FNOVA-B.ST","125818442","2.49411","Sweden"
"9609","Energys Group","ENGS","125564832","2.82","United Kingdom"
"9610","Arctic Paper","ARP.ST","125552372","1.81204","Poland"
"9611","Piscines Desjoyaux","ALPDX.PA","125253793","13.9551","France"
"9612","Conexeu Sciences","CNXU","125228976","4.68","United States"
"9613","MotorK","MTRK.AS","125130699","2.55844","Italy"
"9614","Al Mahhar Holding Company","MHAR.QA","124882423","0.603297","Qatar"
"9615","Orion Energy Systems","OESX","124805008","30.52","United States"
"9616","HT5 AG","HT5.SW","124427779","3.90969","Switzerland"
"9617","Magyar Bancorp","MGYR","124395232","19.27","United States"
"9618","Novolog","NVLG.TA","124330927","0.243369","Israel"
"9619","Captor Therapeutics","CTX.WA","124192629","19.6092","Poland"
"9620","Sangoma Technologies","SANG","124129888","3.73","Canada"
"9621","Turbogen Ltd","TRBG","124082608","5.305","Israel"
"9622","Arabia Insurance Cooperative Company","8160.SR","124066570","2.34088","Saudi Arabia"
"9623","FCR Immobilien","FC9.DE","123968927","12.5596","Germany"
"9624","AB Zemaitijos pienas","ZMP1L.VS","123881875","3.02361","Lithuania"
"9625","Ambra","AMB.WA","123876259","4.91443","Poland"
"9626","Team Inc","TISI","123746640","27","United States"
"9627","iDreamSky","1119.HK","123648694","0.0605819","China"
"9628","Al Argan International Real Estate Company","ARGAN.KW","123558535","385.338","Kuwait"
"9629","MEDIA DO Co., Ltd.","3678.T","123284836","8.12205","Japan"
"9630","Sound Financial Bancorp","SFBC","123266064","48","United States"
"9631","SDI Group","SDI.L","123193804","1.17806","United Kingdom"
"9632","Arctic Fish Holding","AFISH.OL","123006630","2.73318","Iceland"
"9633","Al Omaniya Financial Services","AOFS.OM","122889744","0.38961","Oman"
"9634","Oconee Federal Financial","OFED","122804576","21.1","United States"
"9635","Rani Therapeutics","RANI","122603280","0.8725","United States"
"9636","NZME Limited","NZM.NZ","122338998","0.650111","New Zealand"
"9637","Vivani Medical","VANI","122225552","1.355","United States"
"9638","Monte Carlo Fashions","MONTECARLO.NS","122129542","5.89085","India"
"9639","Swvl Holdings","SWVL","121688920","6.42","United Arab Emirates"
"9640","Vaxart","VXRT","121593472","0.5","United States"
"9641","The Platform Group","TPG.F","121387090","5.89726","Germany"
"9642","Akatsuki Corp.","8737.T","120951664","3.99605","Japan"
"9643","Amadeus Fire","AAD.DE","120911130","22.2584","Germany"
"9644","Klingelnberg AG","KLIN.SW","120699369","13.6538","Switzerland"
"9645","AGROB Immobilien","AGR.F","120530574","30.9338","Germany"
"9646","Silver One Resources","SVE.V","120375263","0.34098","Canada"
"9647","Kulmbacher Brauerei","KUL.MU","120348878","35.8181","Germany"
"9648","Bioventix","BVXP.L","120274373","23.0196","United Kingdom"
"9649","Fonar Corporation","FONR","120195888","19.09","United States"
"9650","Bellevue Group","BBN.SW","120160938","9.02014","Switzerland"
"9651","Balaji Telefilms","BALAJITELE.NS","120117628","0.98536","India"
"9652","Franchi Umberto Marmi","FUM.MI","120043912","3.67485","Italy"
"9653","U.S. GoldMining","USGO","119865184","8.54","United States"
"9654","Tucows","TCX","119648600","10.7","Canada"
"9655","ALT5 Sigma","ALTS","119560224","0.855","United States"
"9656","Rupa Company","RUPA.NS","119289834","1.49966","India"
"9657","GEOX","GEO.MI","119232162","0.325619","Italy"
"9658","Jubilee Metals Group","JLP.L","119044788","0.0352065","United Kingdom"
"9659","BHM Capital Financial Services","BHMCAPITAL.AE","118989271","0.258672","United Arab Emirates"
"9660","Digimarc","DMRC","118669736","5.28","United States"
"9661","Majestic Gold","MJS.V","118588249","0.0834313","Canada"
"9662","Global Fashion Group","GFG.DE","118475014","0.520991","Luxembourg"
"9663","Methanol Chemicals Company","2001.SR","118402127","7.89348","Saudi Arabia"
"9664","Sogeclair","ALSOG.PA","118326448","38.7254","France"
"9665","Union Bankshares","UNB","118206240","23.9","United States"
"9666","Response Plus Holding","RPM.AE","118162761","0.59","United Arab Emirates"
"9667","Nautilus Biotechnology","NAUT","118080128","0.9279","United States"
"9668","VIGO Photonics","VGO.WA","117978529","134.864","Poland"
"9669","a.k.a. Brands","AKA","117934056","10.73","United States"
"9670","Livestock Transport and Trading Company","CATTL.KW","117878023","563.435","Kuwait"
"9671","Tamil Nadu Newsprint and Papers Limited","TNPL.NS","117830596","1.70249","India"
"9672","Vocento","VOC.MC","117630962","0.976858","Spain"
"9673","Nama Chemicals Company","2210.SR","117380769","4.99068","Saudi Arabia"
"9674","MRM","MRM.PA","116992105","36.549","France"
"9675","Aardvark Therapeutics","AARD","116646224","5.33","United States"
"9676","Fujairah Building Industries","FBI.AE","116627360","0.86","United Arab Emirates"
"9677","Nanexa AB","NANEXA.ST","116425405","0.60944","Sweden"
"9678","Bloober Team","6BO.SG","116366396","6.03559","Poland"
"9679","Ash-Sharqiyah Development","6060.SR","116324897","3.8775","Saudi Arabia"
"9680","Provident Financial Holdings","PROV","116263312","18.65","United States"
"9681","Serverworks","4434.T","116026760","15.6463","Japan"
"9682","SIEC (Saudi Industrial Export Company)","4140.SR","115966974","0.596538","Saudi Arabia"
"9683","The Joint Corp.","JYNT","115832424","8.19","United States"
"9684","KULR Technology Group","KULR","115700800","2.5","United States"
"9685","DATA MODUL","DAM.DE","115639419","32.7945","Germany"
"9686","Peninsula Energy","PEN.AX","115560142","0.202195","Australia"
"9687","CALIDA Holding","CALN.SW","115538741","16.5328","Switzerland"
"9688","Indel B S.p.A.","INDB.MI","115109273","22.0374","Italy"
"9689","Genelux","GNLX","114923152","2.54","United States"
"9690","Seritage Growth Properties","SRG","114902200","2.04","United States"
"9691","ArcticZymes Technologies ASA","AZT.OL","114661002","2.24511","Norway"
"9692","Sadr Logistics Company","1832.SR","114647134","0.655126","Saudi Arabia"
"9693","National Metal Manufacturing and Casting","2220.SR","114637546","3.23835","Saudi Arabia"
"9694","Dhampur Sugar Mills","DHAMPURSUG.NS","114548175","1.78128","India"
"9695","Fury Gold Mines","FURY","114459576","0.602","Canada"
"9696","Biotalys","BTLS.BR","114152846","2.51192","Belgium"
"9697","Real-Estate Trade Centers Company (Marakez)","MARAKEZ.KW","113974156","799.819","Kuwait"
"9698","Magnachip Semiconductor","MX","113911544","3.12","Luxembourg"
"9699","Wynnstay Group","WYN.L","113772620","4.94245","United Kingdom"
"9700","Record Financial Group","REC.L","113700095","0.582261","United Kingdom"
"9701","Lakeland Industries","LAKE","113594080","11.51","United States"
"9702","Al-Etihad Cooperative Insurance","8170.SR","113448740","2.26897","Saudi Arabia"
"9703","OMER S.p.A.","OMER.MI","113222924","3.95395","Italy"
"9704","Cake Box Holdings","CBOX.L","113202438","2.57278","United Kingdom"
"9705","Burning Rock Biotech","BNR","112951336","10.71","China"
"9706","Grange Resources","GRR.AX","112825492","0.097487","Australia"
"9707","Edel SE &amp; Co. KGaA","EDL.DE","112817956","5.30294","Germany"
"9708","Comet Ridge","COI.AX","112758409","0.0671577","Australia"
"9709","REC Silicon","RECSI.OL","112735706","0.024446","Norway"
"9710","Yellow Pages (Canada)","Y.TO","112709916","9.75058","Canada"
"9711","Wielton","WLT.WA","112465366","1.41607","Poland"
"9712","Zain Bahrain","ZAINBH.BH","112254641","0.64191","Bahrain"
"9713","Merkur PrivatBank","MBK.DE","112171760","14.4203","Germany"
"9714","Dhofar Food & Investment SAOG","DFIN.OM","111931351","0.566234","Oman"
"9715","Carbios SAS","ALCRB.PA","111835497","6.62868","France"
"9716","Ateam","3662.T","111829239","6.01682","Japan"
"9717","Mayar Holding Company","9568.SR","111822066","0.932091","Saudi Arabia"
"9718","ADLPartner (Dékuple)","DKUPL.PA","111697658","28.0265","France"
"9719","The Pebble Group plc","PEBB.L","111573991","0.805687","United Kingdom"
"9720","Robert Walters","RWA.L","111339093","1.69262","United Kingdom"
"9721","Cherry Hill Mortgage Investment","CHMI","111312936","2.97","United States"
"9722","Encounter Resources","ENR.AX","111252020","0.198585","Australia"
"9723","Lhyfe SA","LHYFE.PA","110775095","2.30259","France"
"9724","Talga Group","TLG.AX","110686058","0.216638","Australia"
"9725","TCM Group A/S","TCM.CO","110506336","10.6712","Denmark"
"9726","Clere AG","CAG0.HM","110489946","14.1877","Germany"
"9727","Chapel Down Group","CDGP.L","110323705","0.643196","United Kingdom"
"9728","AS Harju Elekter","HAE1T.TL","110195167","5.93092","Estonia"
"9729","Apex Critical Metals","KL9.F","110039410","1.14083","Canada"
"9730","Guerbet","GBT.PA","110006820","8.76846","France"
"9731","Filling and Packing Materials Manufacturing Company","2180.SR","109946739","9.56059","Saudi Arabia"
"9732","Dar Al-Thuraya Real Estate","THURAYA.KW","109583249","748.009","Kuwait"
"9733","Méliuz","CASH3.SA","109415181","1.05033","Brazil"
"9734","Gaming Realms","GMR.L","109413265","0.406229","United Kingdom"
"9735","Jazan Development and Investment (JAZADCO)","6090.SR","109187746","2.18375","Saudi Arabia"
"9736","Fractyl Health","GUTS","109070024","0.6852","United States"
"9737","EROAD Limited","ERD.NZ","109058754","0.579829","New Zealand"
"9738","Definitive Healthcare","DH","108879608","1.02","United States"
"9739","CDL Investments New Zealand Limited","CDI.NZ","108847897","0.371911","New Zealand"
"9740","IG Design Group","IGR.L","108705733","1.19702","United Kingdom"
"9741","Ticketplus","TP","108580728","9","Chile"
"9742","Cheetah Mobile","CMCM","108324816","3.49","China"
"9743","Answear.com","ANR.WA","108236432","5.70473","Poland"
"9744","Coya Therapeutics","COYA","108140680","4.61","United States"
"9745","Seer Inc","SEER","107975432","1.95","United States"
"9746","Venu Holding Corporation","VENU","107924256","1.92","United States"
"9747","Serko Limited","SKO.NZ","107861874","0.855101","New Zealand"
"9748","Atturra","ATA.AX","107652077","0.292461","Australia"
"9749","Kuwait and Middle East Financial Investment Company","KMEFIC.KW","107570750","488.958","Kuwait"
"9750","Foodco National Foodstuff","FNF.AE","107489995","0.38","United Arab Emirates"
"9751","Rent the Runway","RENT","107476568","3.2","United States"
"9752","Asiya Capital Investments Company","ASIYA.KW","107189065","134.059","Kuwait"
"9753","Caesarstone","CSTE","107188936","3.1","Israel"
"9754","National Gypsum Company","2090.SR","107101645","3.38216","Saudi Arabia"
"9755","United Foods Company","UFC.AE","107076725","3.53973","United Arab Emirates"
"9756","GreenTree Hospitality Group","GHG","106951160","1.06","China"
"9757","Siebert Financial","SIEB","106855840","2.61","United States"
"9758","Getty Images","GETY","106855392","0.2576","United States"
"9759","Eurofins-Cerep","ALECR.PA","106757530","21165.3","France"
"9760","Bastei Lübbe","BST.DE","106641935","8.14048","Germany"
"9761","Norcod AS","NCOD.OL","106549514","1.3449","Norway"
"9762","Lokum Deweloper","LKD.WA","106326453","5.90703","Poland"
"9763","Dubai National Insurance & Reinsurance Company","DNIR.AE","106297994","0.920329","United Arab Emirates"
"9764","Devyser Diagnostics","DVYSR.ST","105753410","6.26138","Sweden"
"9765","LENSAR","LNSR","105658440","8.6","United States"
"9766","BAIOO Family Interactive","2100.HK","105656020","0.0369869","China"
"9767","LACROIX Group SA","LACR.PA","104862882","22.3282","France"
"9768","Renascor Resources","RNU.AX","104806150","0.0411612","Australia"
"9769","HilleVax","HLVX","104762376","2.09","United States"
"9770","Innoviz Technologies","INVZ","104754832","0.3514","Israel"
"9771","Riverview Bancorp","RVSB","104754224","5.25","United States"
"9772","Anaam International","4061.SR","104608525","3.32091","Saudi Arabia"
"9773","Suominen","SUY1V.HE","104215504","0.772183","Finland"
"9774","NWF Group plc","NWF.L","104098091","2.09885","United Kingdom"
"9775","SergeFerrari Group","SEFER.PA","104076312","9.11002","France"
"9776","INOVEST","INOVEST.BH","104023344","0.115","Bahrain"
"9777","Hong Kong Technology Venture Company (HKTV)","1137.HK","103973663","0.131367","Hong Kong"
"9778","Fleury Michon","ALFLE.PA","103750557","25.1192","France"
"9779","Bertrandt","BDT.DE","103653820","10.257","Germany"
"9780","Stabilis Solutions","SLNG","103581392","5.57","United States"
"9781","CTEK AB","CTEK.ST","103548905","1.47977","Sweden"
"9782","First Northwest Bancorp","FNWB","103486376","10.88","United States"
"9783","Kewaunee Scientific Corporation","KEQU","103295080","36.01","United States"
"9784","Forsys Metals","FSY.TO","102904840","0.420491","Canada"
"9785","Here Group Limited","HERE","102786920","1.89","China"
"9786","Dhofar Insurance Company SAOG","DICS.OM","102751525","0.883117","Oman"
"9787","Unitech Group","UNITECH.NS","102741219","0.0392696","India"
"9788","Firefly AB","FIRE.ST","102710515","17.1144","Sweden"
"9789","Atara Biotherapeutics","ATRA","102685768","10.23","United States"
"9790","Oncolytics Biotech","ONCY","102645960","0.805","Canada"
"9791","AB Kauno Energija","KNR1L.VS","102537988","2.39563","Lithuania"
"9792","maison pommery &amp; associes","POMRY.PA","102315432","11.513","France"
"9793","Pathfinder Bancorp","PBHC","102310488","16.295","United States"
"9794","Investigator Resources","IVR.AX","102277819","0.0389948","Australia"
"9795","Arab Sea Information Systems Company","7201.SR","102263645","1.02264","Saudi Arabia"
"9796","Norse Atlantic ASA","NORSE.OL","102187248","0.0345444","Norway"
"9797","coly","4175.T","102151573","18.5638","Japan"
"9798","Creepy Jar","CRJ.WA","101864242","145.653","Poland"
"9799","Speedy Hire","SDY.L","101509763","0.220176","United Kingdom"
"9800","Wrap Technologies","WRAP","101313424","1.64","United States"
"9801","Vertical Aerospace","EVTL","101299784","0.5899","United Kingdom"
"9802","ACRES Commercial Realty","ACR","101119016","14.18","United States"
"9803","Nova Klúbburinn","NOVA.IC","101112101","0.0291753","Iceland"
"9804","Iceland Seafood International","ICESEA.IC","101091010","0.032988","Iceland"
"9805","Gateway Real Estate","GTY.F","100974821","0.359344","Germany"
"9806","Mekdam Holding Group","MKDM.QA","100882028","0.558516","Qatar"
"9807","Sitowise Group Oyj","SITOWS.HE","100879768","2.81428","Finland"
"9808","Microbot Medical","MBOT","100747200","1.5","United States"
"9809","ORIOR AG","ORON.SW","100734540","15.4207","Switzerland"
"9810","Polaryx Therapeutics","PLYX","100688904","2.02","United States"
"9811","4basebio","4BB.L","100646446","6.49966","United Kingdom"
"9812","Townsquare Media","TSQ","100456344","5.51","United States"
"9813","Bait Vegag Real Estate Development","BVGG.TA","100381834","1.81863","Israel"
"9814","GAM Holding AG","GAM.SW","100298529","0.0902014","Switzerland"
"9815","Softstar Entertainment","6111.TWO","100238917","1.13633","Taiwan"
"9816","AudioEye","AEYE","100180296","7.97","United States"
"9817","Banqup Group SA","BANQ.BR","99775816","2.68636","Belgium"
"9818","Ras Alkhaima National Insurance","RAKNIC.AE","99714264","0.82","United Arab Emirates"
"9819","ReneSola","SOL","99563952","1.94","United States"
"9820","PGG Wrightson","PGW.NZ","99472407","1.31779","New Zealand"
"9821","clearvise AG","ABO.DE","99463333","1.31992","Germany"
"9822","Lemonsoft","LEMON.HE","99328955","5.58204","Finland"
"9823","Ultralife Corporation","ULBI","98979816","5.94","United States"
"9824","CeoTronics","CEK.DE","98926387","12.3968","Germany"
"9825","Hyosung ITX","094280.KS","98773807","8.94823","South Korea"
"9826","Orthex Oyj","ORTHEX.HE","98717674","5.55879","Finland"
"9827","Anixa Biosciences","ANIX","98666888","2.9","United States"
"9828","Osoul Investment Company","OSOUL.KW","98661748","780.39","Kuwait"
"9829","Broadwind","BWEN","98414664","4.16","United States"
"9830","Al Gassim Investment Holding","6020.SR","98348865","3.2783","Saudi Arabia"
"9831","Peter Warren Automotive Holdings Limited","PWR.AX","98268553","0.57048","Australia"
"9832","Metatek-Group","MTEK.TO","98211539","1.9951","United Kingdom"
"9833","Allied Tecnologia","ALLD3.SA","98149130","1.0228","Brazil"
"9834","EcoSynthetix","ECO.TO","98090017","1.66863","Canada"
"9835","Grupa Kapitałowa Immobile","GKI.WA","98046416","1.30818","Poland"
"9836","Takaful Emarat - Insurance","TAKAFUL-EM.AE","98024383","0.471056","United Arab Emirates"
"9837","Fluent","FLNT","97981960","3.1","United States"
"9838","Tile Shop Holdings","TTSH","97961480","2.46","United States"
"9839","Atlas Lithium","ATLX","97824360","3.25","United States"
"9840","Cullman Bancorp","CULL","97700856","17","United States"
"9841","SMN Power Company","SMNP.OM","97484399","0.488312","Oman"
"9842","Ascend Wellness (AWH)","AAWH","97440528","0.4795","United States"
"9843","Marpai","MRAI","97124000","3.62","United States"
"9844","Crossject","ALCJ.PA","97004703","1.60949","France"
"9845","Miko Group","MIKO.BR","96771718","77.916","Belgium"
"9846","Zevia","ZVIA","96662928","1.34","United States"
"9847","Alijarah Holding","NLCS.QA","96649509","0.19533","Qatar"
"9848","Arq Inc.","ARQ","96507352","2.21","United States"
"9849","Virco Manufacturing","VIRC","96316912","6.11","United States"
"9850","HF Foods Group","HFFG","96192872","1.73","United States"
"9851","Dolphin Drilling","DDRIL.OL","96174564","0.236442","Norway"
"9852","National Consumer Holding Company","NCCI.KW","96172525","320.575","Kuwait"
"9853","Raysut Cement","RCCI.OM","96103898","0.480519","Oman"
"9854","GrowGeneration","GRWG","96040328","1.63","United States"
"9855","ACTIA Group","ALATI.PA","95994651","4.77963","France"
"9856","Park Dental Partners","PARK","95961592","20.18","United States"
"9857","SkinHealth Systems","SKIN","95926752","0.7371","United States"
"9858","INNOVATE Corp.","VATE","95902320","7.03","United States"
"9859","Vera Bradley","VRA","95836904","3.37","United States"
"9860","Takween Advanced Industries","1201.SR","95708026","1.25166","Saudi Arabia"
"9861","Zomedica Pharmaceuticals","ZOM","95349136","0.0973","United States"
"9862","Intercede Group plc","IGP.L","95285785","1.57075","United Kingdom"
"9863","mwb fairtrade AG","MWB0.DE","95241800","12.7922","Germany"
"9864","Logistic Properties of the Americas","LPA","95095904","3","United States"
"9865","MediaCo Holding","MDIA","94942440","1.13","United States"
"9866","PCC Exol","PCX.WA","94878153","0.544849","Poland"
"9867","Braemar","BMS.L","94856222","2.96547","United Kingdom"
"9868","Arbe Robotics","ARBE","94673960","0.7431","Israel"
"9869","FriendTimes","6820.HK","94665762","0.045277","China"
"9870","Sawaeed Holding","SAWAEED.AE","94614169","1.85","United Arab Emirates"
"9871","SelectQuote","SLQT","94537256","0.5354","United States"
"9872","R. Stahl AG","RSL2.DE","94364461","14.6529","Germany"
"9873","Fevara","FVA.L","93978822","1.81449","United Kingdom"
"9874","Ringmetall","HP3A.DE","93978286","3.23293","Germany"
"9875","Otovo ASA","OTOVO.OL","93705720","1.17679","Norway"
"9876","Momentus Inc.","MNTS","93344448","4.25","United States"
"9877","The NAGA Group","N4G.DE","93222617","0.40047","Germany"
"9878","AMC Robotics Corporation","AMCI","93057768","4.01","United States"
"9879","Aldeyra Therapeutics","ALDX","92902688","1.54","United States"
"9880","Unitronics","UNIT.TA","92835203","6.63462","Israel"
"9881","gumi","3903.T","92803952","1.72188","Japan"
"9882","Drecom","3793.T","92768142","3.24882","Japan"
"9883","Xlife Sciences","XLS.SW","92646029","16.0633","Switzerland"
"9884","Michelmersh Brick Holdings plc","MBH.L","92568536","1.0088","United Kingdom"
"9885","Maytronics","MTRN.TA","92567320","0.843501","Israel"
"9886","Aptera Motors","SEV","92438320","2.28","United States"
"9887","Pioneer Credit","PNC.AX","92202481","0.480214","Australia"
"9888","Groupe Minoteries SA","GMI.SW","92153712","279.254","Switzerland"
"9889","Himatsingka Seide","HIMATSEIDE.NS","92123657","0.732639","India"
"9890","Vistin Pharma","VISTN.OL","92103705","2.077","Norway"
"9891","Veritone","VERI","91968448","0.9155","United States"
"9892","Bien Sparebank","BIEN.OL","91794660","16.1605","Norway"
"9893","Al Manar Financing and Leasing Company","ALMANAR.KW","91639043","375.623","Kuwait"
"9894","Delfingen Industry","ALDEL.PA","91616644","35.2367","France"
"9895","CyberStep","3810.T","91545353","1.11759","Japan"
"9896","Drilling Tools International","DTI","91380960","2.59","United States"
"9897","Oman United Insurance","OUIC.OM","91363639","0.87013","Oman"
"9898","Adicet Bio","ACET","91087296","9.73","United States"
"9899","Kuwait Resorts Company","MUNTAZAHAT.KW","91025643","433.91","Kuwait"
"9900","Topps Tiles","TPT.L","90940967","0.464455","United Kingdom"
"9901","CGRE AG","CGX.F","90708222","15.118","Germany"
"9902","Al Sagr Cooperative Insurance Company","8180.SR","90599198","3.01997","Saudi Arabia"
"9903","Euroapi","EAPI.PA","90579872","0.947785","France"
"9904","Arabian International Healthcare Holding","9530.SR","90545936","4.5273","Saudi Arabia"
"9905","Cavatina Holding Spólka Akcyjna","CAV.WA","90526819","3.5604","Poland"
"9906","Kooth plc","KOO.L","90418654","2.49154","United Kingdom"
"9907","Fortress Biotech","FBIO","90381192","2.71","United States"
"9908","Verrica Pharmaceuticals","VRCA","90360432","5.26","United States"
"9909","AB Pieno Zvaigzdes","PZV1L.VS","90279335","2.00023","Lithuania"
"9910","Amana Cooperative Insurance Company","8310.SR","90237015","2.09854","Saudi Arabia"
"9911","Kuwait Emirates Holding Company","EMIRATES.KW","90187647","511.625","Kuwait"
"9912","Buzzfeed","BZFD","90001520","1.08","United States"
"9913","Golden Matrix Group","GMGI","89996768","0.6372","United States"
"9914","Acrivon Therapeutics","ACRV","89992048","2.1","United States"
"9915","Infant Bacterial Therapeutics AB","IBT-B.ST","89832339","6.66836","Sweden"
"9916","KLab","3656.T","89793105","1.13059","Japan"
"9917","BCP Investment Corporation","BCIC","89781480","7.25","United States"
"9918","BioPorto","BIOPOR.CO","89723228","0.181224","Denmark"
"9919","Nilörngruppen","NIL-B.ST","89716101","7.86846","Sweden"
"9920","Smith Douglas Homes","SDHC","89547808","10.67","United States"
"9921","Pulmonx","LUNG","89332392","2.08","United States"
"9922","Victoria PLC","VCP.L","89173779","0.770481","United Kingdom"
"9923","Al Anwar Ceramic Tiles","AACT.OM","89142859","0.405195","Oman"
"9924","CBAK Energy Technology","CBAT","88636976","0.9999","China"
"9925","Chegg","CHGG","88422288","0.7964","United States"
"9926","Elevate Uranium","EL8.AX","88369546","0.187753","Australia"
"9927","Yiren Digital","YRD","88363344","1.01","China"
"9928","Apetit Oyj","APETIT.HE","88287187","14.1295","Finland"
"9929","Rallybio","RLYB","88207392","16.61","United States"
"9930","Nanoform Finland","NANOFS.ST","88148200","1.02791","Finland"
"9931","SYLA Holdings","8887.T","88027516","2.37814","Japan"
"9932","Gossamer Bio","GOSS","87943528","0.1799","United States"
"9933","Laox Holdings","8202.T","87910426","0.961651","Japan"
"9934","Quick Heal","QUICKHEAL.NS","87837930","1.61843","India"
"9935","Rottneros","RROS.ST","87769111","0.328722","Sweden"
"9936","Hyperfine","HYPR","87150800","0.8218","United States"
"9937","Prevas AB","PREV-B.ST","87133603","6.76229","Sweden"
"9938","Kuwait Foundry Company K.S.C.P.","KFOUC.KW","86927658","1337.35","Kuwait"
"9939","Thryv","THRY","86878464","1.955","United States"
"9940","Interlink Electronics","LINK","86801288","5.51","United States"
"9941","Charlotte's Web","CWEB.TO","86600413","0.319215","United States"
"9942","Panasonic Manufacturing Malaysia Berhad","3719.KL","86544395","1.4247","Malaysia"
"9943","Velo3D","VLDX","86513896","6.15","United States"
"9944","Air T, Inc.","AIRT","86477040","32.07","United States"
"9945","XXL ASA","XXL.OL","86472902","0.988001","Norway"
"9946","Union Insurance Company","UNION.AE","86451015","0.35","United Arab Emirates"
"9947","Pharol, SGPS S.A.","PHR.LS","86397023","0.105129","Portugal"
"9948","Summit State Bank","SSBI","86206688","12.74","United States"
"9949","MediciNova","MNOV","86137184","1.75","United States"
"9950","Martin Midstream Partners","MMLP","86074312","2.2","United States"
"9951","Vitura SA","VTR.PA","86042628","5.0471","France"
"9952","PhenixFIN","PFX","85999584","44.53","United States"
"9953","Nexstim","NXTMH.HE","85987487","11.8851","Finland"
"9954","Wallbox","WBX","85862432","3.54","Spain"
"9955","Gascogne Groupe","ALBI.PA","85798888","2.27933","France"
"9956","Noodles &amp; Company","NDLS","85711072","14.365","United States"
"9957","SAICO (Saudi Arabian Cooperative Insurance Company)","8100.SR","85406123","2.84687","Saudi Arabia"
"9958","Casino Guichard-Perrachon","CO.PA","85389697","0.213397","France"
"9959","IBU-tec advanced materials AG","IBU.DE","85344222","17.9672","Germany"
"9960","11 bit studios","11B.WA","85279542","35.2803","Poland"
"9961","Emperor International","0163.HK","85130329","0.0154325","Hong Kong"
"9962","Groupe LDLC","ALLDL.PA","85042754","13.9319","France"
"9963","OS Therapies","OSTX","85041552","1.83","United States"
"9964","Abitare In S.p.A.","ABT.MI","85016267","3.32597","Italy"
"9965","Scully Royalty","SRL","84658512","5.56","China"
"9966","Accendra Health","ACH","84595176","1.1","United States"
"9967","Alan Allman Associates","AAA.PA","84529587","1.86068","France"
"9968","Athos Immobilien","ATH.VI","84388780","48.3777","Austria"
"9969","OEX S.A.","OEX.WA","84244537","13.2621","Poland"
"9970","OSE Immunotherapeutics","OSE.PA","84135123","3.48645","France"
"9971","Taageer Finance","TFCI.OM","84001949","0.296104","Oman"
"9972","Sterling Tools","STERTOOLS.NS","83830464","2.30656","India"
"9973","Vince Holding","VNCE","83635888","6.51","United States"
"9974","Kokuyo Camlin","KOKUYOCMLN.NS","83621777","0.833685","India"
"9975","iBio","IBIO","83599432","1.3","United States"
"9976","Great Elm Capital","GECC","83477400","6.01","United States"
"9977","Al Fujairah National Insurance Company","AFNIC.AE","83352848","62.62","United Arab Emirates"
"9978","CombinedX","CX.ST","83341688","4.27861","Sweden"
"9979","Scherzer &amp; Co. AG","PZS.DE","83311083","3.11664","Germany"
"9980","Blink Charging","BLNK","83194824","0.574","United States"
"9981","Micware Co., Ltd.","MWC","83090160","1.48","Japan"
"9982","Creo Medical Group","CREO.L","83050898","0.170955","United Kingdom"
"9983","Al Madar Kuwait Holding Company","MADAR.KW","82948505","401.528","Kuwait"
"9984","Orosur Mining","OMI.V","82913604","0.206764","Canada"
"9985","Quantum Graphite","QGL.AX","82752019","0.234691","Australia"
"9986","Antalpha Platform","ANTA","82729416","3.445","Singapore"
"9987","Senergy Holding Company K.S.C.P.","SENERGY.KW","82672305","819.247","Kuwait"
"9988","Asetek","ASTK.CO","82564016","0.260469","Denmark"
"9989","Omer-Decugis & Cie","ALODC.PA","82550287","9.72206","France"
"9990","LUDWIG BECK am Rathauseck - Textilhaus Feldmeier","ECK.DE","82502617","22.3282","Germany"
"9991","Zephyr Energy plc","ZPHR.L","82492691","0.0392688","United Kingdom"
"9992","Credit Rating And Collection Company","TAHSSILAT.KW","82280938","498.672","Kuwait"
"9993","Jushi Holdings","JUSHF","82261016","0.41193","United States"
"9994","Warba Capital Holding Company","WARBACAP.KW","82086501","2736.22","Kuwait"
"9995","High Co.","HCO.PA","82042963","4.14002","France"
"9996","Hennessy Advisors","HNNA","81929208","10.365","United States"
"9997","electroCore","ECOR","81864232","9.08","United States"
"9998","Telomir Pharmaceuticals","TELO","81842208","1.19","United States"
"9999","Hily Holding","HH.AE","81688226","0.68","United Arab Emirates"
"10000","Esterad Investment Company","ESTERAD.BH","81684609","0.899204","Bahrain"
"10001","Ideal Power","IPWR","81515888","4.96","United States"
"10002","Ebixcash India","EBIXFOREX.NS","81507586","7.31","India"
"10003","Ispire Technology","ISPR","81507136","1.42","United States"
"10004","Wiener Privatbank","WPB.VI","81480442","16.281","Austria"
"10005","United Finance Co. SAOG","UFCI.OM","81400527","0.228571","Oman"
"10006","Tigo Energy","TYGO","81380128","1.06","United States"
"10007","Banader Hotels Company","BANADER.BH","81106824","0.695145","Bahrain"
"10008","Austin Engineering","ANG.AX","80993619","0.129983","Australia"
"10009","DelfinGroup AS","DGR1R.RG","80908180","1.77928","Latvia"
"10010","InterCure","INCR","80870304","5.39","Israel"
"10011","PWO AG","PWO.DE","80677986","25.817","Germany"
"10012","Galfar Engineering and Contracting","GECS.OM","80667343","0.397403","Oman"
"10013","Hoffmann Green Cement Technologies","ALHGR.PA","80528704","4.55867","France"
"10014","National Hotels Company (Bahrain)","NHOTEL.BH","80421087","0.503979","Bahrain"
"10015","Elica S.p.A.","ELC.MI","80395293","1.37225","Italy"
"10016","Feiyu Technology International Company","1022.HK","80325174","0.0459147","China"
"10017","OKYO Pharma","OKYO","80293680","1.53","United Kingdom"
"10018","Dlala Brokerage and Investment Holding Company","DBIS.QA","80234609","0.421429","Qatar"
"10019","Cantourage Group SE","HIGH.DE","80227906","6.69845","Germany"
"10020","LanzaTech Global","LNZA","80105680","6.12","United States"
"10021","MAIA Biotechnology","MAIA","79692808","1.31","United States"
"10022","Premier Miton Group plc","PMI.L","79655096","0.501016","United Kingdom"
"10023","Saudi Vitrified Clay Pipe Company","2360.SR","79653793","5.31025","Saudi Arabia"
"10024","Fairwood Holdings","0052.HK","79642224","0.614747","Hong Kong"
"10025","The Italian Sea Group","TISG.MI","79632516","1.5025","Italy"
"10026","ALBA SE","ABA.F","79586725","8.08808","Germany"
"10027","Western Bulk","WEST.OL","79507845","2.42949","Norway"
"10028","Lifevantage","LFVN","79423392","6.34","United States"
"10029","Nankai Tatsumura Construction","1850.T","79401236","2.83297","Japan"
"10030","Aura Energy","AURA.L","79374267","0.0778605","Australia"
"10031","Sera Prognostics","SERA","79293424","2.01","United States"
"10032","Advanced Flower Capital","AFCG","79122168","3.51","United States"
"10033","Water Intelligence plc","WATR.L","79018448","4.69871","United Kingdom"
"10034","Icape Holding","ALICA.PA","78874809","10.0012","France"
"10035","Grand Twins International Cambodia","GTI.KH","78873239","1.97","Cambodia"
"10036","SoundThinking 
 (ShotSpotter)","SSTI","78851096","5.99","United States"
"10037","Moulinvest","ALMOU.PA","78824375","26.0495","France"
"10038","Silvercrest Asset Management Group","SAMG","78452472","10.03","United States"
"10039","PodcastOne","PODC","78354480","2.59","United States"
"10040","OQIC Oman Qatar Insurance Company","OQIC.OM","78306165","0.485714","Oman"
"10041","Railcare Group AB","RAIL.ST","78275504","3.20374","Sweden"
"10042","Aqar Real Estate Investments Company","AQAR.KW","78193923","349.718","Kuwait"
"10043","Blackboxstocks","BLBX","78138184","18.15","United States"
"10044","Enigmatig","EGG","78134504","2.79","Singapore"
"10045","Usio","USIO","78077432","2.74","United States"
"10046","The InterGroup Corporation","INTG","78066344","36.33","United States"
"10047","CVRx","CVRX","78059880","2.93","United States"
"10048","Alithya Group","ALYA.TO","77924645","0.805293","Canada"
"10049","Surf Air Mobility","SRFM","77858776","0.6297","United States"
"10050","Microlise","SAAS.L","77741129","0.670278","United Kingdom"
"10051","Lake Resources NL","LKE.AX","77583445","0.0310514","Australia"
"10052","CMGE Technology Group","0302.HK","77555230","0.0248705","China"
"10053","Umbrella Global Energy","UMB.MC","77216686","3.58181","Spain"
"10054","Steel Connect","STCN","77168096","12.18","United States"
"10055","CarParts.com","PRTS","76938136","9.5","United States"
"10056","Kellton Tech Solutions","KELLTONTEC.NS","76733290","0.144397","India"
"10057","Heidmar Maritime Holdings","HMR","76689592","1.3","Greece"
"10058","Ekinops","EKI.PA","76628236","2.83754","France"
"10059","Alliance Aviation Services","AQZ.AX","76427772","0.45855","Australia"
"10060","Upexi","UPXI","76390448","1.04","United States"
"10061","Mubarrad Holding Company","MUBARRAD.KW","76328474","466.291","Kuwait"
"10062","Largo","LGO","76319160","0.74","Canada"
"10063","Coffee Day Enterprises","COFFEEDAY.NS","76293763","0.361151","India"
"10064","Westwater Resources","WWR","76251800","0.5931","United States"
"10065","Ekopak","EKOP.BR","76127480","4.34934","Belgium"
"10066","Home Federal Bancorp (HFB Bank)","HFBL","76061272","25","United States"
"10067","Airtasker","ART.AX","75997177","0.155257","Australia"
"10068","Naseej International Trading Company","1213.SR","75940080","4.42077","Saudi Arabia"
"10069","ad pepper media International","APM.DE","75909111","3.11664","Germany"
"10070","WISeKey International","WKEY","75790880","6.38","Switzerland"
"10071","Battalion Oil","BATL","75612448","1.32","United States"
"10072","LeonaBio","LONA","75561744","8.02","United States"
"10073","Cingulate","CING","75472080","5.19","United States"
"10074","Alcadon Group AB","ALCA.ST","75332737","3.07342","Sweden"
"10075","CleanCore Solutions","ZONE","75313544","0.15","United States"
"10076","Northern Technologies International","NTIC","74986808","7.9","United States"
"10077","Comscore","SCOR","74858728","4.93","United States"
"10078","Villars Holding","VILN.SW","74791548","716.669","Switzerland"
"10079","Agfa-Gevaert","AGFB.BR","74718591","0.482614","Belgium"
"10080","InfraCom Group AB","INFRA.ST","74655441","2.14974","Sweden"
"10081","Rein Therapeutics","RNTX","74405320","0.8625","United States"
"10082","Sono-Tek Corporation","SOTK","74340104","4.73","United States"
"10083","NSTS Bancorp","NSTS","74279272","14.14","United States"
"10084","Haulotte Group","PIG.PA","73952809","2.51192","France"
"10085","Town Centre Securities","TOWN.L","73942126","1.76033","United Kingdom"
"10086","GCL Global Holdings Ltd","GCL","73861024","0.577","Singapore"
"10087","New Fortress Energy","NFE","73722304","0.2581","United States"
"10088","Development Works Food Company","6013.SR","73701733","24.5672","Saudi Arabia"
"10089","Full House Resorts","FLL","73655408","2.01","United States"
"10090","Kapsch TrafficCom","KTCG.VI","73337593","5.1285","Austria"
"10091","FC Porto","FCP.LS","73264008","3.25619","Portugal"
"10092","Mashaer Holding Company K.S.C.P.","MASHAER.KW","73238344","456.577","Kuwait"
"10093","Nano-X Imaging","NNOX","73111008","0.9303","Israel"
"10094","Oman Reinsurance","ORIC.OM","73028381","0.220779","Oman"
"10095","Titanium Oyj","TITAN.HE","73027989","7.04733","Finland"
"10096","Research Solutions","RSSS","72915624","2.18","United States"
"10097","ZK International Group","ZKIN","72854776","1.2","China"
"10098","Guillemot Corporation","GUI.PA","72802726","5.0471","France"
"10099","Viomi Technology","VIOT","72543416","1.1","China"
"10100","Manazel Holding Company","MANAZEL.KW","72337664","168.059","Kuwait"
"10101","Al Kathiri Holding Company","3008.SR","72237761","0.319574","Saudi Arabia"
"10102","Zepp Health","ZEPP","72151704","4.92","China"
"10103","Regis Corporation","RGS","71964808","28.8","United States"
"10104","Hayah Insurance Company","HAYAH.AE","71877808","0.36","United Arab Emirates"
"10105","United Homes Group","UHG","71769208","1.22","United States"
"10106","Kuantum Papers","KUANTUM.NS","71719499","0.821872","India"
"10107","Airship AI","AISP","71634280","2.08","United States"
"10108","PMV Pharmaceuticals","PMVP","71633800","1.34","United States"
"10109","AMTD IDEA Group","AMTD","71562048","0.753999","Hong Kong"
"10110","Amar Finance and Leasing Company","AMAR.KW","71436958","365.909","Kuwait"
"10111","Rapala VMC Corporation","RAP1V.HE","71390911","1.87231","Finland"
"10112","McPhy Energy","MCPHY.PA","71172382","2.53774","France"
"10113","MGI Digital Technology","ALMDG.PA","70997349","11.6293","France"
"10114","Inseego","INSG","70966448","4.36","United States"
"10115","BRAIN Biotech","BNN.DE","70885582","3.24456","Germany"
"10116","Pullup Entertainment","ALPUL.PA","70556939","8.82661","France"
"10117","NFON AG","NFN.DE","70295072","4.20979","Germany"
"10118","Pliant Therapeutics","PLRX","70281352","1.135","United States"
"10119","Widam Food Company","WDAM.QA","70219778","0.39011","Qatar"
"10120","Erbud","ERB.WA","70148059","5.88005","Poland"
"10121","Scana ASA","SCANA.OL","70134374","0.151843","Norway"
"10122","Infas Holding AG","IFS.F","70124433","7.7916","Germany"
"10123","Planet Image International","YIBO","69896376","1.18","China"
"10124","Shuaiba Industrial Company","PAPER.KW","69822010","703.583","Kuwait"
"10125","SunPower","SPWR","69738176","0.334","United States"
"10126","Fidelity United insurance","FIDELITYUNITED.AE","69716776","0.44","United Arab Emirates"
"10127","Smart Good Things Holding","MLSGT.PA","69706554","3.24751","France"
"10128","INmune Bio","INMB","69662008","2.51","United States"
"10129","Marchex","MCHX","69610488","1.57","United States"
"10130","Airgain","AIRG","69336512","5.47","United States"
"10131","Spero Therapeutics","SPRO","69299448","1.19","United States"
"10132","Pricer AB","PRIC-B.ST","69232195","0.423686","Sweden"
"10133","GTPL Hathway","GTPL.NS","68895599","0.612607","India"
"10134","Bango","BGO.L","68862375","0.893703","United Kingdom"
"10135","Rekor Systems","REKR","68859536","0.5003","United States"
"10136","NOVONIX","NVX","68847136","2.76","Australia"
"10137","Salama Cooperative Insurance Company","8050.SR","68788276","2.29294","Saudi Arabia"
"10138","The9","NCTY","68729056","4.5","China"
"10139","Geospace Technologies","GEOS","68688048","5.31","United States"
"10140","MDxHealth","MDXH","68080304","0.7135","Belgium"
"10141","AgEagle Aerial Systems","UAVS","67938160","1.08","United States"
"10142","MHP Hotel AG","CDZ0.F","67908799","1.46529","Germany"
"10143","Kamux","KAMUX.HE","67821226","1.7723","Finland"
"10144","Pelagic Credit Plc","PLGC.OL","67819734","1.83297","Cyprus"
"10145","Forian","FORA","67792720","2.17","United States"
"10146","Llorente &amp; Cuenca","LLYC.MC","67679786","5.81463","Spain"
"10147","SolarBank","SUUN","67617776","1.44","Canada"
"10148","Artifex Mundi","ART.WA","67606120","5.62381","Poland"
"10149","Pyxis Tankers","PXS","67578680","6.6","Greece"
"10150","DocCheck","AJ91.DE","67265380","13.2574","Germany"
"10151","American Vanguard","AVD","67261440","2.28","United States"
"10152","Saudi Enaya Cooperative Insurance Company","8311.SR","67254321","2.9241","Saudi Arabia"
"10153","INVL Technology UTIB","INC1L.VS","67142566","5.6053","Lithuania"
"10154","Gold Hydrogen Limited","GHY.AX","67110019","0.371895","Australia"
"10155","Gentian Diagnostics ASA","GENT.OL","67065397","4.33838","Norway"
"10156","G8 Education","GEM.AX","66859517","0.0866551","Australia"
"10157","ARN Media","A1N.AX","66688229","0.213027","Australia"
"10158","EML Payments","EML.AX","66656131","0.171144","Australia"
"10159","Hour Loop","HOUR","66527660","1.89","United States"
"10160","OSOS Holding Group Company K.P.S.C.","OSOS.KW","66477558","608.769","Kuwait"
"10161","XBiotech","XBIT","66463256","2.18","United States"
"10162","Heron Therapeutics","HRTX","66448304","0.35","United States"
"10163","Trophy Games","TGAMES.CO","66341866","2.34113","Denmark"
"10164","Wittchen","WTN.WA","66319923","3.59007","Poland"
"10165","Wakamoto Pharmaceutical","4512.T","66298797","1.91031","Japan"
"10166","Gentili Mosconi","GM.MI","66286778","3.48878","Italy"
"10167","TTEC","TTEC","66056560","1.34","United States"
"10168","WASGAU Produktions &amp; Handels AG","MSH.F","66007680","10.0012","Germany"
"10169","Solutions 30","S30.PA","65992399","0.616351","Luxembourg"
"10170","Gabriel Holding A/S","GABR.CO","65986489","36.0892","Denmark"
"10171","Imagineer","4644.T","65825175","6.82902","Japan"
"10172","Coheris SA","COH.PA","65722307","11.5595","France"
"10173","Freightos","CRGO","65638040","1.27","Israel"
"10174","Where Food Comes From","WFCF","65557264","13.165","United States"
"10175","Apollo Minerals Limited","AON.AX","65508806","0.0519931","Australia"
"10176","Great Elm Group","GEG","65413712","2.2","United States"
"10177","Sino-Entertainment Technology","6933.HK","65232519","0.152411","China"
"10178","Outset Medical","OM","65226160","3.47","United States"
"10179","Kuwait and Gulf Link Transport Company","KGL.KW","65160949","234.91","Kuwait"
"10180","Boundless Bio","BOLD","65059232","2.86","United States"
"10181","Identiv","INVE","64951816","2.68","United States"
"10182","Gambling.com Group","GAMB","64852964","1.84","Jersey"
"10183","Shimao Property","0813.HK","64840770","0.00624951","Hong Kong"
"10184","Allied Cooperative Insurance Group","8150.SR","64787211","2.22636","Saudi Arabia"
"10185","hVIVO","HVO.L","64785208","0.0941097","United Kingdom"
"10186","Al-Omran Industrial Trading Company","4141.SR","64777628","5.39814","Saudi Arabia"
"10187","STV Group plc","STVG.L","64774830","1.41503","United Kingdom"
"10188","Genasys","GNSS","64669648","1.42","United States"
"10189","Talenom","TNOM.HE","64446378","1.41179","Finland"
"10190","AMCON Distributing Company","DIT","64420160","66","United States"
"10191","Catana Group","ALCAT.PA","64328336","2.25608","France"
"10192","Off the Hook YS Inc","OTH","64247460","2.57","United States"
"10193","Azure Power","AZREF","64166360","1","India"
"10194","Marks Electrical Group","MRK.L","64094045","0.616114","United Kingdom"
"10195","Yatra","YTRA","63990176","1","India"
"10196","Fermentalg","ALGAE.PA","63942566","0.533783","France"
"10197","5E Advanced Materials","FEAM","63933444","1.54","United States"
"10198","Altisource Portfolio Solutions","ASPS","63838952","5.59","Luxembourg"
"10199","WM Technology","MAPS","63740796","0.366","United States"
"10200","BranchOut Food","BOF","63738048","3.92","United States"
"10201","Hindustan Media Ventures","HMVL.NS","63703422","0.864695","India"
"10202","Mobilicom","MOB","63566208","4.94","Australia"
"10203","Serina Therapeutics","SER","63501180","2.5","United States"
"10204","Pelican Aqua Holding","PLCAN.OL","63499574","1.50759","Cyprus"
"10205","MindWalk Holdings","HYFT","63432852","1.35","United States"
"10206","Idaho Copper Corporation","COPR","63399192","3.58","United States"
"10207","Wakou Shokuhin","2813.T","63388971","25.4058","Japan"
"10208","Alfajar Al Alamia Co. SAOG","AFAI.OM","63296478","1.28312","Oman"
"10209","Nightingale Health","HEALTH.HE","63175830","1.04663","Finland"
"10210","LumenRadio","LUMEN.ST","63155268","5.01954","Sweden"
"10211","iHuman","IH","63124388","1.235","China"
"10212","Musandam Power","MSPW.OM","63076755","0.896104","Oman"
"10213","Nordisk Bergteknik AB","NORB-B.ST","63016516","1.10096","Sweden"
"10214","Jaypee Group","JPASSOCIAT.NS","62935016","0.0256397","India"
"10215","Travelzoo","TZOO","62846396","6.16","United States"
"10216","Shengfeng Development","SFWL","62835604","11.425","China"
"10217","W5 Solutions AB","W5.ST","62760377","3.5742","Sweden"
"10218","Mercor","MCR.WA","62519376","4.08637","Poland"
"10219","FreeCast, Inc.","CAST","62331192","1.31","United States"
"10220","Chinese Gamer International","3083.TWO","62314944","0.720521","Taiwan"
"10221","GEN Restaurant Group","GENK","62303128","1.89","United States"
"10222","Zentek","ZTEK","62296812","0.492","Canada"
"10223","LightInTheBox Holding","LITB","62138736","3.15","Singapore"
"10224","Sharjah Insurance","SICO.AE","62081359","0.41","United Arab Emirates"
"10225","3P Learning","3PL.AX","62077957","0.22747","Australia"
"10226","The Children's Place","PLCE","62041420","2.79","United States"
"10227","Solidion Technology","STI","61972976","7.28","United States"
"10228","Kandi Technologies Group","KNDI","61966324","0.6171","China"
"10229","AEye","LIDR","61829456","1.33","United States"
"10230","Talphera","TLPH","61767900","1.19","United States"
"10231","Thimar Development Holding Company","4160.SR","61624495","9.48069","Saudi Arabia"
"10232","SAF Tehnika A/S","SAF1R.RG","61584060","20.7341","Latvia"
"10233","Hain Celestial","HAIN","61462620","0.681","United States"
"10234","Bilendi SA","ALBLD.PA","61410760","13.2574","France"
"10235","N.B.I. Industrial Finance","NBIFIN.NS","61398348","20.7788","India"
"10236","Rapid Micro Biosystems","RPID","61194660","1.22","United States"
"10237","Odysight.ai","ODYS","61009064","3.63","Israel"
"10238","GreenMobility A/S","GREENM.CO","60935251","10.4223","Denmark"
"10239","374Water","SCWO","60684696","3.425","United States"
"10240","Caspian Sunrise","CASP.L","60622630","0.0257278","United Kingdom"
"10241","Intchains Group","ICG","60572764","0.9899","China"
"10242","Energous","WATT","60521428","10.95","United States"
"10243","Solitario Resources","XPL","60493904","0.6389","United States"
"10244","Exasol AG","EXL.DE","60285503","2.26771","Germany"
"10245","SYLA Technologies","SYT","60158036","2.26","Japan"
"10246","Aram Group","ARAM.AE","60149485","0.76","United Arab Emirates"
"10247","Universal Electronics","UEIC","60044388","4.66","United States"
"10248","Garo Aktiebolag","GARO.ST","60004845","1.2001","Sweden"
"10249","Cyberoo","CYB.MI","59858547","1.46529","Italy"
"10250","Naked Wines","WINE.L","59814029","0.904536","United Kingdom"
"10251","Skillsoft","SKIL","59813420","6.67","United States"
"10252","Castellum","CTM","59740644","0.6303","United States"
"10253","MacroWell OMG Digital Entertainment","3687.TWO","59664862","1.98064","Taiwan"
"10254","Postmedia Network Canada","PNC-A.TO","59639475","0.602156","Canada"
"10255","VITA 34","V3V.DE","59599242","3.419","Germany"
"10256","WeShop Holdings","WSHP","59523036","5.08","British Virgin Islands"
"10257","Metal and Recycling Company K.S.C.","MRC.KW","59510587","660.579","Kuwait"
"10258","tinyBuild","8Z3.F","59456476","0.15118","United States"
"10259","Ascot Resources","AOT.TO","59394492","0.0399384","Canada"
"10260","Linz Textil","LTH.VI","59309222","197.697","Austria"
"10261","iLearningEngines","AILE","59292656","0.42","United States"
"10262","Verde Clean Fuels","VGAS","59251000","1.33","United States"
"10263","Ebusco Holding","EBUS.AS","59152557","0.257007","Netherlands"
"10264","RAPCO Investment","RAPCO.AE","59003732","0.62","United Arab Emirates"
"10265","Corero Network Security","CNS.L","58949265","0.115098","United Kingdom"
"10266","Playstudios","MYPS","58907524","0.4904","United States"
"10267","Oman National Engineering and Investment Co. (SAOG)","ONES.OM","58831170","0.392208","Oman"
"10268","Global Self Storage","SELF","58820316","5.15","United States"
"10269","Branicks Group","BRNK.DE","58697021","0.702407","Germany"
"10270","TechPrecision","TPCS","58671580","5.79","United States"
"10271","Thinkific Labs","THNC.TO","58668126","0.870587","Canada"
"10272","Agile Content","AGIL.MC","58650411","2.55844","Spain"
"10273","eXoZymes","EXOZ","58565376","6.31","United States"
"10274","MiNK Therapeutics","INKT","58429372","11.45","United States"
"10275","Vivid Seats","SEAT","58341804","5.19","United States"
"10276","Nordwest Handel","NWX.F","58143970","18.1416","Germany"
"10277","System1 Group","SYS1.L","57732274","4.54976","United Kingdom"
"10278","Cabka","7GW.F","57700612","2.32585","Germany"
"10279","Fire Rock","1909.HK","57603497","0.237226","China"
"10280","Ithmaar Holding","ITHMR.BH","57584344","0.25","Bahrain"
"10281","ImageneBio","IMA","57439360","5.05","United States"
"10282","Devolver Digital","DEVO.L","57363564","0.113406","United States"
"10283","Ferrum S.A. de Cerámica y Metalurgia","FERR.BA","57273998","0.0124049","Argentina"
"10284","Pekabex","PBX.WA","57254095","2.30617","Poland"
"10285","BG Staffing","BGSF","57233988","5.34","United States"
"10286","Amoéba S.A.","ALMIB.PA","56987822","0.732643","France"
"10287","Cimbeton","CMBTN.IS","56940072","32.1695","Turkey"
"10288","Watkin Jones Plc","WJG.L","56916961","0.22153","United Kingdom"
"10289","Gulf Mushroom Products Company SAOG","GMPI.OM","56880349","1.12987","Oman"
"10290","Greenland Energy Company","GLND","56849248","1.3","United States"
"10291","Vroom","VRM","56531044","10.8","United States"
"10292","Columbus Energy","CLC.WA","56485122","0.821319","Poland"
"10293","Cettire Limited","CTT.AX","56436911","0.148036","Australia"
"10294","Tuniu Corporation","TOUR","56382900","5.19","China"
"10295","Saga Communications","SGA","56268196","8.85","United States"
"10296","Gamesparcs","6542.TWO","56220474","1.37121","Taiwan"
"10297","VEEM Ltd","VEE.AX","56164912","0.382727","Australia"
"10298","Seres Therapeutics","MCRB","55848980","5.56","United States"
"10299","Leifras","LFS","55722124","2.13","Japan"
"10300","Aurelion Inc.","AURE","55648000","1.48","Hong Kong"
"10301","Hyperion DeFi","HYPD","55631172","3.58","United States"
"10302","Sequana Medical","SEQUA.BR","55544961","0.710548","Belgium"
"10303","Bever Holding","BEVER.AS","55542659","3.25619","Netherlands"
"10304","audius SE","3ITN.DE","55507631","11.2804","Germany"
"10305","Annovis Bio","ANVS","55387996","1.3","United States"
"10306","Intellicheck","IDN","55328212","2.73","United States"
"10307","OT Logistics","OTS.WA","55116319","4.20774","Poland"
"10308","FUJI UNITED HOLDINGS CO LTD","416A.T","55102550","8.34947","Japan"
"10309","Muscat Finance","MFCI.OM","55047005","0.179221","Oman"
"10310","CDON AB","CDON.ST","55040660","4.80039","Sweden"
"10311","Ultimate Products","ULTP.L","54905403","0.658091","United Kingdom"
"10312","Aptech","APTECHT.NS","54871665","0.946017","India"
"10313","Churchill China","CHH.L","54728563","4.9763","United Kingdom"
"10314","Future Kid Entertainment and Real Estate Company","FUTUREKID.KW","54640281","459.815","Kuwait"
"10315","Kestrel Group","KG","54611728","6.98","Bermuda"
"10316","Poujoulat","ALPJT.PA","54578291","6.97756","France"
"10317","Elite Express","ETS","54562672","1.12","United States"
"10318","Allied Esports","AESE","54324936","1.3899","United States"
"10319","Stem, Inc","STEM","54294836","5.64","United States"
"10320","TransAct Technologies","TACT","54100224","5.24","United States"
"10321","Dr. Hönle AG","HNL.DE","53999070","8.90801","Germany"
"10322","Gogoro","GGR","53997932","2.69","Taiwan"
"10323","Immutep","IMMP","53761352","0.3648","Australia"
"10324","ORBIS AG","OBS.DE","53740491","5.67508","Germany"
"10325","Viscom SE","V6C.DE","53729866","6.04721","Germany"
"10326","Poulaillon","ALPOU.PA","53432539","10.4542","France"
"10327","Aiming Inc","3911.T","53369051","1.14358","Japan"
"10328","The Arena Group","AREN","53323932","1.12","United States"
"10329","Xtant Medical","XTNT","53323460","0.3801","United States"
"10330","Nano Labs","NA","53160264","2.29","China"
"10331","Myomo","MYO","53074528","1.34","United States"
"10332","Instil Bio","TIL","53035060","7.82","United States"
"10333","Unikai Foods","UNIKAI.AE","52985194","1.36416","United Arab Emirates"
"10334","NaaS Technology","NAAS","52871620","3.1","China"
"10335","Prairie Operating","PROP","52778188","0.4679","United States"
"10336","Gold Road International p.l.c.","GOLDR.OL","52599177","0.917568","Malta"
"10337","BBX Capital Corporation","BBXIA","52539716","3.8","United States"
"10338","Itera ASA","ITERA.OL","52481864","0.646419","Norway"
"10339","Luna Innovations","LUNA","52045528","1.5","United States"
"10340","Sensus Healthcare","SRTS","52020108","3.16","United States"
"10341","Bahrain Ship Repairing and Engineering Company","BASREC.BH","51994694","0.0503979","Bahrain"
"10342","BLG Logistics","BLH.F","51801372","13.4899","Germany"
"10343","Reading International","RDI","51502788","2.25","United States"
"10344","Greenidge Generation Holdings","GREE","51500392","2.84","United States"
"10345","The ONE Group Hospitality","STKS","51329488","1.62","United States"
"10346","Bayan Investment Holding Company","BAYANINV.KW","51282415","236.384","Kuwait"
"10347","SCYNEXIS","SCYX","51240488","5.15","United States"
"10348","Abundia Global Impact Group","AGIG","51214368","1.16","United States"
"10349","RYTHM, Inc.","RYM","51213720","23.83","United States"
"10350","IZEA Worldwide","IZEA","51203880","2.94","United States"
"10351","Meds Apotek AB","MEDS.ST","51166445","2.75501","Sweden"
"10352","MicroVision","MVIS","51083380","1.67","United States"
"10353","Teads","TEAD","51052724","0.5206","United States"
"10354","Regal Hotels International","0078.HK","51012035","0.0567557","Hong Kong"
"10355","Sylogist","SYZ.TO","50906667","2.17647","Canada"
"10356","SHW AG","SW10.HM","50896877","7.9079","Germany"
"10357","MarketWise","MKTW","50743560","18.17","United States"
"10358","Cato Fashion","CATO","50576348","2.54","United States"
"10359","cyan AG","CYR.DE","50420296","2.32585","Germany"
"10360","Senzime AB","SEZI.ST","50367563","0.320374","Sweden"
"10361","SunCar Technology Group","SDA","50270212","0.4928","China"
"10362","Kuwait Hotels Company K.S.C.P.","KHOT.KW","50253084","809.533","Kuwait"
"10363","Schwälbchen Molkerei","SMB.F","50005815","50.0058","Germany"
"10364","Sportsman's Warehouse","SPWH","49905364","1.275","United States"
"10365","Fernheizwerk Neukölln","FHW.F","49749971","21.6304","Germany"
"10366","Swiss Steel","STLN.SW","49532747","1.60943","Switzerland"
"10367","Vantiva","VANTI.PA","49491234","0.100942","France"
"10368","Dish TV","DISHTV.NS","49329074","0.026791","India"
"10369","3i Infotech","3IINFOLTD.NS","48827653","0.235423","India"
"10370","VIDA Global Inc.","VIDA","48822776","2.44","United States"
"10371","Precipio","PRPO","48782624","27.25","United States"
"10372","Phnom Penh SEZ","PPSP.KH","48775389","0.34","Cambodia"
"10373","Navigo Invest","NAVIGO-STAM.ST","48740584","0.329766","Sweden"
"10374","Planet13","PLTH.CN","48654141","0.145098","United States"
"10375","Nippon Ichi Software","3851.T","48596125","9.60351","Japan"
"10376","LiveOne","LVO","48539732","3.54","United States"
"10377","HWA AG","H9W.DE","48441717","3.37249","Germany"
"10378","Doxa AB","DOXA.ST","48432541","0.0368899","Sweden"
"10379","Granite Point Mortgage Trust","GPMT","48398820","1.01","United States"
"10380","Qatar Electronic Systems","TQES.QA","48308930","0.571703","Qatar"
"10381","G5 Entertainment","G5EN.ST","48305360","6.50139","Sweden"
"10382","Hopscotch Global PR Group","ALHOP.PA","48216388","15.8158","France"
"10383","Hinduja Ventures","NXTDIGITAL.NS","48138727","1.43","India"
"10384","İşbir Holding","ISBIR.IS","48117428","1.4857","Turkey"
"10385","Mobile Factory","3912.T","48059687","7.40081","Japan"
"10386","Dhofar Generating Company","DGEN.OM","47911482","0.215584","Oman"
"10387","Gulf Franchising Holding Company","GFC.KW","47901336","1198.11","Kuwait"
"10388","Genenta Science","GNTA","47787728","0.9911","Italy"
"10389","Elauwit Connection","ELWT","47738660","7.2115","United States"
"10390","Laser Photonics","LASE","47717008","0.9511","United States"
"10391","Wethaq Takaful Insurance Company K.S.C.P.","WETHAQ.KW","47645239","433.91","Kuwait"
"10392","Werewolf Therapeutics","HOWL","47627084","0.98","United States"
"10393","Hvidbjerg Bank","HVID.CO","47507506","28.2758","Denmark"
"10394","GenFlat Holdings","GFLT","47309892","3.61","United States"
"10395","Pestech Cambodia","PEPC.KH","47222634","0.63","Cambodia"
"10396","freelancer.com","FLN.AX","47214513","0.104708","Australia"
"10397","Estoril Sol","ESON.LS","47175030","3.95395","Portugal"
"10398","aTyr Pharma","ATYR","47160432","0.4808","United States"
"10399","GBK Beteiligungen AG","GBQ.HM","47098500","6.97756","Germany"
"10400","Indonesia Energy","INDO","47083728","3.06","Indonesia"
"10401","Manhattan Bridge Capital","LOAN","47073096","4.12","United States"
"10402","Comtech Telecommunications","CMTL","47039448","1.57","United States"
"10403","Mr.Bricolage","ALMRB.PA","47018235","4.36097","France"
"10404","Odyssey Marine Exploration","OMEX","46970716","0.8003","United States"
"10405","Hutter &amp; Schrantz Stahlbau AG","HST.VI","46957265","31.399","Austria"
"10406","Toro Energy","TOE.AX","46891846","0.38985","Australia"
"10407","Equipment Holding Company K.S.C.P.","EQUIPMENT.KW","46888154","586.102","Kuwait"
"10408","Nutun Limited","NTU.JO","46844300","0.0600068","South Africa"
"10409","Diginex","DGNX","46608208","1.6","Hong Kong"
"10410","Synthaverse","SVE.WA","46536138","0.807833","Poland"
"10411","AS Silvano Fashion Group","SFG1T.TL","46470520","1.29085","Estonia"
"10412","Heritage Global","HGBL","46416856","1.34","United States"
"10413","People Can Fly","PCF.WA","46243197","1.00339","Poland"
"10414","Celebrus Technologies","CLBS.L","46019521","1.23223","United Kingdom"
"10415","Shoe Zone","SHOE.L","45803916","0.995261","United Kingdom"
"10416","Grove Collaborative","GROV","45690124","1.07","United States"
"10417","iFOREX","IFRX.L","45517974","2.03114","Guernsey"
"10418","Tessellis","TSL.MI","45370592","0.104082","Italy"
"10419","Pattern S.p.A.","PTR.MI","45187399","3.02361","Italy"
"10420","AS Ekspress Grupp","EEG1T.TL","45179872","1.45947","Estonia"
"10421","SGT German Private Equity","GAI.DE","45152941","0.975188","Germany"
"10422","Gigas Hosting","GIGA.MC","45100789","3.60507","Spain"
"10423","Gurunavi, Inc.","2440.T","45054768","0.79921","Japan"
"10424","Mirza International","MIRZAINT.NS","44795213","0.324129","India"
"10425","Grace Therapeutics","GRCE","44596168","2.12","United States"
"10426","Celularity","CELU","44576776","1.54","United States"
"10427","FRIWO","CEA.DE","44568141","5.20991","Germany"
"10428","Sachem Capital","SACH","44458740","0.9271","United States"
"10429","Touax SCA","TOUP.PA","44392265","6.36395","France"
"10430","Palms Agro Production Company","PAPCO.KW","44384235","848.391","Kuwait"
"10431","Laird Superfood","LSF","44099964","3.94","United States"
"10432","Pulsar Group","PULS.L","44065584","0.324983","United Kingdom"
"10433","Clasquin SA","ALCLA.PA","44008755","0.77102","France"
"10434","Veru","VERU","43989824","2.58","United States"
"10435","Vilniaus Baldai AB","VBL1L.VS","43838572","11.2804","Lithuania"
"10436","Bahrain Cinema Company","CINECO.BH","43832068","2.62599","Bahrain"
"10437","Metagenomi","MGX","43821440","1.16","United States"
"10438","Paref SA","PAR.PA","43702189","28.8406","France"
"10439","Ocean Power Technologies","OPTT","43654432","0.1616","United States"
"10440","Fujairah Cement Industries","FCI.AE","43600260","0.12","United Arab Emirates"
"10441","Orapi SA","ORAP.PA","43596174","6.69206","France"
"10442","System1","SST","43544608","5","United States"
"10443","Culp, Inc.","CULP","43502136","3.42","United States"
"10444","Mister Spex","MRX.F","43285103","1.26177","Germany"
"10445","TH International (Tims China)","THCH","43249312","1.35","China"
"10446","DEMIRE Deutsche Mittelstand Real Estate","DMRE.DE","43191571","0.40935","Germany"
"10447","Nass Corporation B.S.C.","NASS.BH","43183023","0.541114","Bahrain"
"10448","Sequans Communications","SQNS","43052212","2.87","France"
"10449","the Marygold Companies","MGLD","42909860","0.99","United States"
"10450","FORTEC Elektronik AG","FEV.DE","42903184","13.1992","Germany"
"10451","AS Pro Kapital Grupp","PKG1T.TL","42850527","0.755902","Estonia"
"10452","Qatar Cinema and Film Distribution Company","QCFS.QA","42792232","0.681319","Qatar"
"10453","Kayak Inc","3904.T","42650751","2.768","Japan"
"10454","PlaySide Studios","PLY.AX","42604349","0.0938764","Australia"
"10455","Fractal Gaming Group","FRACTL.ST","42495973","1.45681","Sweden"
"10456","DATRON AG","DAR.DE","42431501","10.7571","Germany"
"10457","Franklin Street Properties","FSP","42280764","0.4065","United States"
"10458","Pixelworks","PXLW","42224764","6.98","United States"
"10459","MS Industrie","MSAG.DE","42176732","1.41877","Germany"
"10460","AXIL Brands","AXIL","42164168","6.18","United States"
"10461","Ekso Bionics","EKSO","42047896","11.8","United States"
"10462","Qatari German Company for Medical Devices","QGMD.QA","41948078","0.363187","Qatar"
"10463","Phunware","PHUN","41743860","2.04","United States"
"10464","Brera Holdings","SLMT","41725224","3.79","Ireland"
"10465","Massimo Motor","MAMO","41640952","1","United States"
"10466","3U Holding","UUU.DE","41529871","1.12804","Germany"
"10467","The Beachbody Company","BODI","41522992","5.7","United States"
"10468","Botanix Pharmaceuticals","BOT.AX","41499762","0.0151646","Australia"
"10469","Balco Group","BALCO.ST","41442312","1.80015","Sweden"
"10470","Hydrogène de France","HDF.PA","41397470","2.8608","France"
"10471","Aiforia Technologies Oyj","AIFORIA.HE","41303956","1.10478","Finland"
"10472","First Breach Inc.","FBDT","41274388","0.74","United States"
"10473","Kuwait Real Estate Holding Company","ALAQARIA.KW","41180842","218.898","Kuwait"
"10474","SunScout Holding","SNSC","41148000","1.08","New Zealand"
"10475","Rave Restaurant Group","RAVE","41071432","2.89","United States"
"10476","INMA Holding Company","IHGS.QA","41060961","0.725","Qatar"
"10477","ATA Creativity Global","AACG","41047840","0.95","China"
"10478","Xos, Inc.","XOS","40947416","2.88","United States"
"10479","Orient Paper Mills","ORIENTPPR.NS","40934025","0.192916","India"
"10480","Mentice AB","MNTC.ST","40797838","1.45055","Sweden"
"10481","Mereo BioPharma Group","MREO","40657320","0.2546","United Kingdom"
"10482","Sharqiyah Desalination Company SAOG","SHRQ.OM","40645055","0.415584","Oman"
"10483","Sýn hf.","SYN.IC","40641931","0.164111","Iceland"
"10484","edding AG","EDD3.F","40508362","37.7447","Germany"
"10485","Optomed","OPTOMED.HE","40455481","1.88394","Finland"
"10486","Bragg Gaming Group","BRAG","40382424","1.3","Canada"
"10487","Takaful Oman Insurance SAOG","TAOI.OM","40259741","0.161039","Oman"
"10488","Stock3 AG","BOG.DE","40116293","35.8181","Germany"
"10489","Enapter AG","H2O.DE","40058746","1.2327","Germany"
"10490","Kartoon Studios","TOON","39829288","0.6403","United States"
"10491","Adval Tech","ADVN.SW","39688620","54.368","Switzerland"
"10492","Acanthe Développement","ACAN.PA","39612867","0.239563","France"
"10493","Dierig Holding AG","DIE.DE","39604294","9.65229","Germany"
"10494","Wolford","WOL.VI","39533323","2.67473","Austria"
"10495","SHL Telemedicine","SHLT","39255860","2.05","Israel"
"10496","Gaia","GAIA","39155720","1.54","United States"
"10497","Milestone Scientific","MLSS","39045240","0.44","United States"
"10498","Karyopharm Therapeutics","KPTI","39012112","1.72","United States"
"10499","InspireMD","NSPR","38881020","0.8301","Israel"
"10500","Müller - Die lila Logistik","MLL.DE","38673141","4.86103","Germany"
"10501","Delticom AG","DEX.DE","38635013","2.60495","Germany"
"10502","Berentzen-Gruppe","BEZ.DE","38627748","4.02372","Germany"
"10503","geechs","7060.T","38617517","3.80112","Japan"
"10504","Actinium Pharmaceuticals","ATNM","38591244","1.23","United States"
"10505","Filana Therapeutics","FLNA","38511056","0.7972","United States"
"10506","DocGo","DCGO","38384208","0.388","United States"
"10507","MoneyHero","MNY","38351980","0.87","Singapore"
"10508","The National Investor PRJSC","TNI.AE","38263404","0.16","United Arab Emirates"
"10509","CervoMed","CRVO","38251312","2.53","United States"
"10510","LivePerson","LPSN","38245620","3.1","United States"
"10511","Plutus Financial Group","PLUT","38221500","2.49","United States"
"10512","PetMed Express","PETS","38154888","1.76","United States"
"10513","The Energy House Holding Company","ENERGYH.KW","38019648","838.676","Kuwait"
"10514","Dye &amp; Durham","DND.TO","38017268","0.565882","Canada"
"10515","Insurance House","IH.AE","37990183","0.33","United Arab Emirates"
"10516","Shankara Building","SHANKARA.NS","37941364","1.56464","India"
"10517","Al Maha Ceramics","AMCI.OM","37857144","0.688312","Oman"
"10518","Qatar Oman Investment Company","QOIS.QA","37829669","0.210165","Qatar"
"10519","Scilex Holding","SCLX","37776536","5.37","United States"
"10520","PAVmed","PAVM","37740732","4.72","United States"
"10521","Canacol Energy","CNE.TO","37737619","1.10603","Canada"
"10522","Oman Chromite Company","OCCI.OM","37714287","10.3896","Oman"
"10523","Vivoryon Therapeutics","05Y.F","37711001","1.2734","Germany"
"10524","PAL Next AG","PAL.DE","37517781","1.09852","Germany"
"10525","Netgem","ALNTG.PA","37360819","1.11641","France"
"10526","Cliq Digital AG","CLIQ.DE","37331062","6.37283","Germany"
"10527","Nok Air","NOKPF","37291868","0.01","Thailand"
"10528","TELA Bio","TELA","37267136","0.8301","United States"
"10529","Silicon Studio","3907.T","37116472","13.5216","Japan"
"10530","Elutia","ELUT","36760060","0.83","United States"
"10531","United Cooperative Assurance Company","8190.SR","36750998","0.918775","Saudi Arabia"
"10532","Al Faleh Educational Holding","FALH.QA","36725271","0.153022","Qatar"
"10533","RATH Aktiengesellschaft","RAT.VI","36632167","24.4214","Austria"
"10534","5th Planet Games","5PG.OL","36598865","0.136117","Denmark"
"10535","Enzo Biochem","ENZB","36587800","0.69887","United States"
"10536","Majan University College","BACS.OM","36514287","0.368831","Oman"
"10537","Lument Finance Trust","LFT","36477860","0.695","United States"
"10538","HiPay Group","ALHYP.PA","36454788","5.79137","France"
"10539","Gala Incorporated","4777.T","36237054","1.29303","Japan"
"10540","Arabia Falcon Insurance Company (AFIC)","AFIC.OM","36222661","0.350649","Oman"
"10541","Harvard Bioscience","HBIO","36190824","7.95","United States"
"10542","Ekttitab Holding Company K.S.C","EKTTITAB.KW","36111154","113.335","Kuwait"
"10543","Axel Mark","3624.T","36072431","0.5523","Japan"
"10544","ABO Energy","AB9.DE","36029948","3.90743","Germany"
"10545","Muscat City Desalination Company","MCDE.OM","35958405","0.231169","Oman"
"10546","Forsee Power","FORSE.PA","35917580","0.307137","France"
"10547","Skycorp Solar Group","PN","35852280","2.43","China"
"10548","Eco Wave Power Global","WAVE","35815668","5.74","Israel"
"10549","U.S. Global Investors","GROW","35664768","2.9","United States"
"10550","Verimatrix","VMX.PA","35620333","0.408187","France"
"10551","Al Abraaj Restaurants Group","ABRAAJ.BH","35591994","0.530504","Bahrain"
"10552","genOway","ALGEN.PA","35443217","2.87243","France"
"10553","Mauna Kea Technologies","ALMKT.PA","35429994","0.181416","France"
"10554","Baird Medical Investment Holdings","BDMD","35179928","1.1","China"
"10555","DIRTT Environmental Solutions","DRTT","35057372","0.3343","Canada"
"10556","Westport Fuel Systems","WPRT","35047128","1.845","Canada"
"10557","NextNRG","NXXT","35023764","0.2082","United States"
"10558","Lavoro","LVRO","34951524","0.304","Brazil"
"10559","Destination XL","DXLG","34822048","0.63","United States"
"10560","Neo-Concept International Group","NCI","34665548","13.44","Hong Kong"
"10561","Context Therapeutics","CNTX","34574136","0.3763","United States"
"10562","Elbstein AG","EBS.HM","34538900","1.1513","Germany"
"10563","LianBio","LIAN","34472096","0.319","United States"
"10564","Halloren Schokoladenfabrik","H2RB.HM","34359163","5.81463","Germany"
"10565","Cryo-Cell International","CCEL","34346892","4.26","United States"
"10566","Asphere Innovations","AS.BK","34336506","0.0687766","Thailand"
"10567","Spruce Power","SPRU","34268892","1.78","United States"
"10568","Söktas Tekstil","SKTAS.IS","34253641","0.0685073","Turkey"
"10569","Southland Holdings","SLND","34136348","0.6271","United States"
"10570","SBF AG","CY1K.DE","33976453","3.50041","Germany"
"10571","Scienjoy Holding Corporation","SJ","33919260","0.7988","China"
"10572","Workhorse Group","WKHS","33878612","3.1","United States"
"10573","Steel &amp; Tube Holdings","STU.NZ","33878464","0.184491","New Zealand"
"10574","Dalqan Real Estate Company","DALQAN.KW","33875237","561.178","Kuwait"
"10575","Varengold Bank AG","VG8.DE","33822668","3.36779","Germany"
"10576","Knightscope","KSCP","33774248","1.43","United States"
"10577","MariMed","MRMD","33734504","0.0837","United States"
"10578","STS Group","SF3.DE","33678914","5.22154","Germany"
"10579","PyroGenesis Canada","PYR.TO","33669620","0.148742","Canada"
"10580","Koss","KOSS","33605856","3.55","United States"
"10581","VirTra","VTSI","33506088","2.96","United States"
"10582","Kyntra Bio","KYNB","33283800","8.22","United States"
"10583","Genius Group","GNS","33226112","0.1731","Singapore"
"10584","Century Casinos","CNTY","33202476","1.18","United States"
"10585","Jaguar Uranium","JAGU","33117792","1.64","Canada"
"10586","Gulf General Cooperative Insurance Company","8260.SR","33075896","1.10253","Saudi Arabia"
"10587","KLX Energy Services","KLXE","32935130","1.54","United States"
"10588","Lilium","LILM","32897334","0.052","Germany"
"10589","Youlife Group Inc.","YOUL","32827810","0.4052","China"
"10590","SW Umwelttechnik Stoiser &amp; Wolschner AG","SWUT.VI","32758181","45.1215","Austria"
"10591","The National Detergent Company SAOG","NDTI.OM","32727274","1.63636","Oman"
"10592","Ourgame International","6899.HK","32578877","0.0302272","China"
"10593","Lulu's Fashion Lounge","LVLU","32506240","11.32","United States"
"10594","Rockwell Medical","RMTI","32485550","8.06","United States"
"10595","Pioneer Power Solutions","PPSI","32409858","2.92","United States"
"10596","Aeria","3758.T","32242132","1.59842","Japan"
"10597","Sporting Clube de Braga","SCB.LS","32096756","26.7473","Portugal"
"10598","Tose Software","4728.T","32060739","4.22996","Japan"
"10599","Renalytix","RENX.L","31955328","0.0731212","United Kingdom"
"10600","Zoomd Technologies","ZOMD.V","31922679","0.315588","Canada"
"10601","BioLargo","BLGO","31854070","0.0969","United States"
"10602","Salem Media Group","SALM","31670764","1","United States"
"10603","Beasley Broadcast Group","BBGI","31607932","17.06","United States"
"10604","Beam Global","BEEM","31526252","1.42","United States"
"10605","Harte Hanks","HHS","31456892","4.22","United States"
"10606","Barka Desalination Company","BRDE.OM","31385767","0.415584","Oman"
"10607","Warimpex Finanz- und Beteiligungs AG","WXF.VI","31361151","0.602396","Austria"
"10608","Accuray","ARAY","31293096","0.262","United States"
"10609","Enviva","EVA","31273630","0.4198","United States"
"10610","INTERSHOP Communications","ISHA.DE","31194465","1.64554","Germany"
"10611","GenSight Biologics","SIGHT.PA","31194092","0.133039","France"
"10612","eHealth","EHTH","30969712","0.9757","United States"
"10613","Raydan Food","6012.SR","30734661","4.2024","Saudi Arabia"
"10614","Softing AG","SYT.DE","30727638","2.81428","Germany"
"10615","Innovatec","INC.MI","30676437","0.31806","Italy"
"10616","Sangamo Therapeutics","SGMO","30657374","0.074","United States"
"10617","Oman Chlorine","OCHL.OM","30646647","0.428571","Oman"
"10618","IT Link SA","ALITL.PA","30598630","18.0254","France"
"10619","Dhofar Tourism","DTCS.OM","30416416","2.14805","Oman"
"10620","NOMADAR","NOMA","30261388","1.98","United States"
"10621","Barinthus Biotherapeutics","BRNS","30232266","0.7401","United Kingdom"
"10622","SMJ International","SMJF","30198450","1.09","Singapore"
"10623","Artmarket.com","PRC.PA","30167357","4.53541","France"
"10624","IGC Pharma","IGC","29971024","0.2899","United States"
"10625","Graines Voltz","GRVO.PA","29953030","20.2349","France"
"10626","Latch","LTCH","29818118","0.18","United States"
"10627","Growens S.p.A.","GROW.MI","29799477","2.13397","Italy"
"10628","Duxton Farms","DBF.AX","29784007","0.278018","Australia"
"10629","Ascent Solar Technologies","ASTI","29645622","3.02","United States"
"10630","Quest Resource Holding","QRHC","29529998","1.4","United States"
"10631","ecotel communication","E4C.DE","29253585","8.25677","Germany"
"10632","Findi Limited","FND.AX","29237069","0.292461","Australia"
"10633","Hunyvers","ALHUN.PA","29178053","7.55902","France"
"10634","Hoftex Group AG","NBH.MU","29126736","5.34946","Germany"
"10635","Tubos Reunidos","TRG.MC","29111985","0.167229","Spain"
"10636","Delignit AG","DLX.DE","29063142","2.83754","Germany"
"10637","Cel-Sci","CVM","29021830","1.65","United States"
"10638","Crown Crafts","CRWS","28945172","2.69","United States"
"10639","Ikegami Tsushinki","6771.T","28829502","4.30144","Japan"
"10640","Borealis Foods","BRLS","28760834","1.34","Canada"
"10641","Old Market Capital Corporation","OMCC","28633654","4.2","United States"
"10642","CAVE Interactive","3760.T","28548577","4.62632","Japan"
"10643","Al Jazeira Services Co. SAOG","AJSS.OM","28376527","0.662338","Oman"
"10644","Katapult Holdings","KPLT","28342708","5.7","United States"
"10645","illumin","ILLM.TO","28175155","0.536862","Canada"
"10646","111, Inc.","YI","28150286","3.2","China"
"10647","Farmer Brothers","FARM","28089448","1.28","United States"
"10648","Spencer's Retail","SPENCERS.NS","27959481","0.310206","India"
"10649","FingerTango","6860.HK","27888360","0.0145397","China"
"10650","Hydrogen-Refueling-Solutions","ALHRS.PA","27811146","1.39784","France"
"10651","Optimi Health Corp.","OPTH","27713198","4.84","Canada"
"10652","NanoViricides","NNVC","27569542","1.08","United States"
"10653","Nordic Mining ASA","NOM.OL","27335334","0.218546","Norway"
"10654","Wedia SA","ALWED.PA","27123623","31.7526","France"
"10655","Bioceres Crop Solutions","BIOX","26930306","0.422","Argentina"
"10656","CROOZ","2138.T","26794243","2.80048","Japan"
"10657","GEE Group","JOB","26643642","0.2425","United States"
"10658","bet-at-home.com","ACX.DE","26606210","3.79114","Germany"
"10659","Zoom Telephonics","MINM","26534076","3.61","United States"
"10660","Live Ventures","LIVE","26385526","8.59","United States"
"10661","Conduril - Engenharia","CDU.LS","26375030","14.6529","Portugal"
"10662","Methaq Takaful Insurance Compnay","METHAQ.AE","26348039","0.18","United Arab Emirates"
"10663","Edia","3935.T","26286170","4.63932","Japan"
"10664","AB INVL Baltic Farmland","INL1L.VS","26281626","8.14048","Lithuania"
"10665","PermRock Royalty Trust","PRT","26156324","2.15","United States"
"10666","Hoth Therapeutics","HOTH","26013596","1.36","United States"
"10667","Local Bounti","LOCL","25951934","1.11","United States"
"10668","Reliance Communications","RCOM.NS","25950815","0.00938739","India"
"10669","Nebelhornbahn-Aktiengesellschaft","NHB0.MU","25942552","19.1883","Germany"
"10670","LakeShore Biopharma","LSB","25840356","0.627","China"
"10671","Auga Group AB","AUG1L.VS","25830118","0.110478","Lithuania"
"10672","Mercer International","MERC","25600888","0.382","Canada"
"10673","BeyondSpring","BYSI","25502512","0.6202","United States"
"10674","National Gas Company SAOG","NGCI.OM","25168832","0.296104","Oman"
"10675","Atossa Therapeutics","ATOS","25097936","2.515","United States"
"10676","HeartBeam","BEAT","25092288","0.4453","United States"
"10677","Schlatter Industries AG","STRN.SW","24979713","22.6121","Switzerland"
"10678","COSOL Limited","COS.AX","24969579","0.137204","Australia"
"10679","Nectar Lifesciences","NECLIFE.NS","24895271","0.128154","India"
"10680","TherapeuticsMD","TXMD","24769136","2.14","United States"
"10681","Zenvia","ZENV","24648802","0.4689","Brazil"
"10682","BeLive Holdings","BLIV","24445804","2.25","Singapore"
"10683","Arco Vara AS","ARC1T.TL","24338742","1.40133","Estonia"
"10684","Pineapple Financial","PAPL","24283092","0.9609","Canada"
"10685","U10 Corp","ALU10.PA","24225043","1.41877","France"
"10686","SPI Energy","SPI","24207974","0.766","United States"
"10687","ParaZero Technologies","PRZO","24131948","0.8275","Israel"
"10688","Al Sharqiya Investment Holdings Company","SIHC.OM","24077923","0.267532","Oman"
"10689","Bahrain Flour Mills Company","BFM.BH","24042077","0.32626","Bahrain"
"10690","Orion Digital Corp.","ORIO","23826396","1.01","Canada"
"10691","Zeo Energy","ZEO","23712932","0.2604","United States"
"10692","Jasper Therapeutics","JSPR","23604972","0.7094","United States"
"10693","Imugene","IMU.AX","23535053","0.0447718","Australia"
"10694","Lantern Pharma","LTRN","23522830","1.84","United States"
"10695","Aytu BioScience","AYTU","23505726","2.19","United States"
"10696","Wolftank-Adisa Holding","WOLF.VI","23463098","4.44238","Austria"
"10697","YanGuFang International Group","YGF","23462400","0.7332","China"
"10698","q.beyond","QBY.DE","23433715","0.940513","Germany"
"10699","PopReach","INIK.V","23427522","0.0399019","Canada"
"10700","Snail Inc","SNAL","23374666","2.61","China"
"10701","TScan Therapeutics","TCRX","23370288","0.3448","United States"
"10702","United Gulf Investment Corporation","UGIC.BH","23342175","0.96817","Bahrain"
"10703","Oman &amp; Emirates Investment Holding Co.","OEIHC.AE","23274014","0.18","Oman"
"10704","Proximar Seafood","PROXI.OL","23273530","0.0444684","Norway"
"10705","MAG Interactive","MAGI.ST","23265640","0.876592","Sweden"
"10706","Biofrontera","BFRI","23169680","1.56","United States"
"10707","Milkfood Limited","MLKFOOD.BO","22945526","0.896443","India"
"10708","pferdewetten.de AG","EMH.F","22874006","2.4654","Germany"
"10709","Zee Learn","ZEELEARN.NS","22849380","0.0697199","India"
"10710","Cocrystal Pharma","COCP","22730574","1.18","United States"
"10711","Radio City","RADIOCITY.NS","22642740","0.064446","India"
"10712","Appirits","4174.T","22638367","5.59447","Japan"
"10713","Hepsor AS","HPR1T.TL","22613367","5.77974","Estonia"
"10714","Prodways Group","ALPWG.PA","22604910","0.697756","France"
"10715","Palatin Technologies","PTN","22561208","12.68","United States"
"10716","Femasys","FEMY","22445072","2.68","United States"
"10717","Fun Yours Technology","6482.TWO","22267716","0.777654","Taiwan"
"10718","Motorsport Gaming","MSGM","22026250","4.8","United States"
"10719","Cardlytics","CDLX","22023798","3.74","United States"
"10720","Allbirds","BIRD","22015128","2.5","United States"
"10721","DAVIDsTEA","DTEAF","22007520","0.72","Canada"
"10722","Loop Industries","LOOP","21921146","0.4531","Canada"
"10723","Urban One","UONE","21828780","4.73","United States"
"10724","TENDA","4198.T","21649596","3.26182","Japan"
"10725","180 Life Sciences","ATNF","21620372","3.58","United States"
"10726","Yuke's","4334.T","21606707","2.56657","Japan"
"10727","America's Car-Mart","CRMT","21572098","2.49","United States"
"10728","Mobix Labs","MOBX","21558094","1.27","United States"
"10729","Performance Shipping","PSHG","21507634","1.73","Greece"
"10730","Muehlhan AG","M4N.HM","21502256","1.54669","Germany"
"10731","Sphere 3D","ANY","21326800","2.45","Canada"
"10732","iomart Group","IOM.L","21302558","0.187542","United Kingdom"
"10733","Perpetuals.com","PDC","21272046","3.14","Japan"
"10734","Exyn Technologies","EXYN","21237066","2.67","United States"
"10735","Ashford Hospitality Trust","AHT","21224882","3.17","United States"
"10736","Maternus-Kliniken","MAK.DE","21216304","1.01175","Germany"
"10737","Nordecon AS","NCN1T.TL","21174537","0.688452","Estonia"
"10738","A.S. Création Tapeten","ACWN.DE","21155851","7.67531","Germany"
"10739","Retractable Technologies","RVP","20956012","0.7","United States"
"10740","Pyramid AG","M3B.DE","20868640","0.904662","Germany"
"10741","WiMi Hologram Cloud","WIMI","20775110","1.13","China"
"10742","Perrot Duval","PEDU.SW","20772890","154.454","Switzerland"
"10743","Neuphoria Therapeutics","NEUP","20267066","3.75","United States"
"10744","Bahrain Family Leisure Company","FAMILY.BH","20209676","0.116711","Bahrain"
"10745","Beamr Imaging","BMR","20188810","1.3","Israel"
"10746","SM Wirtschaftsberatungs AG","SMWN.DE","20186136","5.18665","Germany"
"10747","Almaden Minerals","AAU","20102876","0.1465","Canada"
"10748","Evolva Holding SA","EVE.SW","20049418","2.78018","Switzerland"
"10749","YOC AG","YOC.DE","20012292","5.75648","Germany"
"10750","Passat SA","PSAT.PA","19993730","5.08455","France"
"10751","BoomBit","BBT.WA","19951335","1.44574","Poland"
"10752","Barfresh Food Group","BRFH","19895970","1.22","United States"
"10753","SPAR Group","SGRP","19878992","0.7","United States"
"10754","Biosynex","ALBIO.PA","19805894","1.07454","France"
"10755","Adial Pharmaceuticals","ADIL","19509132","6.65","United States"
"10756","Arizona Metals","AMC.TO","19488515","0.14147","Canada"
"10757","Lipocine","LPCN","19456436","2.36","United States"
"10758","T Stamp Inc. (TrustStamp)","IDAI","19342768","3.43","United States"
"10759","Offerpad","OPAD","19330996","4","United States"
"10760","Real Good Food plc","RGF","19309624","1.25","United Kingdom"
"10761","Omani Packaging Company","OPCI.OM","19208770","0.592208","Oman"
"10762","Ultimate Games","ULG.WA","19185155","3.66829","Poland"
"10763","SIMPPLE","SPPL","18985200","1.94","Singapore"
"10764","DF Deutsche Forfait AG","DFTK.DE","18593634","1.56414","Germany"
"10765","Witbe S.A.","ALWIT.PA","18490607","4.50052","France"
"10766","Primech Holdings","PMEC","18432950","0.4798","Singapore"
"10767","HeartSciences Inc.","HSCS","18384476","4.08","United States"
"10768","Teac Corporation","6803.T","18339849","0.636769","Japan"
"10769","Nymox Pharmaceutical","NYMX","18253022","0.2","Bahamas"
"10770","Tabuk Agricultural Development Company","6040.SR","18195819","2.37816","Saudi Arabia"
"10771","Energy Focus","EFOI","18152282","2.85","United States"
"10772","Forever Entertainment","8FE.SG","18029636","0.651239","Poland"
"10773","UBAR Hotels & Resorts SAOG","UBAR.OM","18005728","0.327273","Oman"
"10774","Lead Real Estate","LRE","17870890","1.31","Japan"
"10775","J-Long Group","JL","17755228","4.72","Hong Kong"
"10776","NJ Holdings","9421.T","17711166","3.34629","Japan"
"10777","DDC Enterprise","DDC","17563948","0.309","Hong Kong"
"10778","Netel Holding","NETEL.ST","17516309","0.361073","Sweden"
"10779","VIA optronics AG","VIAO","17465854","0.2231","Germany"
"10780","Burgundy Diamond Mines","BDM.AX","17453016","0.0122761","Australia"
"10781","Murano Global Investments","MRNO","17123606","0.2148","United Kingdom"
"10782","Game Your Game","GYGY","17054520","1.185","United States"
"10783","Avant Technologies Inc.","AVAI","16930822","0.11","United States"
"10784","AltPlus","3672.T","16929828","0.188432","Japan"
"10785","Techstep ASA","TECH.OL","16865556","0.483729","Norway"
"10786","Know Labs","KNW","16795408","2.24","United States"
"10787","PDS Biotechnology","PDSB","16791402","0.3","United States"
"10788","Camber Energy","CEI","16771320","0.0954","United States"
"10789","Starbreeze","STAR-B.ST","16758537","0.0101434","Sweden"
"10790","Austin Gold","AUST","16705462","1.22","United States"
"10791","Inspira Technologies","IINN","16560119","0.38","Israel"
"10792","Citius Pharmaceuticals","CTXR","16485268","0.6005","United States"
"10793","Games Operators","GOP.WA","16464629","2.99397","Poland"
"10794","SODITECH","ALSEC.PA","16351846","7.18688","France"
"10795","Tempest Therapeutics","TPST","16328058","0.9872","United States"
"10796","Dragonfly Energy","DFLI","16326896","1.09","United States"
"10797","Astrotech","ASTC","16017729","7.6","United States"
"10798","Smith Micro Software","SMSI","15875259","2.84","United States"
"10799","Mobcast","3664.T","15838127","0.155943","Japan"
"10800","Psychemedics","PMD","15738209","2.67","United States"
"10801","Cyclerion Therapeutics","CYCN","15729339","3.36","United States"
"10802","FORIS AG","FRS.DE","15726943","3.44226","Germany"
"10803","All in! Games","ALG.WA","15665282","0.20715","Poland"
"10804","Passage Bio","PASG","15606378","4.85","United States"
"10805","GigaMedia","GIGM","15583651","1.41","Taiwan"
"10806","Geratherm Medical","GME.DE","15545420","2.87243","Germany"
"10807","Forgame","0484.HK","15459501","0.0918295","China"
"10808","SUNation Energy Inc.","SUNE","15436065","2.37","United States"
"10809","Trigon Metals","TM.V","15430727","0.28169","Canada"
"10810","Atlas Critical Minerals","ATCX","15351675","3.02","Brazil"
"10811","uCloudlink Group","UCL","15347367","0.4029","Hong Kong"
"10812","National Biscuit Industries","NBII.OM","15327273","15.3273","Oman"
"10813","ESS Tech","GWH","15259821","0.3876","United States"
"10814","Dolphin Entertainment","DLPN","15239894","1.17","United States"
"10815","Neonode","NEON","15072744","0.8981","Sweden"
"10816","Synlogic","SYBX","15066209","1.23","United States"
"10817","EMB Mission Bound AB (publ)","EMB.ST","15064032","0.0507171","Sweden"
"10818","Pensonic Holdings Berhad","9997.KL","15009135","0.10106","Malaysia"
"10819","Mynet","3928.T","15006260","1.57243","Japan"
"10820","Halo Minerals PLC","HALO.L","14942430","0.134927","United Kingdom"
"10821","Scienture Holdings","SCNX","14935029","0.3637","United States"
"10822","Office Properties Income Trust","OPI","14795239","0.2","United States"
"10823","Turbo Energy","TURB","14781082","1.23","Spain"
"10824","Semilux International","SELX","14740593","0.34","Taiwan"
"10825","Muscat Insurance","MCTI.OM","14604607","1.32468","Oman"
"10826","FGI Industries","FGI","14581096","7.55","United States"
"10827","Adaptimmune Therapeutics","ADAP","14551333","0.0549","United Kingdom"
"10828","The Cannabist Company","CBSTF","14475953","0.0291","United States"
"10829","iCandy Interactive","ICI.AX","14449613","0.0112852","Australia"
"10830","FingerMotion","FNGR","14425213","0.1894","United States"
"10831","Quoin Pharmaceuticals","QNRX","14360189","7.15","United States"
"10832","The Glimpse Group","VRAR","14332026","0.68","United States"
"10833","Regentis Biomaterials","RGNT","14328799","2.04","Israel"
"10834","HOOKIPA Pharma","HOOK","14232977","1.15","United States"
"10835","Bionano Genomics","BNGO","14132401","1.2","United States"
"10836","KAP AG","IUR.F","14091636","1.81416","Germany"
"10837","Dare Bioscience","DARE","14024057","0.713","United States"
"10838","Scandinavian Enviro Systems","SES.ST","14000365","0.0125227","Sweden"
"10839","Natural Health Trends","NHTC","13981894","1.63","United States"
"10840","SOS Limited","SOS","13943904","0.7674","China"
"10841","CBL International","BANL","13660732","6.47","Malaysia"
"10842","Sunrise New Energy","EPOW","13628823","0.3519","China"
"10843","WonderPlanet","4199.T","13418542","5.26309","Japan"
"10844","Intensity Therapeutics","INTS","13353356","4.09","United States"
"10845","Le Slip Français","ALLSF.PA","13316230","12.4433","France"
"10846","WeTrade Group","WETG","13256907","5.05","China"
"10847","Aterian","ATER","13088894","0.7285","United States"
"10848","Future Retail","FRETAIL.NS","13041175","0.0240486","India"
"10849","AppTech Payments","APCX","13021220","0.31","United States"
"10850","SeaStar Medical","ICU","13000181","2.95","United States"
"10851","Flux Power","FLUX","12983796","0.6005","United States"
"10852","Thunderful Group","THUNDR.ST","12968314","0.0317955","Sweden"
"10853","Cyngn","CYN","12950664","0.8979","United States"
"10854","Maxeon Solar Technologies","MAXN","12857045","0.7593","Singapore"
"10855","Srei Infrastructure Finance","SREINFRA.NS","12675992","0.03","India"
"10856","Construction Materials Industries","CMII.OM","12662338","0.202597","Oman"
"10857","Arrive AI","ARAI","12621482","0.2433","United States"
"10858","Zwahlen &amp; Mayr SA","ZWM.SW","12605746","179.569","Switzerland"
"10859","BioLineRx","BLRX","12558886","2.59","Israel"
"10860","Clean Energy Technologies","CETY","12531089","1.03","United States"
"10861","Financial Services Company SAOG","FSCI.OM","12467533","0.623377","Oman"
"10862","Air Industries Group","AIRI","12466191","2.57","United States"
"10863","Gaming Corps","GCOR.ST","12324319","0.0847373","Sweden"
"10864","Bertelsmann SE & Co. KGaA","BTG.F","11990120","143.149","Germany"
"10865","Phio Pharmaceuticals","PHIO","11965768","1.03","United States"
"10866","Mixed Martial Arts Group Limited (MMA)","MMA","11899054","0.4493","Australia"
"10867","Lunai Bioworks","LNAI","11788114","2.6","United States"
"10868","Urgent.ly Inc.","ULY","11787284","5.38","United States"
"10869","AEON Biopharma","AEON","11722456","0.235","United States"
"10870","Jump Networks","JUMPNET.NS","11669324","0.12","India"
"10871","Guardforce AI","GFAI","11668903","0.3717","Singapore"
"10872","Alarum Technologies","ALAR","11611145","1.58","Israel"
"10873","Modern Dairies Limited","MODAIRY.BO","11598468","0.38636","India"
"10874","SINTX Technologies","SINT","11596289","1.74","United States"
"10875","Sohar Power Company SAOG","SHPS.OM","11532468","0.576623","Oman"
"10876","SolarMax Technology","SMXT","11428739","2.41","United States"
"10877","AS Amber Latvijas balzams","BAL1R.RG","11421025","1.52343","Latvia"
"10878","FibroBiologics","FBLG","11385510","1.71","United States"
"10879","Cambium Networks","CMBM","11325767","0.401","United States"
"10880","CISO Global","CISO","11244837","0.247","United States"
"10881","Muscat Thread Mill","MTMI.OM","11199037","0.605195","Oman"
"10882","Maris Tech","MTEK","11168572","1.0577","Israel"
"10883","U Power","UCAR","11141420","0.4328","China"
"10884","Sláturfélags Suðurlands","SFS-B.IC","11016720","0.020649","Iceland"
"10885","Natuzzi","NTZ","11014609","1","Italy"
"10886","KPS AG","KSC.DE","11007395","0.267473","Germany"
"10887","Digital Hollywood Interactive","2022.HK","10981554","0.00637705","China"
"10888","Reed's, Inc.","REED","10977291","0.9258","United States"
"10889","BrainStorm Cell Therapeutics","BCLI","10924427","0.99","United States"
"10890","VistaGen Therapeutics","VTGN","10801340","0.2434","United States"
"10891","Netmarble Joybomb","6468.TWO","10795915","0.94","Taiwan"
"10892","Muscat Gas Company","MGMC.OM","10753247","0.358442","Oman"
"10893","Biomerica","BMRA","10738185","2.34","United States"
"10894","Inuvo","INUV","10714001","0.65","United States"
"10895","Renegade Gold","RAGE.V","10610477","0.264804","Canada"
"10896","Phoenix Motor","PEV","10575262","0.23","United States"
"10897","Mainz Biomed","MYNZ","10564195","0.8441","Germany"
"10898","Aprea Therapeutics","APRE","10513598","0.835","United States"
"10899","Azitra","AZTR","10423844","0.172","United States"
"10900","KALA BIO","KALA","10402870","0.5379","United States"
"10901","Gaxos.ai","GXAI","10352722","0.7528","United States"
"10902","Upland Software","UPLD","10350168","3.5","United States"
"10903","CytoMed Therapeutics","GDTC","10294567","0.87","Singapore"
"10904","Asmallworld AG","ASWN.SW","10096037","0.698134","Switzerland"
"10905","Xenetic Biosciences","XBIO","10028815","4.28","United States"
"10906","Voltage","3639.T","10026701","1.53994","Japan"
"10907","La Rosa Holdings","LRHC","10019859","3.02","United States"
"10908","Ryvyl Inc.","RVYL","9994965","7.81","United States"
"10909","Cielo Waste Solutions","CMC.V","9939865","0.0471568","Canada"
"10910","Senti Biosciences","SNTI","9835514","0.3158","United States"
"10911","Rail Vision","RVSN","9759525","4.278","Israel"
"10912","Nacon","NACON.PA","9679980","0.0888475","France"
"10913","CR Energy","CRZK.DE","9678467","0.411676","Germany"
"10914","Yunji","YJ","9654059","1.96","China"
"10915","Superior Industries International","SUP","9576233","0.3249","United States"
"10916","enish","3667.T","9547574","0.175436","Japan"
"10917","Dhofar Beverages and Foodstuff Company","DBCI.OM","9454546","0.472727","Oman"
"10918","Carver Bancorp","CARV","9445493","1.62","United States"
"10919","reAlpha Tech","AIRE","9366517","1.56","United States"
"10920","Infinities Tech (Jiu Zun Digital)","1961.HK","9271692","0.0126266","China"
"10921","Ensysce Biosciences","ENSC","9203063","0.473","United States"
"10922","InterServ International","6169.TWO","9133741","0.390414","Taiwan"
"10923","Solo Brands","SBDS","9116435","3.55","United States"
"10924","Global Mofy AI","GMM","9110469","2.045","China"
"10925","Linekong Interactive","8267.HK","9095217","0.0246154","China"
"10926","Vivid Games","VVD.WA","9062601","0.163185","Poland"
"10927","GoHealth","GOCO","8937260","0.305","United States"
"10928","Bullfrog AI","BFRG","8937076","0.482","United States"
"10929","Trio Petroleum","TPET","8902720","1.81","United States"
"10930","Groupe Airwell","ALAIR.PA","8853717","1.4711","France"
"10931","Wellgistics Health","WGRX","8847256","3.52","United States"
"10932","AMASS Brands Inc.","AMSS","8831466","0.761","United States"
"10933","Rocky Mountain Chocolate Factory","RMCF","8695747","0.9212","United States"
"10934","CCSC Technology International Holdings","CCTG","8670948","0.6385","Hong Kong"
"10935","Gauzy","GAUZ","8661740","0.3768","United States"
"10936","Imunon","IMNN","8641560","1.54","United States"
"10937","Al Madina Investment Holding Co. SAOG","AMII.OM","8620000","0.2","Oman"
"10938","Northann Corp","NCL","8543560","0.159","United States"
"10939","SeaChange International","SEAC","8398952","3.25","United States"
"10940","DSS, Inc. (Document Security Systems)","DSS","8335290","0.83","United States"
"10941","Groupe OKwind","ALOKW.PA","8325059","0.302361","France"
"10942","Skye Bioscience","SKYE","8324031","1.88","United States"
"10943","Trinseo","TSE","8278525","0.23","United States"
"10944","Soligenix","SNGX","8225175","0.3779","United States"
"10945","AIM ImmunoTech","AIM","8156183","0.2297","United States"
"10946","Global Interactive Technologies","GITS","8009773","2.18","South Korea"
"10947","enVVeno Medical Corporation","NVNO","7983550","11.49","United States"
"10948","Novaturas AB","NTU1L.VS","7842042","1.01175","Lithuania"
"10949","Vislink Technologies","VISL","7835176","3.16","United States"
"10950","Co-Diagnostics","CODX","7819077","1.12","United States"
"10951","Versus Systems","VS","7703681","1.24","Canada"
"10952","Superior Resources","SPQ.AX","7627588","0.0028885","Australia"
"10953","HydrogenPro ASA","HYPRO.OL","7572815","0.0548805","Norway"
"10954","HomeBiogas","HMGS.TA","7544480","0.266247","Israel"
"10955","AlphaTON Capital Corp","ATON","7499068","0.32","British Virgin Islands"
"10956","Innovative Eyewear","LUCY","7469338","0.8676","United States"
"10957","Signing Day Sports","SGN","7408163","0.5401","United States"
"10958","Aurora Energy Metals","1AE.AX","7370475","0.0411612","Australia"
"10959","Trinity Biotech","TRIB","7366976","9.06","Ireland"
"10960","AS Latvijas Juras medicinas centrs","LJM1R.RG","7335998","9.17","Latvia"
"10961","hGears AG","HGEA.DE","7317130","0.70357","Germany"
"10962","CS Diagnostics","CSDX","7249773","0.029","Germany"
"10963","Gelteq Limited","GELS","7242818","0.6762","Australia"
"10964","Astro Corporation","3064.TWO","7082915","0.544358","Taiwan"
"10965","authID","AUID","7082735","0.4236","United States"
"10966","Polar Resources AS","POLAR.OL","7049113","0.494575","Norway"
"10967","Maisons du Monde","MDM.PA","7006286","0.18163","France"
"10968","Gaming Factory","GIF.WA","6983507","1.14904","Poland"
"10969","GreenPower Motor Company","GP","6954316","0.791","Canada"
"10970","American Uranium Limited","AMU.AX","6867118","0.0527152","Australia"
"10971","Super League Enterprise","SLE","6831334","4.03","United States"
"10972","OLB Group","OLB","6562349","0.2732","United States"
"10973","Al Khazna Insurance","AKIC.AE","6481481","0.06","United Arab Emirates"
"10974","Sonoma Pharmaceuticals","SNOA","6368605","1.33","United States"
"10975","Magic Empire Global (Giraffe Capital)","MEGL","6330062","1.25","Hong Kong"
"10976","Mangoceuticals","MGRX","6294465","0.411","United States"
"10977","VolitionRx","VNRX","6280838","0.3323","United States"
"10978","AHT Syngas Technology","3SQ1.DE","6244755","2.34911","Germany"
"10979","TPI Composites","TPIC","6193621","0.1271","United States"
"10980","Reborn Coffee","REBN","6119024","0.745","United States"
"10981","SaverOne 2014","SVRE","6080577","2.58","Israel"
"10982","Bakhu Holdings","BKUH","6026059","0.02","United States"
"10983","Don't Nod Entertainment","ALDNE.PA","5984090","0.461682","France"
"10984","Nordic Fibreboard AS","SKN1T.TL","5979686","0.70357","Estonia"
"10985","zSpace","ZSPC","5930864","0.16","United States"
"10986","Perfect Moment","PMNT","5852278","0.11","United Kingdom"
"10987","Orangekloud Technology","ORKT","5839770","1","Singapore"
"10988","NuCana","NCNA","5826759","1.4","United Kingdom"
"10989","AquaBounty Technologies","AQB","5816340","1.13","United States"
"10990","Cyabra, Inc.","CYAB","5740165","0.3262","United States"
"10991","Sonendo","SONX","5717974","1.2","United States"
"10992","Eduform'action","ALEFA.PA","5697402","0.290731","France"
"10993","Nitro Games","NITRO.ST","5618189","0.22541","Finland"
"10994","cbdMD","YCBD","5599161","0.4997","United States"
"10995","Locafy","LCFY","5522250","2.46","Australia"
"10996","Polar Power","POLA","5475033","1.3","United States"
"10997","Treasure Global","TGL","5453981","2.79","Malaysia"
"10998","CaliberCos","CWD","5445712","0.5244","United States"
"10999","Reitar Logtech Holdings","RITR","5438850","0.0871","Hong Kong"
"11000","Oncodesign Precision Medicine","ALOPM.PA","5432619","0.284917","France"
"11001","bioAffinity Technologies","BIAF","5364572","8.93","United States"
"11002","Golden Minerals","AUMN","5293870","0.2339","United States"
"11003","Expion360","XPON","5290210","5.55","United States"
"11004","Phaos Technology Holdings","POAS","5240952","0.166","Singapore"
"11005","Origin Materials","ORGN","5228483","0.9501","United States"
"11006","Hepion Pharmaceuticals","HEPA","5210166","0.05775","United States"
"11007","Omani Euro Food Industries","OEFI.OM","5194805","2.5974","Oman"
"11008","Talis Biomedical","TLIS","5176808","2.84","United States"
"11009","Lakewood-Amedex Biotherapeutics","LABT","5165920","2.18","United States"
"11010","Nauticus Robotics","KITT","5139961","0.6879","United States"
"11011","Pulmatrix","PULM","5094937","1.395","United States"
"11012","Leslie's","LESL","5066722","0.541","United States"
"11013","Moolec Science","MLEC","5031997","6.93","Luxembourg"
"11014","Predilife","ALPRE.PA","4994938","1.26759","France"
"11015","Brüder Mannesmann AG","BMM.F","4971508","1.10478","Germany"
"11016","Webuy Global","WBUY","4960399","0.905","Singapore"
"11017","Can Fite Biopharma","CANF","4906432","2.29","Israel"
"11018","DigiAsia Corp","FAAS","4897831","0.0807","Indonesia"
"11019","East Side Games","EAGR.TO","4896909","0.0471568","Canada"
"11020","Eterna Therapeutics","ERNA","4886935","4.19","United States"
"11021","Vertex Energy","VTNR","4872095","0.0521","United States"
"11022","EZGO Technologies","EZGO","4776901","0.9003","China"
"11023","Socket Mobile","SCKT","4754450","0.5734","United States"
"11024","ManyDev Studio","MAN.WA","4751946","0.166152","Poland"
"11025","Big Cheese Studio","BCS.WA","4684352","1.13285","Poland"
"11026","Addex Therapeutics","ADXN","4683623","3.7","Switzerland"
"11027","Sonim Technologies","SONM","4658895","3.13","United States"
"11028","Kidpik","PIK","4644903","2.38","United States"
"11029","Foresight Autonomous Holdings","FRSX","4621688","1.12","Israel"
"11030","Fragbite Group","FRAG.ST","4551606","0.563524","Sweden"
"11031","Mallinckrodt Pharmaceuticals","MNK","4520986","0.3402","United Kingdom"
"11032","Hydrofarm","HYFM","4459319","0.9253","United States"
"11033","Utenos Trikotazas AB","UTR1L.VS","4420514","0.46517","Lithuania"
"11034","Farmmi","FAMI","4380240","0.117","China"
"11035","Bark, Inc.","BARK","4377870","0.5066","United States"
"11036","Cemtrex","CETX","4354486","2.53","United States"
"11037","Boxlight","BOXL","4319936","5.88","United States"
"11038","Cadrenal Therapeutics","CVKD","4281110","1.2","United States"
"11039","CASI Pharmaceuticals","CASI","4263766","0.2075","United States"
"11040","QVC Group","QVCGA","4255453","0.34","United States"
"11041","Addentax Group","ATXG","4246478","3.6049","China"
"11042","Ohmyhome","OMH","4221720","2.5","Singapore"
"11043","Qiiwi Games","QIIWI.ST","4218109","0.456037","Sweden"
"11044","Focus Universal","FCUV","4153222","5.91","United States"
"11045","Gameone","8282.HK","4143805","0.0726983","Hong Kong"
"11046","BioNexus Gene Lab","BGLC","4106818","1.4","Malaysia"
"11047","SurgePays","SURG","4094869","0.163","United States"
"11048","Top Ships","TOPS","4093631","0.7387","Greece"
"11049","Galmed Pharmaceuticals","GLMD","4085995","3.825","Israel"
"11050","Cloudastructure","CSAI","4042419","4.66","United States"
"11051","Tivic Health Systems","TIVC","4029097","1.4","United States"
"11052","HUB Cyber Security","HUBC","4017328","0.66","Israel"
"11053","iSpecimen","ISPC","4004558","1.59","United States"
"11054","Alaunos Therapeutics","TCRT","3988553","1.57","United States"
"11055","Sabre Resources","SBR.AX","3962141","0.00433276","Australia"
"11056","Redhill Biopharma","RDHL","3952597","0.65","Israel"
"11057","Cheetah Net Supply Chain Service","CTNT","3949238","1.25","United States"
"11058","VERSES AI","VERS.NE","3949011","0.275686","Canada"
"11059","PunkPirates","PUN.WA","3942991","0.13","Poland"
"11060","Netcapital","NCPL","3935721","0.5015","United States"
"11061","PMGC Holdings","ELAB","3926458","4.85","United States"
"11062","Masonglory","MSGY","3921306","1.85","Hong Kong"
"11063","Veganz Group","VEZ.DE","3912645","1.68624","Germany"
"11064","Mynaric","M0YN.DE","3874750","0.613256","Germany"
"11065","Gulf International Chemicals","GICI.OM","3872727","0.184416","Oman"
"11066","Auric Minerals","AUMC.CN","3870590","0.065294","Canada"
"11067","BIO-key International","BKYI","3835038","2.67","United States"
"11068","VivoSim Labs","VIVS","3772185","0.2817","United States"
"11069","Titan Medical","TMD.TO","3724444","0.0326591","Canada"
"11070","Avalon GloboCare","ALBT","3707637","0.282","United States"
"11071","IO Biotech","IOBT","3453544","0.048","Denmark"
"11072","Unity Biotechnology","UBX","3444161","0.2001","United States"
"11073","iPower","IPW","3385153","1.79","United States"
"11074","Beyond Air","XAIR","3327295","3.38","United States"
"11075","PainReform","PRFX","3306691","0.945","Israel"
"11076","Eagle Pharmaceuticals","EGRX","3289388","0.25","United States"
"11077","Wolverine Energy and Infrastructure","WEII.V","3274071","0.03","Canada"
"11078","ShiftPixy","PIXY","3265294","6.53","United States"
"11079","Forza X1","FRZA","3150960","0.2","United States"
"11080","Fly-E Group","FLYE","3117857","1.91","United States"
"11081","Atlantic Sapphire","ASA.OL","3110970","0.0867676","Norway"
"11082","Curis","CRIS","3079849","1.27","United States"
"11083","KMC Properties","KMCP.OL","3028471","2.49568","Norway"
"11084","Advent Technologies","ADN","3023365","0.9185","United States"
"11085","Xiao-I","AIXI","3001116","3.26","China"
"11086","ATI Physical Therapy","ATIP","2977762","0.675","United States"
"11087","Affimed","AFMD","2975202","0.1815","Germany"
"11088","BigBen Interactive","BIG.PA","2952458","0.159321","France"
"11089","AS Trigon Property Development","TPD1T.TL","2929962","0.651239","Estonia"
"11090","Genprex","GNPX","2901769","3.54","United States"
"11091","Sleep Number","SNBR","2881125","0.125","United States"
"11092","Marin Software","MRIN","2863609","0.8981","United States"
"11093","Vaccinex","VCNX","2837235","1.06","United States"
"11094","Inotiv","NOTV","2787563","0.0799","United States"
"11095","Edible Garden","EDBL","2771142","1.42","United States"
"11096","Réalités","ALREA.PA","2760640","0.581463","France"
"11097","The Payments Group Holding","PGH.DE","2717758","0.2384","Germany"
"11098","PREIT (Pennsylvania Real Estate Investment Trust)","PRET","2690436","0.4974","United States"
"11099","Xilio Therapeutics","XLO","2676465","0.5101","United States"
"11100","Matinas BioPharma","MTNB","2674088","0.182","United States"
"11101","DataMEDS AI","MEDS","2667237","0.8711","United States"
"11102","Staffing 360 Solutions","STAF","2654640","1.615","United States"
"11103","AS Siguldas Ciltslietu Un Maksligas Apseklosanas Stacija","SCM1R.RG","2654073","6.28272","Latvia"
"11104","Onfolio Holdings","ONFO","2648929","1.08","United States"
"11105","VS Media","VSME","2642577","0.9557","Hong Kong"
"11106","MindMaze Therapeutics","V6M.F","2554183","0.19886","Switzerland"
"11107","Nuwellis","NUWE","2501370","0.7878","United States"
"11108","Cherry SE","C3RY.DE","2468939","0.40641","Germany"
"11109","SOBR Safe","SOBR","2465187","0.4576","United States"
"11110","Globavend","GVH","2439626","1.01","Australia"
"11111","Golden Sun Education Group","GSUN","2439021","0.2432","China"
"11112","AS PRFoods","PRF1T.TL","2436524","0.0646587","Estonia"
"11113","LM Funding America","LMFA","2430118","2.6","United States"
"11114","Vivakor","VIVK","2426104","0.8862","United States"
"11115","Erayak Power Solution","RAYA","2373097","2.25","China"
"11116","Oragenics","OGEN","2356595","0.5223","United States"
"11117","Propanc Biopharma","PPCB","2346722","1.03","Australia"
"11118","National Aluminium Products Company SAOG","NAPI.OM","2337668","0.272727","Oman"
"11119","Alligator Bioscience AB","ATORX.ST","2315744","0.00250455","Sweden"
"11120","BioXcel Therapeutics","BTAI","2313476","0.0739","United States"
"11121","Agape ATP","ATPC","2311446","2.31","Malaysia"
"11122","Videndum Plc","VID.L","2271782","4.38517","United Kingdom"
"11123","Longeveron","LGVN","2242259","0.7033","United States"
"11124","REE Automotive","REE","2239673","0.0769","Israel"
"11125","Sow Good","SOWG","2203871","0.1099","United States"
"11126","Clearside Biomedical","CLSD","2145948","0.41","United States"
"11127","Jaguar Health","JAGX","2140710","0.4142","United States"
"11128","Jianzhi Education Technology Group","JZ","2117148","0.8791","China"
"11129","BioAtla","BCAB","2099286","1.26","United States"
"11130","Virax Biolabs","VRAX","2096078","2.63","United Kingdom"
"11131","Blue Hat Interactive Entertainment Technology","BHAT","2091312","0.675","China"
"11132","Trinity Place Holdings","TPHS","2047465","0.031","United States"
"11133","Playgon Games","DEAL.V","2044607","0.00362745","Canada"
"11134","Jeffs' Brands","JFBR","2011480","3.08","Israel"
"11135","Incannex Healthcare","IXHL","1994700","0.167","Australia"
"11136","KMD Brands","KMD.NZ","1965548","0.0414161","New Zealand"
"11137","Cutera","CUTR","1956013","0.0969","United States"
"11138","Greenlane Holdings, Inc.","GNLN","1930832","2.78","United States"
"11139","Jet.AI","JTAI","1890889","1.33","United States"
"11140","Kaixin Holdings","KXIN","1885288","1.14","China"
"11141","Futura Medical","FUM.L","1881345","0.00323629","United Kingdom"
"11142","Airesis SA","AIRE.SW","1849868","0.0298641","Switzerland"
"11143","NEXT Biometrics Group ASA","NEXT.OL","1815204","0.0292841","Norway"
"11144","Cue Biopharma","CUE","1804119","0.5542","United States"
"11145","G Medical Innovations","GMVD","1776616","0.181","Israel"
"11146","Akanda","AKAN","1773958","3.28","United Kingdom"
"11147","Mobile-health Network Solutions","MNDR","1744025","1.46","Singapore"
"11148","VIP Gloves","VIP.AX","1704465","0.00216638","Malaysia"
"11149","Sonder Holdings","SOND","1680861","0.1263","United States"
"11150","Traeger","COOK","1642351","0.5983","United States"
"11151","22nd Century Group","XXII","1635046","2.29","United States"
"11152","CorEnergy Infrastructure Trust","CORR","1627350","0.0198","United States"
"11153","Iterum Therapeutics","ITRM","1598747","0.03","Ireland"
"11154","Lazydays Holdings","GORV","1573084","0.4211","United States"
"11155","Direct Digital Holdings","DRCT","1565317","1.95","United States"
"11156","Integrated Media Technology Limited","IMTE","1564681","0.454","Australia"
"11157","Benson Hill","BHIL","1522391","0.249","United States"
"11158","Lucas GC","LGCL","1501943","0.0351","China"
"11159","Wheeler Real Estate Investment Trust","WHLR","1444761","0.3869","United States"
"11160","Maison Solutions","MSS","1384157","1.59","United States"
"11161","Davis Commodities","DTCK","1368533","1","Singapore"
"11162","Maximum Entertainment","8R7.F","1355170","0.0265147","Sweden"
"11163","MEP Infrastructure","MEP.NS","1335096","0.00727787","India"
"11164","Aethlon Medical","AEMD","1287156","1.81","United States"
"11165","Allurion Technologies","ALUR","1280533","1.28","United States"
"11166","Vaxxinity","VAXX","1267846","0.01","United States"
"11167","Argo Blockchain","ARBK","1265863","3.79","United Kingdom"
"11168","Purple Innovation","PRPL","1261071","0.2897","United States"
"11169","Haoxi Health Technology","HAO","1248489","3.41","China"
"11170","Synergy CHC","SNYR","1239670","0.0832","United States"
"11171","IM Cannabis","IMCC","1183685","1.96","Israel"
"11172","Actelis Networks","ASNS","1159270","0.0402","United States"
"11173","Starbox Group","STBX","1135952","2.11","Malaysia"
"11174","Altamira Therapeutics","CYTO","1133556","0.3","Bermuda"
"11175","Arcadia Biosciences","RKDA","1132570","0.4701","United States"
"11176","VCI Global","VCIG","1114189","1.8","Malaysia"
"11177","Cytosorbents","CTSO","1100062","0.3501","United States"
"11178","Solar Integrated Roofing","SIRC","1097545","0.0001","United States"
"11179","Danimer Scientific","DNMR","1056961","0.35","United States"
"11180","LMP Automotive Holdings","LMPX","1036332","0.095","United States"
"11181","Evofem Biosciences","EVFM","940963","0.0071","United States"
"11182","BNB Plus Corp.","BNBX","929583","0.15","United States"
"11183","Lucy Scientific Discovery","LSDI","906910","0.5139","Canada"
"11184","Quince Therapeutics","QNCX","900311","0.9206","United States"
"11185","Aker Horizons","AKH.OL","898279","0.0013012","Norway"
"11186","Solid Clouds","SOLID.IC","832044","0.00116038","Iceland"
"11187","Kuuhubb","KUU.V","712506","0.01","Canada"
"11188","Yellow Corporation","YELLQ","693890","0.0102","United States"
"11189","EUDA Health","EUDA","692066","0.3661","Singapore"
"11190","Tapinator","TAPM","673183","0.247","United States"
"11191","Tevogen Bio","TVGN","627896","0.1551","United States"
"11192","Greene Concepts","INKW","624971","0.0098","United States"
"11193","Playground Ventures","PLAY.CN","612617","0.00725489","Canada"
"11194","Sozap","SOZAP.ST","602380","0.0270876","Sweden"
"11195","OceanPal","SVRN","600425","0.3501","Greece"
"11196","Lifeward","LFWD","583724","0.3829","Israel"
"11197","Freight Technologies, Inc.","FRGT","583567","1.02","United States"
"11198","T-Bull","TBL.WA","573728","0.482812","Poland"
"11199","Alkaline Water Company","WTER","573322","0.0161","United States"
"11200","Aptorum Group","APM","570062","0.7","Hong Kong"
"11201","Baosheng Media Group","BAOS","497327","0.3241","China"
"11202","Kaival Brands Innovations","KAVL","480570","0.0246","United States"
"11203","Ayr Wellness","AYRWF","432062","0.0037","United States"
"11204","Ontrak","OTRK","425780","0.0601","United States"
"11205","Global Bioenergies","ALGBE.PA","396471","0.0218702","France"
"11206","FBR Limited","FBR.AX","389553","0.00279642","Australia"
"11207","Viracta Therapeutics","VIRX","388698","0.00978","United States"
"11208","Impac Mortgage Holdings","IMPM","365688","0.01","United States"
"11209","Lyra Therapeutics","LYRA","354976","0.2","United States"
"11210","VYNE Therapeutics","VYNE","339859","0.509","United States"
"11211","ATARI","ALATA.PA","336738","0.120426","France"
"11212","NantHealth","NHIQ","329655","0.012","United States"
"11213","GAME HOURS","6626.TWO","285836","0.0972769","Taiwan"
"11214","Vicarious Surgical","RBOT","277409","0.0389","United States"
"11215","ProPhase Labs","PRPH","266632","0.0171","United States"
"11216","Petros Pharmaceuticals","PTPI","233047","0.0055","United States"
"11217","Leafly Holdings","LFLY","232138","37","United States"
"11218","Aker Carbon Capture","ACC.OL","212397","0.00035151","Norway"
"11219","Trulite","TRUL","212013","0.0001","United States"
"11220","Ampio Pharmaceuticals","AMPE","207884","0.1831","United States"
"11221","Fintech Scion (FintechCashier)","FINR","198743","0.001","United Kingdom"
"11222","CXApp","CXAI","194174","0.089","United States"
"11223","Meyer Burger Technology","MBTN.SW","192618","0.00608813","Switzerland"
"11224","BloomZ","BLMZ","187531","0.128","United States"
"11225","Ocean Biomedical","OCEA","185892","0.0008","United States"
"11226","Wearable Health Solutions","WHSI","182670","0.0001","United States"
"11227","Faraday Future","FFAI","174605","0.0717","United States"
"11228","Hallmark Financial Services","HALL","145478","0.08","United States"
"11229","Esports Entertainment","GMBL","120328","0.105","Malta"
"11230","Cenntro Inc.","CENN","113554","0.0775","United States"
"11231","Loop Media","LPTV","103383","0.0007","United States"
"11232","Novo Integrated Sciences","NVOS","76947","0.0039","United States"
"11233","Vincerx Pharma","VINC","68045","0.013","United States"
"11234","PaxMedica","PXMD","63132","0.0005","United States"
"11235","Exela Technologies","XELA","55502","0.002","United States"
"11236","Epiminder","EPI.AX","52809","0.243728","Australia"
"11237","ToughBuilt Industries","TBLT","47699","0.011","United States"
"11238","AiRWA Inc.","YYAI","44196","0.839","United States"
"11239","Presto Automation","PRST","41851","0.0001","United States"
"11240","Vinco Ventures","BBIG","41600","0.0032","United States"
"11241","Compleo Charging Solutions","C0M.F","38322","0.00755902","Germany"
"11242","Adler Group","ADJ.DE","34993","0.000230787","Luxembourg"
"11243","Carisma Therapeutics","CARM","29291","0.0007","United States"
"11244","T2 Biosystems","TTOO","28045","0.001","United States"
"11245","Gaming Technologies (Gametech)","GMGT","27420","0.0006","United States"
"11246","Remark Holdings","MARK","24760","0.0004","United States"
"11247","Gamer Pakistan","GPAK","15347","0.0006","United States"
"11248","Mobile Global Esports (Mogo)","MGAM","15091","0.0002","United States"
"11249","iEntertainment Network","IENT","13087","0.0001","United States"
"11250","Syros Pharmaceuticals","SYRS","10732","0.0004","United States"
"11251","Movella","MVLA","10181","0.0002","United States"
"11252","Trevena","TRVN","9501","0.011","United States"
"11253","4Front Ventures","FFNTF","9152","1.0E-5","United States"
"11254","Triterras","TRIRF","7652","0.0001","Singapore"
"11255","Adamas One","JEWL","7609","0.0002","United States"
"11256","Freeze Tag","FRZT","7505","0.0001","United States"
"11257","USD Partners","USDP","6754","0.0002","United States"
"11258","Stryve Foods","SNAX","4792","0.0011","United States"
"11259","eFFECTOR Therapeutics","EFTR","3763","0.0008","United States"
"11260","Virtual Interactive Technologies","VRVR","2475","0.0003","Bermuda"
"11261","Lipella Pharmaceuticals","LIPO","2310","0.0005","United States"
"11262","Viveve Medical","VIVE","2144","0.0002","United States"
"11263","Telesis Bio","TBIO","1775","0.001","United States"
"11264","Calithera Biosciences","CALA","1461","0.0003","United States"
"11265","Hempacco","HPCO","1184","0.0002","United States"
"11266","Grom Social Enterprises","GROM","902","0.0001","United States"
"11267","Minerva Surgical","UTRS","887","0.0001","United States"
"11268","Lightning eMotors","ZEVY","659","0.0001","United States"
"11269","Hogy Medical","3593.T","123","41.0184","Japan"
"11270","Star Micronics","7718.T","70","14.0138","Japan"
"11271","Qiwi","QIWI.ME","0","2.56","Cyprus"
"11272","Rosseti","RSTI.ME","0","0","Russia"
"11273","X5 Retail Group","FIVE.ME","0","32.42","Netherlands"
"11274","Pollux Properti Indonesia","POLL.JK","0","0.00690974","Indonesia"
"11275","Tunas Ridean","TURI.JK","0","0.1","Indonesia"
"11276","Agility Global","AGILITY.AE","0","0","United Arab Emirates"
"11277","Amlak Finance","AMLAK.AE","0","0","United Arab Emirates"
"11278","Drake and Scull International","DSI.AE","0","0","United Arab Emirates"
"11279","Dubai Islamic Insurance &amp; Reinsurance","AMAN.AE","0","0","United Arab Emirates"
"11280","Air Arabia","AIRARABIA.AE","0","0","United Arab Emirates"
"11281","Aramex","ARMX.AE","0","0","United Arab Emirates"
"11282","Dubai Taxi Company","DTC.AE","0","0","United Arab Emirates"
"11283","Emirates Central Cooling Systems","EMPOWER.AE","0","0","United Arab Emirates"
"11284","Ajman Bank","AJMANBANK.AE","0","0","United Arab Emirates"
"11285","Al Ansari Financial Services","ALANSARI.AE","0","0","United Arab Emirates"
"11286","Watania International","WATANIA.AE","0","0","United Arab Emirates"
"11287","Carasent ASA","CARA.OL","0","1.57626","Norway"
"11288","Sultan Center Food Products Company","SULTAN.KW","0","0","Kuwait"
"11289","Lassila &amp; Tikanoja Oyj","LAT1V.HE","0","9.3635","Finland"
"11290","Greenthesis S.p.A.","GTH.MI","0","2.48305","Italy"
"11291","Eckoh plc","ECK.L","0","56.8248","United Kingdom"
"11292","Anexo Group Plc","ANX.L","0","80.3296","United Kingdom"
"11293","Yaoko Co.,Ltd.","8279.T","0","65.9184","Japan"
"11294","Bank of Japan","8301.T","0","194.493","Japan"
"11295","Saluda Medical","SLD.AX","0","0","United States"
"11296","Valiant Gold","VAL.AX","0","0","Australia"
"11297","Pershing Square USA","PSUS","0","0","United States"
"11298","Giunti Psychometrics","GPSYDD.MI","0","0","Italy"
"11299","Advasa Holdings","ADBT","0","0","Japan"
